location_id,location_name,latitude,longitude,timestamp_utc,parameter,value,unit,source
5de808f0-3920-4ca4-9414-6e5b84bd650b,Central Station,21.2514,81.6296,2026-03-13T00:00,PM2.5,64.7,ug/m3,open-meteo-cams
5de808f0-3920-4ca4-9414-6e5b84bd650b,Central Station,21.2514,81.6296,2026-03-13T00:00,NO2,39.4,ug/m3,open-meteo-cams
5de808f0-3920-4ca4-9414-6e5b84bd650b,Central Station,21.2514,81.6296,2026-03-13T00:00,SO2,9.3,ug/m3,open-meteo-cams
5de808f0-3920-4ca4-9414-6e5b84bd650b,Central Station,21.2514,81.6296,2026-03-13T01:00,PM2.5,72.6,ug/m3,open-meteo-cams
5de808f0-3920-4ca4-9414-6e5b84bd650b,Central Station,21.2514,81.6296,2026-03-13T01:00,NO2,43.2,ug/m3,open-meteo-cams
5de808f0-3920-4ca4-9414-6e5b84bd650b,Central Station,21.2514,81.6296,2026-03-13T01:00,SO2,10.7,ug/m3,open-meteo-cams
5de808f0-3920-4ca4-9414-6e5b84bd650b,Central Station,21.2514,81.6296,2026-03-13T02:00,PM2.5,78.7,ug/m3,open-meteo-cams
5de808f0-3920-4ca4-9414-6e5b84bd650b,Central Station,21.2514,81.6296,2026-03-13T02:00,NO2,48.0,ug/m3,open-meteo-cams
5de808f0-3920-4ca4-9414-6e5b84bd650b,Central Station,21.2514,81.6296,2026-03-13T02:00,SO2,12.6,ug/m3,open-meteo-cams
5de808f0-3920-4ca4-9414-6e5b84bd650b,Central Station,21.2514,81.6296,2026-03-13T03:00,PM2.5,73.8,ug/m3,open-meteo-cams
5de808f0-3920-4ca4-9414-6e5b84bd650b,Central Station,21.2514,81.6296,2026-03-13T03:00,NO2,47.9,ug/m3,open-meteo-cams
5de808f0-3920-4ca4-9414-6e5b84bd650b,Central Station,21.2514,81.6296,2026-03-13T03:00,SO2,13.9,ug/m3,open-meteo-cams
5de808f0-3920-4ca4-9414-6e5b84bd650b,Central Station,21.2514,81.6296,2026-03-13T04:00,PM2.5,68.9,ug/m3,open-meteo-cams
5de808f0-3920-4ca4-9414-6e5b84bd650b,Central Station,21.2514,81.6296,2026-03-13T04:00,NO2,38.1,ug/m3,open-meteo-cams
5de808f0-3920-4ca4-9414-6e5b84bd650b,Central Station,21.2514,81.6296,2026-03-13T04:00,SO2,14.0,ug/m3,open-meteo-cams
5de808f0-3920-4ca4-9414-6e5b84bd650b,Central Station,21.2514,81.6296,2026-03-13T05:00,PM2.5,46.1,ug/m3,open-meteo-cams
5de808f0-3920-4ca4-9414-6e5b84bd650b,Central Station,21.2514,81.6296,2026-03-13T05:00,NO2,23.4,ug/m3,open-meteo-cams
5de808f0-3920-4ca4-9414-6e5b84bd650b,Central Station,21.2514,81.6296,2026-03-13T05:00,SO2,13.4,ug/m3,open-meteo-cams
5de808f0-3920-4ca4-9414-6e5b84bd650b,Central Station,21.2514,81.6296,2026-03-13T06:00,PM2.5,25.9,ug/m3,open-meteo-cams
5de808f0-3920-4ca4-9414-6e5b84bd650b,Central Station,21.2514,81.6296,2026-03-13T06:00,NO2,12.2,ug/m3,open-meteo-cams
5de808f0-3920-4ca4-9414-6e5b84bd650b,Central Station,21.2514,81.6296,2026-03-13T06:00,SO2,12.6,ug/m3,open-meteo-cams
5de808f0-3920-4ca4-9414-6e5b84bd650b,Central Station,21.2514,81.6296,2026-03-13T07:00,PM2.5,21.5,ug/m3,open-meteo-cams
5de808f0-3920-4ca4-9414-6e5b84bd650b,Central Station,21.2514,81.6296,2026-03-13T07:00,NO2,8.0,ug/m3,open-meteo-cams
5de808f0-3920-4ca4-9414-6e5b84bd650b,Central Station,21.2514,81.6296,2026-03-13T07:00,SO2,11.3,ug/m3,open-meteo-cams
5de808f0-3920-4ca4-9414-6e5b84bd650b,Central Station,21.2514,81.6296,2026-03-13T08:00,PM2.5,21.0,ug/m3,open-meteo-cams
5de808f0-3920-4ca4-9414-6e5b84bd650b,Central Station,21.2514,81.6296,2026-03-13T08:00,NO2,7.4,ug/m3,open-meteo-cams
5de808f0-3920-4ca4-9414-6e5b84bd650b,Central Station,21.2514,81.6296,2026-03-13T08:00,SO2,9.8,ug/m3,open-meteo-cams
5de808f0-3920-4ca4-9414-6e5b84bd650b,Central Station,21.2514,81.6296,2026-03-13T09:00,PM2.5,21.1,ug/m3,open-meteo-cams
5de808f0-3920-4ca4-9414-6e5b84bd650b,Central Station,21.2514,81.6296,2026-03-13T09:00,NO2,8.5,ug/m3,open-meteo-cams
5de808f0-3920-4ca4-9414-6e5b84bd650b,Central Station,21.2514,81.6296,2026-03-13T09:00,SO2,8.7,ug/m3,open-meteo-cams
5de808f0-3920-4ca4-9414-6e5b84bd650b,Central Station,21.2514,81.6296,2026-03-13T10:00,PM2.5,21.1,ug/m3,open-meteo-cams
5de808f0-3920-4ca4-9414-6e5b84bd650b,Central Station,21.2514,81.6296,2026-03-13T10:00,NO2,11.5,ug/m3,open-meteo-cams
5de808f0-3920-4ca4-9414-6e5b84bd650b,Central Station,21.2514,81.6296,2026-03-13T10:00,SO2,8.4,ug/m3,open-meteo-cams
5de808f0-3920-4ca4-9414-6e5b84bd650b,Central Station,21.2514,81.6296,2026-03-13T11:00,PM2.5,21.4,ug/m3,open-meteo-cams
5de808f0-3920-4ca4-9414-6e5b84bd650b,Central Station,21.2514,81.6296,2026-03-13T11:00,NO2,16.2,ug/m3,open-meteo-cams
5de808f0-3920-4ca4-9414-6e5b84bd650b,Central Station,21.2514,81.6296,2026-03-13T11:00,SO2,8.5,ug/m3,open-meteo-cams
5de808f0-3920-4ca4-9414-6e5b84bd650b,Central Station,21.2514,81.6296,2026-03-13T12:00,PM2.5,29.5,ug/m3,open-meteo-cams
5de808f0-3920-4ca4-9414-6e5b84bd650b,Central Station,21.2514,81.6296,2026-03-13T12:00,NO2,20.2,ug/m3,open-meteo-cams
5de808f0-3920-4ca4-9414-6e5b84bd650b,Central Station,21.2514,81.6296,2026-03-13T12:00,SO2,8.9,ug/m3,open-meteo-cams
5de808f0-3920-4ca4-9414-6e5b84bd650b,Central Station,21.2514,81.6296,2026-03-13T13:00,PM2.5,42.5,ug/m3,open-meteo-cams
5de808f0-3920-4ca4-9414-6e5b84bd650b,Central Station,21.2514,81.6296,2026-03-13T13:00,NO2,22.7,ug/m3,open-meteo-cams
5de808f0-3920-4ca4-9414-6e5b84bd650b,Central Station,21.2514,81.6296,2026-03-13T13:00,SO2,9.8,ug/m3,open-meteo-cams
5de808f0-3920-4ca4-9414-6e5b84bd650b,Central Station,21.2514,81.6296,2026-03-13T14:00,PM2.5,45.5,ug/m3,open-meteo-cams
5de808f0-3920-4ca4-9414-6e5b84bd650b,Central Station,21.2514,81.6296,2026-03-13T14:00,NO2,24.5,ug/m3,open-meteo-cams
5de808f0-3920-4ca4-9414-6e5b84bd650b,Central Station,21.2514,81.6296,2026-03-13T14:00,SO2,10.9,ug/m3,open-meteo-cams
5de808f0-3920-4ca4-9414-6e5b84bd650b,Central Station,21.2514,81.6296,2026-03-13T15:00,PM2.5,43.8,ug/m3,open-meteo-cams
5de808f0-3920-4ca4-9414-6e5b84bd650b,Central Station,21.2514,81.6296,2026-03-13T15:00,NO2,25.3,ug/m3,open-meteo-cams
5de808f0-3920-4ca4-9414-6e5b84bd650b,Central Station,21.2514,81.6296,2026-03-13T15:00,SO2,11.5,ug/m3,open-meteo-cams
5de808f0-3920-4ca4-9414-6e5b84bd650b,Central Station,21.2514,81.6296,2026-03-13T16:00,PM2.5,42.6,ug/m3,open-meteo-cams
5de808f0-3920-4ca4-9414-6e5b84bd650b,Central Station,21.2514,81.6296,2026-03-13T16:00,NO2,24.3,ug/m3,open-meteo-cams
5de808f0-3920-4ca4-9414-6e5b84bd650b,Central Station,21.2514,81.6296,2026-03-13T16:00,SO2,11.0,ug/m3,open-meteo-cams
5de808f0-3920-4ca4-9414-6e5b84bd650b,Central Station,21.2514,81.6296,2026-03-13T17:00,PM2.5,42.4,ug/m3,open-meteo-cams
5de808f0-3920-4ca4-9414-6e5b84bd650b,Central Station,21.2514,81.6296,2026-03-13T17:00,NO2,22.3,ug/m3,open-meteo-cams
5de808f0-3920-4ca4-9414-6e5b84bd650b,Central Station,21.2514,81.6296,2026-03-13T17:00,SO2,9.9,ug/m3,open-meteo-cams
5de808f0-3920-4ca4-9414-6e5b84bd650b,Central Station,21.2514,81.6296,2026-03-13T18:00,PM2.5,43.2,ug/m3,open-meteo-cams
5de808f0-3920-4ca4-9414-6e5b84bd650b,Central Station,21.2514,81.6296,2026-03-13T18:00,NO2,21.9,ug/m3,open-meteo-cams
5de808f0-3920-4ca4-9414-6e5b84bd650b,Central Station,21.2514,81.6296,2026-03-13T18:00,SO2,9.1,ug/m3,open-meteo-cams
5de808f0-3920-4ca4-9414-6e5b84bd650b,Central Station,21.2514,81.6296,2026-03-13T19:00,PM2.5,45.4,ug/m3,open-meteo-cams
5de808f0-3920-4ca4-9414-6e5b84bd650b,Central Station,21.2514,81.6296,2026-03-13T19:00,NO2,24.7,ug/m3,open-meteo-cams
5de808f0-3920-4ca4-9414-6e5b84bd650b,Central Station,21.2514,81.6296,2026-03-13T19:00,SO2,9.0,ug/m3,open-meteo-cams
5de808f0-3920-4ca4-9414-6e5b84bd650b,Central Station,21.2514,81.6296,2026-03-13T20:00,PM2.5,51.6,ug/m3,open-meteo-cams
5de808f0-3920-4ca4-9414-6e5b84bd650b,Central Station,21.2514,81.6296,2026-03-13T20:00,NO2,29.0,ug/m3,open-meteo-cams
5de808f0-3920-4ca4-9414-6e5b84bd650b,Central Station,21.2514,81.6296,2026-03-13T20:00,SO2,9.1,ug/m3,open-meteo-cams
5de808f0-3920-4ca4-9414-6e5b84bd650b,Central Station,21.2514,81.6296,2026-03-13T21:00,PM2.5,57.5,ug/m3,open-meteo-cams
5de808f0-3920-4ca4-9414-6e5b84bd650b,Central Station,21.2514,81.6296,2026-03-13T21:00,NO2,32.8,ug/m3,open-meteo-cams
5de808f0-3920-4ca4-9414-6e5b84bd650b,Central Station,21.2514,81.6296,2026-03-13T21:00,SO2,9.3,ug/m3,open-meteo-cams
5de808f0-3920-4ca4-9414-6e5b84bd650b,Central Station,21.2514,81.6296,2026-03-13T22:00,PM2.5,63.3,ug/m3,open-meteo-cams
5de808f0-3920-4ca4-9414-6e5b84bd650b,Central Station,21.2514,81.6296,2026-03-13T22:00,NO2,35.6,ug/m3,open-meteo-cams
5de808f0-3920-4ca4-9414-6e5b84bd650b,Central Station,21.2514,81.6296,2026-03-13T22:00,SO2,9.4,ug/m3,open-meteo-cams
5de808f0-3920-4ca4-9414-6e5b84bd650b,Central Station,21.2514,81.6296,2026-03-13T23:00,PM2.5,67.8,ug/m3,open-meteo-cams
5de808f0-3920-4ca4-9414-6e5b84bd650b,Central Station,21.2514,81.6296,2026-03-13T23:00,NO2,37.9,ug/m3,open-meteo-cams
5de808f0-3920-4ca4-9414-6e5b84bd650b,Central Station,21.2514,81.6296,2026-03-13T23:00,SO2,9.4,ug/m3,open-meteo-cams
5de808f0-3920-4ca4-9414-6e5b84bd650b,Central Station,21.2514,81.6296,2026-03-14T00:00,PM2.5,63.8,ug/m3,open-meteo-cams
5de808f0-3920-4ca4-9414-6e5b84bd650b,Central Station,21.2514,81.6296,2026-03-14T00:00,NO2,38.7,ug/m3,open-meteo-cams
5de808f0-3920-4ca4-9414-6e5b84bd650b,Central Station,21.2514,81.6296,2026-03-14T00:00,SO2,9.5,ug/m3,open-meteo-cams
5de808f0-3920-4ca4-9414-6e5b84bd650b,Central Station,21.2514,81.6296,2026-03-14T01:00,PM2.5,55.5,ug/m3,open-meteo-cams
5de808f0-3920-4ca4-9414-6e5b84bd650b,Central Station,21.2514,81.6296,2026-03-14T01:00,NO2,37.5,ug/m3,open-meteo-cams
5de808f0-3920-4ca4-9414-6e5b84bd650b,Central Station,21.2514,81.6296,2026-03-14T01:00,SO2,9.6,ug/m3,open-meteo-cams
5de808f0-3920-4ca4-9414-6e5b84bd650b,Central Station,21.2514,81.6296,2026-03-14T02:00,PM2.5,48.8,ug/m3,open-meteo-cams
5de808f0-3920-4ca4-9414-6e5b84bd650b,Central Station,21.2514,81.6296,2026-03-14T02:00,NO2,34.9,ug/m3,open-meteo-cams
5de808f0-3920-4ca4-9414-6e5b84bd650b,Central Station,21.2514,81.6296,2026-03-14T02:00,SO2,9.6,ug/m3,open-meteo-cams
5de808f0-3920-4ca4-9414-6e5b84bd650b,Central Station,21.2514,81.6296,2026-03-14T03:00,PM2.5,48.1,ug/m3,open-meteo-cams
5de808f0-3920-4ca4-9414-6e5b84bd650b,Central Station,21.2514,81.6296,2026-03-14T03:00,NO2,31.1,ug/m3,open-meteo-cams
5de808f0-3920-4ca4-9414-6e5b84bd650b,Central Station,21.2514,81.6296,2026-03-14T03:00,SO2,10.1,ug/m3,open-meteo-cams
5de808f0-3920-4ca4-9414-6e5b84bd650b,Central Station,21.2514,81.6296,2026-03-14T04:00,PM2.5,48.4,ug/m3,open-meteo-cams
5de808f0-3920-4ca4-9414-6e5b84bd650b,Central Station,21.2514,81.6296,2026-03-14T04:00,NO2,25.5,ug/m3,open-meteo-cams
5de808f0-3920-4ca4-9414-6e5b84bd650b,Central Station,21.2514,81.6296,2026-03-14T04:00,SO2,11.5,ug/m3,open-meteo-cams
5de808f0-3920-4ca4-9414-6e5b84bd650b,Central Station,21.2514,81.6296,2026-03-14T05:00,PM2.5,45.8,ug/m3,open-meteo-cams
5de808f0-3920-4ca4-9414-6e5b84bd650b,Central Station,21.2514,81.6296,2026-03-14T05:00,NO2,18.8,ug/m3,open-meteo-cams
5de808f0-3920-4ca4-9414-6e5b84bd650b,Central Station,21.2514,81.6296,2026-03-14T05:00,SO2,13.2,ug/m3,open-meteo-cams
5de808f0-3920-4ca4-9414-6e5b84bd650b,Central Station,21.2514,81.6296,2026-03-14T06:00,PM2.5,37.8,ug/m3,open-meteo-cams
5de808f0-3920-4ca4-9414-6e5b84bd650b,Central Station,21.2514,81.6296,2026-03-14T06:00,NO2,13.2,ug/m3,open-meteo-cams
5de808f0-3920-4ca4-9414-6e5b84bd650b,Central Station,21.2514,81.6296,2026-03-14T06:00,SO2,13.9,ug/m3,open-meteo-cams
5de808f0-3920-4ca4-9414-6e5b84bd650b,Central Station,21.2514,81.6296,2026-03-14T07:00,PM2.5,31.8,ug/m3,open-meteo-cams
5de808f0-3920-4ca4-9414-6e5b84bd650b,Central Station,21.2514,81.6296,2026-03-14T07:00,NO2,9.2,ug/m3,open-meteo-cams
5de808f0-3920-4ca4-9414-6e5b84bd650b,Central Station,21.2514,81.6296,2026-03-14T07:00,SO2,12.5,ug/m3,open-meteo-cams
5de808f0-3920-4ca4-9414-6e5b84bd650b,Central Station,21.2514,81.6296,2026-03-14T08:00,PM2.5,23.3,ug/m3,open-meteo-cams
5de808f0-3920-4ca4-9414-6e5b84bd650b,Central Station,21.2514,81.6296,2026-03-14T08:00,NO2,6.5,ug/m3,open-meteo-cams
5de808f0-3920-4ca4-9414-6e5b84bd650b,Central Station,21.2514,81.6296,2026-03-14T08:00,SO2,10.0,ug/m3,open-meteo-cams
5de808f0-3920-4ca4-9414-6e5b84bd650b,Central Station,21.2514,81.6296,2026-03-14T09:00,PM2.5,20.7,ug/m3,open-meteo-cams
5de808f0-3920-4ca4-9414-6e5b84bd650b,Central Station,21.2514,81.6296,2026-03-14T09:00,NO2,5.7,ug/m3,open-meteo-cams
5de808f0-3920-4ca4-9414-6e5b84bd650b,Central Station,21.2514,81.6296,2026-03-14T09:00,SO2,8.2,ug/m3,open-meteo-cams
5de808f0-3920-4ca4-9414-6e5b84bd650b,Central Station,21.2514,81.6296,2026-03-14T10:00,PM2.5,20.3,ug/m3,open-meteo-cams
5de808f0-3920-4ca4-9414-6e5b84bd650b,Central Station,21.2514,81.6296,2026-03-14T10:00,NO2,7.9,ug/m3,open-meteo-cams
5de808f0-3920-4ca4-9414-6e5b84bd650b,Central Station,21.2514,81.6296,2026-03-14T10:00,SO2,7.8,ug/m3,open-meteo-cams
5de808f0-3920-4ca4-9414-6e5b84bd650b,Central Station,21.2514,81.6296,2026-03-14T11:00,PM2.5,20.8,ug/m3,open-meteo-cams
5de808f0-3920-4ca4-9414-6e5b84bd650b,Central Station,21.2514,81.6296,2026-03-14T11:00,NO2,12.2,ug/m3,open-meteo-cams
5de808f0-3920-4ca4-9414-6e5b84bd650b,Central Station,21.2514,81.6296,2026-03-14T11:00,SO2,8.1,ug/m3,open-meteo-cams
5de808f0-3920-4ca4-9414-6e5b84bd650b,Central Station,21.2514,81.6296,2026-03-14T12:00,PM2.5,28.7,ug/m3,open-meteo-cams
5de808f0-3920-4ca4-9414-6e5b84bd650b,Central Station,21.2514,81.6296,2026-03-14T12:00,NO2,16.6,ug/m3,open-meteo-cams
5de808f0-3920-4ca4-9414-6e5b84bd650b,Central Station,21.2514,81.6296,2026-03-14T12:00,SO2,8.8,ug/m3,open-meteo-cams
5de808f0-3920-4ca4-9414-6e5b84bd650b,Central Station,21.2514,81.6296,2026-03-14T13:00,PM2.5,41.1,ug/m3,open-meteo-cams
5de808f0-3920-4ca4-9414-6e5b84bd650b,Central Station,21.2514,81.6296,2026-03-14T13:00,NO2,20.7,ug/m3,open-meteo-cams
5de808f0-3920-4ca4-9414-6e5b84bd650b,Central Station,21.2514,81.6296,2026-03-14T13:00,SO2,10.1,ug/m3,open-meteo-cams
5de808f0-3920-4ca4-9414-6e5b84bd650b,Central Station,21.2514,81.6296,2026-03-14T14:00,PM2.5,48.4,ug/m3,open-meteo-cams
5de808f0-3920-4ca4-9414-6e5b84bd650b,Central Station,21.2514,81.6296,2026-03-14T14:00,NO2,24.8,ug/m3,open-meteo-cams
5de808f0-3920-4ca4-9414-6e5b84bd650b,Central Station,21.2514,81.6296,2026-03-14T14:00,SO2,11.9,ug/m3,open-meteo-cams
5de808f0-3920-4ca4-9414-6e5b84bd650b,Central Station,21.2514,81.6296,2026-03-14T15:00,PM2.5,51.9,ug/m3,open-meteo-cams
5de808f0-3920-4ca4-9414-6e5b84bd650b,Central Station,21.2514,81.6296,2026-03-14T15:00,NO2,28.1,ug/m3,open-meteo-cams
5de808f0-3920-4ca4-9414-6e5b84bd650b,Central Station,21.2514,81.6296,2026-03-14T15:00,SO2,13.1,ug/m3,open-meteo-cams
5de808f0-3920-4ca4-9414-6e5b84bd650b,Central Station,21.2514,81.6296,2026-03-14T16:00,PM2.5,55.3,ug/m3,open-meteo-cams
5de808f0-3920-4ca4-9414-6e5b84bd650b,Central Station,21.2514,81.6296,2026-03-14T16:00,NO2,30.2,ug/m3,open-meteo-cams
5de808f0-3920-4ca4-9414-6e5b84bd650b,Central Station,21.2514,81.6296,2026-03-14T16:00,SO2,13.4,ug/m3,open-meteo-cams
5de808f0-3920-4ca4-9414-6e5b84bd650b,Central Station,21.2514,81.6296,2026-03-14T17:00,PM2.5,59.3,ug/m3,open-meteo-cams
5de808f0-3920-4ca4-9414-6e5b84bd650b,Central Station,21.2514,81.6296,2026-03-14T17:00,NO2,31.5,ug/m3,open-meteo-cams
5de808f0-3920-4ca4-9414-6e5b84bd650b,Central Station,21.2514,81.6296,2026-03-14T17:00,SO2,13.2,ug/m3,open-meteo-cams
5de808f0-3920-4ca4-9414-6e5b84bd650b,Central Station,21.2514,81.6296,2026-03-14T18:00,PM2.5,63.1,ug/m3,open-meteo-cams
5de808f0-3920-4ca4-9414-6e5b84bd650b,Central Station,21.2514,81.6296,2026-03-14T18:00,NO2,32.3,ug/m3,open-meteo-cams
5de808f0-3920-4ca4-9414-6e5b84bd650b,Central Station,21.2514,81.6296,2026-03-14T18:00,SO2,12.6,ug/m3,open-meteo-cams
5de808f0-3920-4ca4-9414-6e5b84bd650b,Central Station,21.2514,81.6296,2026-03-14T19:00,PM2.5,62.2,ug/m3,open-meteo-cams
5de808f0-3920-4ca4-9414-6e5b84bd650b,Central Station,21.2514,81.6296,2026-03-14T19:00,NO2,32.9,ug/m3,open-meteo-cams
5de808f0-3920-4ca4-9414-6e5b84bd650b,Central Station,21.2514,81.6296,2026-03-14T19:00,SO2,11.6,ug/m3,open-meteo-cams
5de808f0-3920-4ca4-9414-6e5b84bd650b,Central Station,21.2514,81.6296,2026-03-14T20:00,PM2.5,56.8,ug/m3,open-meteo-cams
5de808f0-3920-4ca4-9414-6e5b84bd650b,Central Station,21.2514,81.6296,2026-03-14T20:00,NO2,33.0,ug/m3,open-meteo-cams
5de808f0-3920-4ca4-9414-6e5b84bd650b,Central Station,21.2514,81.6296,2026-03-14T20:00,SO2,10.3,ug/m3,open-meteo-cams
5de808f0-3920-4ca4-9414-6e5b84bd650b,Central Station,21.2514,81.6296,2026-03-14T21:00,PM2.5,51.8,ug/m3,open-meteo-cams
5de808f0-3920-4ca4-9414-6e5b84bd650b,Central Station,21.2514,81.6296,2026-03-14T21:00,NO2,32.3,ug/m3,open-meteo-cams
5de808f0-3920-4ca4-9414-6e5b84bd650b,Central Station,21.2514,81.6296,2026-03-14T21:00,SO2,9.3,ug/m3,open-meteo-cams
5de808f0-3920-4ca4-9414-6e5b84bd650b,Central Station,21.2514,81.6296,2026-03-14T22:00,PM2.5,46.4,ug/m3,open-meteo-cams
5de808f0-3920-4ca4-9414-6e5b84bd650b,Central Station,21.2514,81.6296,2026-03-14T22:00,NO2,30.2,ug/m3,open-meteo-cams
5de808f0-3920-4ca4-9414-6e5b84bd650b,Central Station,21.2514,81.6296,2026-03-14T22:00,SO2,8.8,ug/m3,open-meteo-cams
5de808f0-3920-4ca4-9414-6e5b84bd650b,Central Station,21.2514,81.6296,2026-03-14T23:00,PM2.5,42.6,ug/m3,open-meteo-cams
5de808f0-3920-4ca4-9414-6e5b84bd650b,Central Station,21.2514,81.6296,2026-03-14T23:00,NO2,27.2,ug/m3,open-meteo-cams
5de808f0-3920-4ca4-9414-6e5b84bd650b,Central Station,21.2514,81.6296,2026-03-14T23:00,SO2,8.6,ug/m3,open-meteo-cams
92137715-6258-41ff-a355-9687736fc77f,Bharat Steel,21.2315,81.6521,2026-03-13T00:00,PM2.5,64.7,ug/m3,open-meteo-cams
92137715-6258-41ff-a355-9687736fc77f,Bharat Steel,21.2315,81.6521,2026-03-13T00:00,NO2,39.4,ug/m3,open-meteo-cams
92137715-6258-41ff-a355-9687736fc77f,Bharat Steel,21.2315,81.6521,2026-03-13T00:00,SO2,9.3,ug/m3,open-meteo-cams
92137715-6258-41ff-a355-9687736fc77f,Bharat Steel,21.2315,81.6521,2026-03-13T01:00,PM2.5,72.6,ug/m3,open-meteo-cams
92137715-6258-41ff-a355-9687736fc77f,Bharat Steel,21.2315,81.6521,2026-03-13T01:00,NO2,43.2,ug/m3,open-meteo-cams
92137715-6258-41ff-a355-9687736fc77f,Bharat Steel,21.2315,81.6521,2026-03-13T01:00,SO2,10.7,ug/m3,open-meteo-cams
92137715-6258-41ff-a355-9687736fc77f,Bharat Steel,21.2315,81.6521,2026-03-13T02:00,PM2.5,78.7,ug/m3,open-meteo-cams
92137715-6258-41ff-a355-9687736fc77f,Bharat Steel,21.2315,81.6521,2026-03-13T02:00,NO2,48.0,ug/m3,open-meteo-cams
92137715-6258-41ff-a355-9687736fc77f,Bharat Steel,21.2315,81.6521,2026-03-13T02:00,SO2,12.6,ug/m3,open-meteo-cams
92137715-6258-41ff-a355-9687736fc77f,Bharat Steel,21.2315,81.6521,2026-03-13T03:00,PM2.5,73.8,ug/m3,open-meteo-cams
92137715-6258-41ff-a355-9687736fc77f,Bharat Steel,21.2315,81.6521,2026-03-13T03:00,NO2,47.9,ug/m3,open-meteo-cams
92137715-6258-41ff-a355-9687736fc77f,Bharat Steel,21.2315,81.6521,2026-03-13T03:00,SO2,13.9,ug/m3,open-meteo-cams
92137715-6258-41ff-a355-9687736fc77f,Bharat Steel,21.2315,81.6521,2026-03-13T04:00,PM2.5,68.9,ug/m3,open-meteo-cams
92137715-6258-41ff-a355-9687736fc77f,Bharat Steel,21.2315,81.6521,2026-03-13T04:00,NO2,38.1,ug/m3,open-meteo-cams
92137715-6258-41ff-a355-9687736fc77f,Bharat Steel,21.2315,81.6521,2026-03-13T04:00,SO2,14.0,ug/m3,open-meteo-cams
92137715-6258-41ff-a355-9687736fc77f,Bharat Steel,21.2315,81.6521,2026-03-13T05:00,PM2.5,46.1,ug/m3,open-meteo-cams
92137715-6258-41ff-a355-9687736fc77f,Bharat Steel,21.2315,81.6521,2026-03-13T05:00,NO2,23.4,ug/m3,open-meteo-cams
92137715-6258-41ff-a355-9687736fc77f,Bharat Steel,21.2315,81.6521,2026-03-13T05:00,SO2,13.4,ug/m3,open-meteo-cams
92137715-6258-41ff-a355-9687736fc77f,Bharat Steel,21.2315,81.6521,2026-03-13T06:00,PM2.5,25.9,ug/m3,open-meteo-cams
92137715-6258-41ff-a355-9687736fc77f,Bharat Steel,21.2315,81.6521,2026-03-13T06:00,NO2,12.2,ug/m3,open-meteo-cams
92137715-6258-41ff-a355-9687736fc77f,Bharat Steel,21.2315,81.6521,2026-03-13T06:00,SO2,12.6,ug/m3,open-meteo-cams
92137715-6258-41ff-a355-9687736fc77f,Bharat Steel,21.2315,81.6521,2026-03-13T07:00,PM2.5,21.5,ug/m3,open-meteo-cams
92137715-6258-41ff-a355-9687736fc77f,Bharat Steel,21.2315,81.6521,2026-03-13T07:00,NO2,8.0,ug/m3,open-meteo-cams
92137715-6258-41ff-a355-9687736fc77f,Bharat Steel,21.2315,81.6521,2026-03-13T07:00,SO2,11.3,ug/m3,open-meteo-cams
92137715-6258-41ff-a355-9687736fc77f,Bharat Steel,21.2315,81.6521,2026-03-13T08:00,PM2.5,21.0,ug/m3,open-meteo-cams
92137715-6258-41ff-a355-9687736fc77f,Bharat Steel,21.2315,81.6521,2026-03-13T08:00,NO2,7.4,ug/m3,open-meteo-cams
92137715-6258-41ff-a355-9687736fc77f,Bharat Steel,21.2315,81.6521,2026-03-13T08:00,SO2,9.8,ug/m3,open-meteo-cams
92137715-6258-41ff-a355-9687736fc77f,Bharat Steel,21.2315,81.6521,2026-03-13T09:00,PM2.5,21.1,ug/m3,open-meteo-cams
92137715-6258-41ff-a355-9687736fc77f,Bharat Steel,21.2315,81.6521,2026-03-13T09:00,NO2,8.5,ug/m3,open-meteo-cams
92137715-6258-41ff-a355-9687736fc77f,Bharat Steel,21.2315,81.6521,2026-03-13T09:00,SO2,8.7,ug/m3,open-meteo-cams
92137715-6258-41ff-a355-9687736fc77f,Bharat Steel,21.2315,81.6521,2026-03-13T10:00,PM2.5,21.1,ug/m3,open-meteo-cams
92137715-6258-41ff-a355-9687736fc77f,Bharat Steel,21.2315,81.6521,2026-03-13T10:00,NO2,11.5,ug/m3,open-meteo-cams
92137715-6258-41ff-a355-9687736fc77f,Bharat Steel,21.2315,81.6521,2026-03-13T10:00,SO2,8.4,ug/m3,open-meteo-cams
92137715-6258-41ff-a355-9687736fc77f,Bharat Steel,21.2315,81.6521,2026-03-13T11:00,PM2.5,21.4,ug/m3,open-meteo-cams
92137715-6258-41ff-a355-9687736fc77f,Bharat Steel,21.2315,81.6521,2026-03-13T11:00,NO2,16.2,ug/m3,open-meteo-cams
92137715-6258-41ff-a355-9687736fc77f,Bharat Steel,21.2315,81.6521,2026-03-13T11:00,SO2,8.5,ug/m3,open-meteo-cams
92137715-6258-41ff-a355-9687736fc77f,Bharat Steel,21.2315,81.6521,2026-03-13T12:00,PM2.5,29.5,ug/m3,open-meteo-cams
92137715-6258-41ff-a355-9687736fc77f,Bharat Steel,21.2315,81.6521,2026-03-13T12:00,NO2,20.2,ug/m3,open-meteo-cams
92137715-6258-41ff-a355-9687736fc77f,Bharat Steel,21.2315,81.6521,2026-03-13T12:00,SO2,8.9,ug/m3,open-meteo-cams
92137715-6258-41ff-a355-9687736fc77f,Bharat Steel,21.2315,81.6521,2026-03-13T13:00,PM2.5,42.5,ug/m3,open-meteo-cams
92137715-6258-41ff-a355-9687736fc77f,Bharat Steel,21.2315,81.6521,2026-03-13T13:00,NO2,22.7,ug/m3,open-meteo-cams
92137715-6258-41ff-a355-9687736fc77f,Bharat Steel,21.2315,81.6521,2026-03-13T13:00,SO2,9.8,ug/m3,open-meteo-cams
92137715-6258-41ff-a355-9687736fc77f,Bharat Steel,21.2315,81.6521,2026-03-13T14:00,PM2.5,45.5,ug/m3,open-meteo-cams
92137715-6258-41ff-a355-9687736fc77f,Bharat Steel,21.2315,81.6521,2026-03-13T14:00,NO2,24.5,ug/m3,open-meteo-cams
92137715-6258-41ff-a355-9687736fc77f,Bharat Steel,21.2315,81.6521,2026-03-13T14:00,SO2,10.9,ug/m3,open-meteo-cams
92137715-6258-41ff-a355-9687736fc77f,Bharat Steel,21.2315,81.6521,2026-03-13T15:00,PM2.5,43.8,ug/m3,open-meteo-cams
92137715-6258-41ff-a355-9687736fc77f,Bharat Steel,21.2315,81.6521,2026-03-13T15:00,NO2,25.3,ug/m3,open-meteo-cams
92137715-6258-41ff-a355-9687736fc77f,Bharat Steel,21.2315,81.6521,2026-03-13T15:00,SO2,11.5,ug/m3,open-meteo-cams
92137715-6258-41ff-a355-9687736fc77f,Bharat Steel,21.2315,81.6521,2026-03-13T16:00,PM2.5,42.6,ug/m3,open-meteo-cams
92137715-6258-41ff-a355-9687736fc77f,Bharat Steel,21.2315,81.6521,2026-03-13T16:00,NO2,24.3,ug/m3,open-meteo-cams
92137715-6258-41ff-a355-9687736fc77f,Bharat Steel,21.2315,81.6521,2026-03-13T16:00,SO2,11.0,ug/m3,open-meteo-cams
92137715-6258-41ff-a355-9687736fc77f,Bharat Steel,21.2315,81.6521,2026-03-13T17:00,PM2.5,42.4,ug/m3,open-meteo-cams
92137715-6258-41ff-a355-9687736fc77f,Bharat Steel,21.2315,81.6521,2026-03-13T17:00,NO2,22.3,ug/m3,open-meteo-cams
92137715-6258-41ff-a355-9687736fc77f,Bharat Steel,21.2315,81.6521,2026-03-13T17:00,SO2,9.9,ug/m3,open-meteo-cams
92137715-6258-41ff-a355-9687736fc77f,Bharat Steel,21.2315,81.6521,2026-03-13T18:00,PM2.5,43.2,ug/m3,open-meteo-cams
92137715-6258-41ff-a355-9687736fc77f,Bharat Steel,21.2315,81.6521,2026-03-13T18:00,NO2,21.9,ug/m3,open-meteo-cams
92137715-6258-41ff-a355-9687736fc77f,Bharat Steel,21.2315,81.6521,2026-03-13T18:00,SO2,9.1,ug/m3,open-meteo-cams
92137715-6258-41ff-a355-9687736fc77f,Bharat Steel,21.2315,81.6521,2026-03-13T19:00,PM2.5,45.4,ug/m3,open-meteo-cams
92137715-6258-41ff-a355-9687736fc77f,Bharat Steel,21.2315,81.6521,2026-03-13T19:00,NO2,24.7,ug/m3,open-meteo-cams
92137715-6258-41ff-a355-9687736fc77f,Bharat Steel,21.2315,81.6521,2026-03-13T19:00,SO2,9.0,ug/m3,open-meteo-cams
92137715-6258-41ff-a355-9687736fc77f,Bharat Steel,21.2315,81.6521,2026-03-13T20:00,PM2.5,51.6,ug/m3,open-meteo-cams
92137715-6258-41ff-a355-9687736fc77f,Bharat Steel,21.2315,81.6521,2026-03-13T20:00,NO2,29.0,ug/m3,open-meteo-cams
92137715-6258-41ff-a355-9687736fc77f,Bharat Steel,21.2315,81.6521,2026-03-13T20:00,SO2,9.1,ug/m3,open-meteo-cams
92137715-6258-41ff-a355-9687736fc77f,Bharat Steel,21.2315,81.6521,2026-03-13T21:00,PM2.5,57.5,ug/m3,open-meteo-cams
92137715-6258-41ff-a355-9687736fc77f,Bharat Steel,21.2315,81.6521,2026-03-13T21:00,NO2,32.8,ug/m3,open-meteo-cams
92137715-6258-41ff-a355-9687736fc77f,Bharat Steel,21.2315,81.6521,2026-03-13T21:00,SO2,9.3,ug/m3,open-meteo-cams
92137715-6258-41ff-a355-9687736fc77f,Bharat Steel,21.2315,81.6521,2026-03-13T22:00,PM2.5,63.3,ug/m3,open-meteo-cams
92137715-6258-41ff-a355-9687736fc77f,Bharat Steel,21.2315,81.6521,2026-03-13T22:00,NO2,35.6,ug/m3,open-meteo-cams
92137715-6258-41ff-a355-9687736fc77f,Bharat Steel,21.2315,81.6521,2026-03-13T22:00,SO2,9.4,ug/m3,open-meteo-cams
92137715-6258-41ff-a355-9687736fc77f,Bharat Steel,21.2315,81.6521,2026-03-13T23:00,PM2.5,67.8,ug/m3,open-meteo-cams
92137715-6258-41ff-a355-9687736fc77f,Bharat Steel,21.2315,81.6521,2026-03-13T23:00,NO2,37.9,ug/m3,open-meteo-cams
92137715-6258-41ff-a355-9687736fc77f,Bharat Steel,21.2315,81.6521,2026-03-13T23:00,SO2,9.4,ug/m3,open-meteo-cams
92137715-6258-41ff-a355-9687736fc77f,Bharat Steel,21.2315,81.6521,2026-03-14T00:00,PM2.5,63.8,ug/m3,open-meteo-cams
92137715-6258-41ff-a355-9687736fc77f,Bharat Steel,21.2315,81.6521,2026-03-14T00:00,NO2,38.7,ug/m3,open-meteo-cams
92137715-6258-41ff-a355-9687736fc77f,Bharat Steel,21.2315,81.6521,2026-03-14T00:00,SO2,9.5,ug/m3,open-meteo-cams
92137715-6258-41ff-a355-9687736fc77f,Bharat Steel,21.2315,81.6521,2026-03-14T01:00,PM2.5,55.5,ug/m3,open-meteo-cams
92137715-6258-41ff-a355-9687736fc77f,Bharat Steel,21.2315,81.6521,2026-03-14T01:00,NO2,37.5,ug/m3,open-meteo-cams
92137715-6258-41ff-a355-9687736fc77f,Bharat Steel,21.2315,81.6521,2026-03-14T01:00,SO2,9.6,ug/m3,open-meteo-cams
92137715-6258-41ff-a355-9687736fc77f,Bharat Steel,21.2315,81.6521,2026-03-14T02:00,PM2.5,48.8,ug/m3,open-meteo-cams
92137715-6258-41ff-a355-9687736fc77f,Bharat Steel,21.2315,81.6521,2026-03-14T02:00,NO2,34.9,ug/m3,open-meteo-cams
92137715-6258-41ff-a355-9687736fc77f,Bharat Steel,21.2315,81.6521,2026-03-14T02:00,SO2,9.6,ug/m3,open-meteo-cams
92137715-6258-41ff-a355-9687736fc77f,Bharat Steel,21.2315,81.6521,2026-03-14T03:00,PM2.5,48.1,ug/m3,open-meteo-cams
92137715-6258-41ff-a355-9687736fc77f,Bharat Steel,21.2315,81.6521,2026-03-14T03:00,NO2,31.1,ug/m3,open-meteo-cams
92137715-6258-41ff-a355-9687736fc77f,Bharat Steel,21.2315,81.6521,2026-03-14T03:00,SO2,10.1,ug/m3,open-meteo-cams
92137715-6258-41ff-a355-9687736fc77f,Bharat Steel,21.2315,81.6521,2026-03-14T04:00,PM2.5,48.4,ug/m3,open-meteo-cams
92137715-6258-41ff-a355-9687736fc77f,Bharat Steel,21.2315,81.6521,2026-03-14T04:00,NO2,25.5,ug/m3,open-meteo-cams
92137715-6258-41ff-a355-9687736fc77f,Bharat Steel,21.2315,81.6521,2026-03-14T04:00,SO2,11.5,ug/m3,open-meteo-cams
92137715-6258-41ff-a355-9687736fc77f,Bharat Steel,21.2315,81.6521,2026-03-14T05:00,PM2.5,45.8,ug/m3,open-meteo-cams
92137715-6258-41ff-a355-9687736fc77f,Bharat Steel,21.2315,81.6521,2026-03-14T05:00,NO2,18.8,ug/m3,open-meteo-cams
92137715-6258-41ff-a355-9687736fc77f,Bharat Steel,21.2315,81.6521,2026-03-14T05:00,SO2,13.2,ug/m3,open-meteo-cams
92137715-6258-41ff-a355-9687736fc77f,Bharat Steel,21.2315,81.6521,2026-03-14T06:00,PM2.5,37.8,ug/m3,open-meteo-cams
92137715-6258-41ff-a355-9687736fc77f,Bharat Steel,21.2315,81.6521,2026-03-14T06:00,NO2,13.2,ug/m3,open-meteo-cams
92137715-6258-41ff-a355-9687736fc77f,Bharat Steel,21.2315,81.6521,2026-03-14T06:00,SO2,13.9,ug/m3,open-meteo-cams
92137715-6258-41ff-a355-9687736fc77f,Bharat Steel,21.2315,81.6521,2026-03-14T07:00,PM2.5,31.8,ug/m3,open-meteo-cams
92137715-6258-41ff-a355-9687736fc77f,Bharat Steel,21.2315,81.6521,2026-03-14T07:00,NO2,9.2,ug/m3,open-meteo-cams
92137715-6258-41ff-a355-9687736fc77f,Bharat Steel,21.2315,81.6521,2026-03-14T07:00,SO2,12.5,ug/m3,open-meteo-cams
92137715-6258-41ff-a355-9687736fc77f,Bharat Steel,21.2315,81.6521,2026-03-14T08:00,PM2.5,23.3,ug/m3,open-meteo-cams
92137715-6258-41ff-a355-9687736fc77f,Bharat Steel,21.2315,81.6521,2026-03-14T08:00,NO2,6.5,ug/m3,open-meteo-cams
92137715-6258-41ff-a355-9687736fc77f,Bharat Steel,21.2315,81.6521,2026-03-14T08:00,SO2,10.0,ug/m3,open-meteo-cams
92137715-6258-41ff-a355-9687736fc77f,Bharat Steel,21.2315,81.6521,2026-03-14T09:00,PM2.5,20.7,ug/m3,open-meteo-cams
92137715-6258-41ff-a355-9687736fc77f,Bharat Steel,21.2315,81.6521,2026-03-14T09:00,NO2,5.7,ug/m3,open-meteo-cams
92137715-6258-41ff-a355-9687736fc77f,Bharat Steel,21.2315,81.6521,2026-03-14T09:00,SO2,8.2,ug/m3,open-meteo-cams
92137715-6258-41ff-a355-9687736fc77f,Bharat Steel,21.2315,81.6521,2026-03-14T10:00,PM2.5,20.3,ug/m3,open-meteo-cams
92137715-6258-41ff-a355-9687736fc77f,Bharat Steel,21.2315,81.6521,2026-03-14T10:00,NO2,7.9,ug/m3,open-meteo-cams
92137715-6258-41ff-a355-9687736fc77f,Bharat Steel,21.2315,81.6521,2026-03-14T10:00,SO2,7.8,ug/m3,open-meteo-cams
92137715-6258-41ff-a355-9687736fc77f,Bharat Steel,21.2315,81.6521,2026-03-14T11:00,PM2.5,20.8,ug/m3,open-meteo-cams
92137715-6258-41ff-a355-9687736fc77f,Bharat Steel,21.2315,81.6521,2026-03-14T11:00,NO2,12.2,ug/m3,open-meteo-cams
92137715-6258-41ff-a355-9687736fc77f,Bharat Steel,21.2315,81.6521,2026-03-14T11:00,SO2,8.1,ug/m3,open-meteo-cams
92137715-6258-41ff-a355-9687736fc77f,Bharat Steel,21.2315,81.6521,2026-03-14T12:00,PM2.5,28.7,ug/m3,open-meteo-cams
92137715-6258-41ff-a355-9687736fc77f,Bharat Steel,21.2315,81.6521,2026-03-14T12:00,NO2,16.6,ug/m3,open-meteo-cams
92137715-6258-41ff-a355-9687736fc77f,Bharat Steel,21.2315,81.6521,2026-03-14T12:00,SO2,8.8,ug/m3,open-meteo-cams
92137715-6258-41ff-a355-9687736fc77f,Bharat Steel,21.2315,81.6521,2026-03-14T13:00,PM2.5,41.1,ug/m3,open-meteo-cams
92137715-6258-41ff-a355-9687736fc77f,Bharat Steel,21.2315,81.6521,2026-03-14T13:00,NO2,20.7,ug/m3,open-meteo-cams
92137715-6258-41ff-a355-9687736fc77f,Bharat Steel,21.2315,81.6521,2026-03-14T13:00,SO2,10.1,ug/m3,open-meteo-cams
92137715-6258-41ff-a355-9687736fc77f,Bharat Steel,21.2315,81.6521,2026-03-14T14:00,PM2.5,48.4,ug/m3,open-meteo-cams
92137715-6258-41ff-a355-9687736fc77f,Bharat Steel,21.2315,81.6521,2026-03-14T14:00,NO2,24.8,ug/m3,open-meteo-cams
92137715-6258-41ff-a355-9687736fc77f,Bharat Steel,21.2315,81.6521,2026-03-14T14:00,SO2,11.9,ug/m3,open-meteo-cams
92137715-6258-41ff-a355-9687736fc77f,Bharat Steel,21.2315,81.6521,2026-03-14T15:00,PM2.5,51.9,ug/m3,open-meteo-cams
92137715-6258-41ff-a355-9687736fc77f,Bharat Steel,21.2315,81.6521,2026-03-14T15:00,NO2,28.1,ug/m3,open-meteo-cams
92137715-6258-41ff-a355-9687736fc77f,Bharat Steel,21.2315,81.6521,2026-03-14T15:00,SO2,13.1,ug/m3,open-meteo-cams
92137715-6258-41ff-a355-9687736fc77f,Bharat Steel,21.2315,81.6521,2026-03-14T16:00,PM2.5,55.3,ug/m3,open-meteo-cams
92137715-6258-41ff-a355-9687736fc77f,Bharat Steel,21.2315,81.6521,2026-03-14T16:00,NO2,30.2,ug/m3,open-meteo-cams
92137715-6258-41ff-a355-9687736fc77f,Bharat Steel,21.2315,81.6521,2026-03-14T16:00,SO2,13.4,ug/m3,open-meteo-cams
92137715-6258-41ff-a355-9687736fc77f,Bharat Steel,21.2315,81.6521,2026-03-14T17:00,PM2.5,59.3,ug/m3,open-meteo-cams
92137715-6258-41ff-a355-9687736fc77f,Bharat Steel,21.2315,81.6521,2026-03-14T17:00,NO2,31.5,ug/m3,open-meteo-cams
92137715-6258-41ff-a355-9687736fc77f,Bharat Steel,21.2315,81.6521,2026-03-14T17:00,SO2,13.2,ug/m3,open-meteo-cams
92137715-6258-41ff-a355-9687736fc77f,Bharat Steel,21.2315,81.6521,2026-03-14T18:00,PM2.5,63.1,ug/m3,open-meteo-cams
92137715-6258-41ff-a355-9687736fc77f,Bharat Steel,21.2315,81.6521,2026-03-14T18:00,NO2,32.3,ug/m3,open-meteo-cams
92137715-6258-41ff-a355-9687736fc77f,Bharat Steel,21.2315,81.6521,2026-03-14T18:00,SO2,12.6,ug/m3,open-meteo-cams
92137715-6258-41ff-a355-9687736fc77f,Bharat Steel,21.2315,81.6521,2026-03-14T19:00,PM2.5,62.2,ug/m3,open-meteo-cams
92137715-6258-41ff-a355-9687736fc77f,Bharat Steel,21.2315,81.6521,2026-03-14T19:00,NO2,32.9,ug/m3,open-meteo-cams
92137715-6258-41ff-a355-9687736fc77f,Bharat Steel,21.2315,81.6521,2026-03-14T19:00,SO2,11.6,ug/m3,open-meteo-cams
92137715-6258-41ff-a355-9687736fc77f,Bharat Steel,21.2315,81.6521,2026-03-14T20:00,PM2.5,56.8,ug/m3,open-meteo-cams
92137715-6258-41ff-a355-9687736fc77f,Bharat Steel,21.2315,81.6521,2026-03-14T20:00,NO2,33.0,ug/m3,open-meteo-cams
92137715-6258-41ff-a355-9687736fc77f,Bharat Steel,21.2315,81.6521,2026-03-14T20:00,SO2,10.3,ug/m3,open-meteo-cams
92137715-6258-41ff-a355-9687736fc77f,Bharat Steel,21.2315,81.6521,2026-03-14T21:00,PM2.5,51.8,ug/m3,open-meteo-cams
92137715-6258-41ff-a355-9687736fc77f,Bharat Steel,21.2315,81.6521,2026-03-14T21:00,NO2,32.3,ug/m3,open-meteo-cams
92137715-6258-41ff-a355-9687736fc77f,Bharat Steel,21.2315,81.6521,2026-03-14T21:00,SO2,9.3,ug/m3,open-meteo-cams
92137715-6258-41ff-a355-9687736fc77f,Bharat Steel,21.2315,81.6521,2026-03-14T22:00,PM2.5,46.4,ug/m3,open-meteo-cams
92137715-6258-41ff-a355-9687736fc77f,Bharat Steel,21.2315,81.6521,2026-03-14T22:00,NO2,30.2,ug/m3,open-meteo-cams
92137715-6258-41ff-a355-9687736fc77f,Bharat Steel,21.2315,81.6521,2026-03-14T22:00,SO2,8.8,ug/m3,open-meteo-cams
92137715-6258-41ff-a355-9687736fc77f,Bharat Steel,21.2315,81.6521,2026-03-14T23:00,PM2.5,42.6,ug/m3,open-meteo-cams
92137715-6258-41ff-a355-9687736fc77f,Bharat Steel,21.2315,81.6521,2026-03-14T23:00,NO2,27.2,ug/m3,open-meteo-cams
92137715-6258-41ff-a355-9687736fc77f,Bharat Steel,21.2315,81.6521,2026-03-14T23:00,SO2,8.6,ug/m3,open-meteo-cams
815d2623-59d5-4ccb-bc1e-782acc8442cc,Stack 3 - Steel Plant 3,21.23,81.574,2026-03-13T00:00,PM2.5,64.7,ug/m3,open-meteo-cams
815d2623-59d5-4ccb-bc1e-782acc8442cc,Stack 3 - Steel Plant 3,21.23,81.574,2026-03-13T00:00,NO2,39.4,ug/m3,open-meteo-cams
815d2623-59d5-4ccb-bc1e-782acc8442cc,Stack 3 - Steel Plant 3,21.23,81.574,2026-03-13T00:00,SO2,9.3,ug/m3,open-meteo-cams
815d2623-59d5-4ccb-bc1e-782acc8442cc,Stack 3 - Steel Plant 3,21.23,81.574,2026-03-13T01:00,PM2.5,72.6,ug/m3,open-meteo-cams
815d2623-59d5-4ccb-bc1e-782acc8442cc,Stack 3 - Steel Plant 3,21.23,81.574,2026-03-13T01:00,NO2,43.2,ug/m3,open-meteo-cams
815d2623-59d5-4ccb-bc1e-782acc8442cc,Stack 3 - Steel Plant 3,21.23,81.574,2026-03-13T01:00,SO2,10.7,ug/m3,open-meteo-cams
815d2623-59d5-4ccb-bc1e-782acc8442cc,Stack 3 - Steel Plant 3,21.23,81.574,2026-03-13T02:00,PM2.5,78.7,ug/m3,open-meteo-cams
815d2623-59d5-4ccb-bc1e-782acc8442cc,Stack 3 - Steel Plant 3,21.23,81.574,2026-03-13T02:00,NO2,48.0,ug/m3,open-meteo-cams
815d2623-59d5-4ccb-bc1e-782acc8442cc,Stack 3 - Steel Plant 3,21.23,81.574,2026-03-13T02:00,SO2,12.6,ug/m3,open-meteo-cams
815d2623-59d5-4ccb-bc1e-782acc8442cc,Stack 3 - Steel Plant 3,21.23,81.574,2026-03-13T03:00,PM2.5,73.8,ug/m3,open-meteo-cams
815d2623-59d5-4ccb-bc1e-782acc8442cc,Stack 3 - Steel Plant 3,21.23,81.574,2026-03-13T03:00,NO2,47.9,ug/m3,open-meteo-cams
815d2623-59d5-4ccb-bc1e-782acc8442cc,Stack 3 - Steel Plant 3,21.23,81.574,2026-03-13T03:00,SO2,13.9,ug/m3,open-meteo-cams
815d2623-59d5-4ccb-bc1e-782acc8442cc,Stack 3 - Steel Plant 3,21.23,81.574,2026-03-13T04:00,PM2.5,68.9,ug/m3,open-meteo-cams
815d2623-59d5-4ccb-bc1e-782acc8442cc,Stack 3 - Steel Plant 3,21.23,81.574,2026-03-13T04:00,NO2,38.1,ug/m3,open-meteo-cams
815d2623-59d5-4ccb-bc1e-782acc8442cc,Stack 3 - Steel Plant 3,21.23,81.574,2026-03-13T04:00,SO2,14.0,ug/m3,open-meteo-cams
815d2623-59d5-4ccb-bc1e-782acc8442cc,Stack 3 - Steel Plant 3,21.23,81.574,2026-03-13T05:00,PM2.5,46.1,ug/m3,open-meteo-cams
815d2623-59d5-4ccb-bc1e-782acc8442cc,Stack 3 - Steel Plant 3,21.23,81.574,2026-03-13T05:00,NO2,23.4,ug/m3,open-meteo-cams
815d2623-59d5-4ccb-bc1e-782acc8442cc,Stack 3 - Steel Plant 3,21.23,81.574,2026-03-13T05:00,SO2,13.4,ug/m3,open-meteo-cams
815d2623-59d5-4ccb-bc1e-782acc8442cc,Stack 3 - Steel Plant 3,21.23,81.574,2026-03-13T06:00,PM2.5,25.9,ug/m3,open-meteo-cams
815d2623-59d5-4ccb-bc1e-782acc8442cc,Stack 3 - Steel Plant 3,21.23,81.574,2026-03-13T06:00,NO2,12.2,ug/m3,open-meteo-cams
815d2623-59d5-4ccb-bc1e-782acc8442cc,Stack 3 - Steel Plant 3,21.23,81.574,2026-03-13T06:00,SO2,12.6,ug/m3,open-meteo-cams
815d2623-59d5-4ccb-bc1e-782acc8442cc,Stack 3 - Steel Plant 3,21.23,81.574,2026-03-13T07:00,PM2.5,21.5,ug/m3,open-meteo-cams
815d2623-59d5-4ccb-bc1e-782acc8442cc,Stack 3 - Steel Plant 3,21.23,81.574,2026-03-13T07:00,NO2,8.0,ug/m3,open-meteo-cams
815d2623-59d5-4ccb-bc1e-782acc8442cc,Stack 3 - Steel Plant 3,21.23,81.574,2026-03-13T07:00,SO2,11.3,ug/m3,open-meteo-cams
815d2623-59d5-4ccb-bc1e-782acc8442cc,Stack 3 - Steel Plant 3,21.23,81.574,2026-03-13T08:00,PM2.5,21.0,ug/m3,open-meteo-cams
815d2623-59d5-4ccb-bc1e-782acc8442cc,Stack 3 - Steel Plant 3,21.23,81.574,2026-03-13T08:00,NO2,7.4,ug/m3,open-meteo-cams
815d2623-59d5-4ccb-bc1e-782acc8442cc,Stack 3 - Steel Plant 3,21.23,81.574,2026-03-13T08:00,SO2,9.8,ug/m3,open-meteo-cams
815d2623-59d5-4ccb-bc1e-782acc8442cc,Stack 3 - Steel Plant 3,21.23,81.574,2026-03-13T09:00,PM2.5,21.1,ug/m3,open-meteo-cams
815d2623-59d5-4ccb-bc1e-782acc8442cc,Stack 3 - Steel Plant 3,21.23,81.574,2026-03-13T09:00,NO2,8.5,ug/m3,open-meteo-cams
815d2623-59d5-4ccb-bc1e-782acc8442cc,Stack 3 - Steel Plant 3,21.23,81.574,2026-03-13T09:00,SO2,8.7,ug/m3,open-meteo-cams
815d2623-59d5-4ccb-bc1e-782acc8442cc,Stack 3 - Steel Plant 3,21.23,81.574,2026-03-13T10:00,PM2.5,21.1,ug/m3,open-meteo-cams
815d2623-59d5-4ccb-bc1e-782acc8442cc,Stack 3 - Steel Plant 3,21.23,81.574,2026-03-13T10:00,NO2,11.5,ug/m3,open-meteo-cams
815d2623-59d5-4ccb-bc1e-782acc8442cc,Stack 3 - Steel Plant 3,21.23,81.574,2026-03-13T10:00,SO2,8.4,ug/m3,open-meteo-cams
815d2623-59d5-4ccb-bc1e-782acc8442cc,Stack 3 - Steel Plant 3,21.23,81.574,2026-03-13T11:00,PM2.5,21.4,ug/m3,open-meteo-cams
815d2623-59d5-4ccb-bc1e-782acc8442cc,Stack 3 - Steel Plant 3,21.23,81.574,2026-03-13T11:00,NO2,16.2,ug/m3,open-meteo-cams
815d2623-59d5-4ccb-bc1e-782acc8442cc,Stack 3 - Steel Plant 3,21.23,81.574,2026-03-13T11:00,SO2,8.5,ug/m3,open-meteo-cams
815d2623-59d5-4ccb-bc1e-782acc8442cc,Stack 3 - Steel Plant 3,21.23,81.574,2026-03-13T12:00,PM2.5,29.5,ug/m3,open-meteo-cams
815d2623-59d5-4ccb-bc1e-782acc8442cc,Stack 3 - Steel Plant 3,21.23,81.574,2026-03-13T12:00,NO2,20.2,ug/m3,open-meteo-cams
815d2623-59d5-4ccb-bc1e-782acc8442cc,Stack 3 - Steel Plant 3,21.23,81.574,2026-03-13T12:00,SO2,8.9,ug/m3,open-meteo-cams
815d2623-59d5-4ccb-bc1e-782acc8442cc,Stack 3 - Steel Plant 3,21.23,81.574,2026-03-13T13:00,PM2.5,42.5,ug/m3,open-meteo-cams
815d2623-59d5-4ccb-bc1e-782acc8442cc,Stack 3 - Steel Plant 3,21.23,81.574,2026-03-13T13:00,NO2,22.7,ug/m3,open-meteo-cams
815d2623-59d5-4ccb-bc1e-782acc8442cc,Stack 3 - Steel Plant 3,21.23,81.574,2026-03-13T13:00,SO2,9.8,ug/m3,open-meteo-cams
815d2623-59d5-4ccb-bc1e-782acc8442cc,Stack 3 - Steel Plant 3,21.23,81.574,2026-03-13T14:00,PM2.5,45.5,ug/m3,open-meteo-cams
815d2623-59d5-4ccb-bc1e-782acc8442cc,Stack 3 - Steel Plant 3,21.23,81.574,2026-03-13T14:00,NO2,24.5,ug/m3,open-meteo-cams
815d2623-59d5-4ccb-bc1e-782acc8442cc,Stack 3 - Steel Plant 3,21.23,81.574,2026-03-13T14:00,SO2,10.9,ug/m3,open-meteo-cams
815d2623-59d5-4ccb-bc1e-782acc8442cc,Stack 3 - Steel Plant 3,21.23,81.574,2026-03-13T15:00,PM2.5,43.8,ug/m3,open-meteo-cams
815d2623-59d5-4ccb-bc1e-782acc8442cc,Stack 3 - Steel Plant 3,21.23,81.574,2026-03-13T15:00,NO2,25.3,ug/m3,open-meteo-cams
815d2623-59d5-4ccb-bc1e-782acc8442cc,Stack 3 - Steel Plant 3,21.23,81.574,2026-03-13T15:00,SO2,11.5,ug/m3,open-meteo-cams
815d2623-59d5-4ccb-bc1e-782acc8442cc,Stack 3 - Steel Plant 3,21.23,81.574,2026-03-13T16:00,PM2.5,42.6,ug/m3,open-meteo-cams
815d2623-59d5-4ccb-bc1e-782acc8442cc,Stack 3 - Steel Plant 3,21.23,81.574,2026-03-13T16:00,NO2,24.3,ug/m3,open-meteo-cams
815d2623-59d5-4ccb-bc1e-782acc8442cc,Stack 3 - Steel Plant 3,21.23,81.574,2026-03-13T16:00,SO2,11.0,ug/m3,open-meteo-cams
815d2623-59d5-4ccb-bc1e-782acc8442cc,Stack 3 - Steel Plant 3,21.23,81.574,2026-03-13T17:00,PM2.5,42.4,ug/m3,open-meteo-cams
815d2623-59d5-4ccb-bc1e-782acc8442cc,Stack 3 - Steel Plant 3,21.23,81.574,2026-03-13T17:00,NO2,22.3,ug/m3,open-meteo-cams
815d2623-59d5-4ccb-bc1e-782acc8442cc,Stack 3 - Steel Plant 3,21.23,81.574,2026-03-13T17:00,SO2,9.9,ug/m3,open-meteo-cams
815d2623-59d5-4ccb-bc1e-782acc8442cc,Stack 3 - Steel Plant 3,21.23,81.574,2026-03-13T18:00,PM2.5,43.2,ug/m3,open-meteo-cams
815d2623-59d5-4ccb-bc1e-782acc8442cc,Stack 3 - Steel Plant 3,21.23,81.574,2026-03-13T18:00,NO2,21.9,ug/m3,open-meteo-cams
815d2623-59d5-4ccb-bc1e-782acc8442cc,Stack 3 - Steel Plant 3,21.23,81.574,2026-03-13T18:00,SO2,9.1,ug/m3,open-meteo-cams
815d2623-59d5-4ccb-bc1e-782acc8442cc,Stack 3 - Steel Plant 3,21.23,81.574,2026-03-13T19:00,PM2.5,45.4,ug/m3,open-meteo-cams
815d2623-59d5-4ccb-bc1e-782acc8442cc,Stack 3 - Steel Plant 3,21.23,81.574,2026-03-13T19:00,NO2,24.7,ug/m3,open-meteo-cams
815d2623-59d5-4ccb-bc1e-782acc8442cc,Stack 3 - Steel Plant 3,21.23,81.574,2026-03-13T19:00,SO2,9.0,ug/m3,open-meteo-cams
815d2623-59d5-4ccb-bc1e-782acc8442cc,Stack 3 - Steel Plant 3,21.23,81.574,2026-03-13T20:00,PM2.5,51.6,ug/m3,open-meteo-cams
815d2623-59d5-4ccb-bc1e-782acc8442cc,Stack 3 - Steel Plant 3,21.23,81.574,2026-03-13T20:00,NO2,29.0,ug/m3,open-meteo-cams
815d2623-59d5-4ccb-bc1e-782acc8442cc,Stack 3 - Steel Plant 3,21.23,81.574,2026-03-13T20:00,SO2,9.1,ug/m3,open-meteo-cams
815d2623-59d5-4ccb-bc1e-782acc8442cc,Stack 3 - Steel Plant 3,21.23,81.574,2026-03-13T21:00,PM2.5,57.5,ug/m3,open-meteo-cams
815d2623-59d5-4ccb-bc1e-782acc8442cc,Stack 3 - Steel Plant 3,21.23,81.574,2026-03-13T21:00,NO2,32.8,ug/m3,open-meteo-cams
815d2623-59d5-4ccb-bc1e-782acc8442cc,Stack 3 - Steel Plant 3,21.23,81.574,2026-03-13T21:00,SO2,9.3,ug/m3,open-meteo-cams
815d2623-59d5-4ccb-bc1e-782acc8442cc,Stack 3 - Steel Plant 3,21.23,81.574,2026-03-13T22:00,PM2.5,63.3,ug/m3,open-meteo-cams
815d2623-59d5-4ccb-bc1e-782acc8442cc,Stack 3 - Steel Plant 3,21.23,81.574,2026-03-13T22:00,NO2,35.6,ug/m3,open-meteo-cams
815d2623-59d5-4ccb-bc1e-782acc8442cc,Stack 3 - Steel Plant 3,21.23,81.574,2026-03-13T22:00,SO2,9.4,ug/m3,open-meteo-cams
815d2623-59d5-4ccb-bc1e-782acc8442cc,Stack 3 - Steel Plant 3,21.23,81.574,2026-03-13T23:00,PM2.5,67.8,ug/m3,open-meteo-cams
815d2623-59d5-4ccb-bc1e-782acc8442cc,Stack 3 - Steel Plant 3,21.23,81.574,2026-03-13T23:00,NO2,37.9,ug/m3,open-meteo-cams
815d2623-59d5-4ccb-bc1e-782acc8442cc,Stack 3 - Steel Plant 3,21.23,81.574,2026-03-13T23:00,SO2,9.4,ug/m3,open-meteo-cams
815d2623-59d5-4ccb-bc1e-782acc8442cc,Stack 3 - Steel Plant 3,21.23,81.574,2026-03-14T00:00,PM2.5,63.8,ug/m3,open-meteo-cams
815d2623-59d5-4ccb-bc1e-782acc8442cc,Stack 3 - Steel Plant 3,21.23,81.574,2026-03-14T00:00,NO2,38.7,ug/m3,open-meteo-cams
815d2623-59d5-4ccb-bc1e-782acc8442cc,Stack 3 - Steel Plant 3,21.23,81.574,2026-03-14T00:00,SO2,9.5,ug/m3,open-meteo-cams
815d2623-59d5-4ccb-bc1e-782acc8442cc,Stack 3 - Steel Plant 3,21.23,81.574,2026-03-14T01:00,PM2.5,55.5,ug/m3,open-meteo-cams
815d2623-59d5-4ccb-bc1e-782acc8442cc,Stack 3 - Steel Plant 3,21.23,81.574,2026-03-14T01:00,NO2,37.5,ug/m3,open-meteo-cams
815d2623-59d5-4ccb-bc1e-782acc8442cc,Stack 3 - Steel Plant 3,21.23,81.574,2026-03-14T01:00,SO2,9.6,ug/m3,open-meteo-cams
815d2623-59d5-4ccb-bc1e-782acc8442cc,Stack 3 - Steel Plant 3,21.23,81.574,2026-03-14T02:00,PM2.5,48.8,ug/m3,open-meteo-cams
815d2623-59d5-4ccb-bc1e-782acc8442cc,Stack 3 - Steel Plant 3,21.23,81.574,2026-03-14T02:00,NO2,34.9,ug/m3,open-meteo-cams
815d2623-59d5-4ccb-bc1e-782acc8442cc,Stack 3 - Steel Plant 3,21.23,81.574,2026-03-14T02:00,SO2,9.6,ug/m3,open-meteo-cams
815d2623-59d5-4ccb-bc1e-782acc8442cc,Stack 3 - Steel Plant 3,21.23,81.574,2026-03-14T03:00,PM2.5,48.1,ug/m3,open-meteo-cams
815d2623-59d5-4ccb-bc1e-782acc8442cc,Stack 3 - Steel Plant 3,21.23,81.574,2026-03-14T03:00,NO2,31.1,ug/m3,open-meteo-cams
815d2623-59d5-4ccb-bc1e-782acc8442cc,Stack 3 - Steel Plant 3,21.23,81.574,2026-03-14T03:00,SO2,10.1,ug/m3,open-meteo-cams
815d2623-59d5-4ccb-bc1e-782acc8442cc,Stack 3 - Steel Plant 3,21.23,81.574,2026-03-14T04:00,PM2.5,48.4,ug/m3,open-meteo-cams
815d2623-59d5-4ccb-bc1e-782acc8442cc,Stack 3 - Steel Plant 3,21.23,81.574,2026-03-14T04:00,NO2,25.5,ug/m3,open-meteo-cams
815d2623-59d5-4ccb-bc1e-782acc8442cc,Stack 3 - Steel Plant 3,21.23,81.574,2026-03-14T04:00,SO2,11.5,ug/m3,open-meteo-cams
815d2623-59d5-4ccb-bc1e-782acc8442cc,Stack 3 - Steel Plant 3,21.23,81.574,2026-03-14T05:00,PM2.5,45.8,ug/m3,open-meteo-cams
815d2623-59d5-4ccb-bc1e-782acc8442cc,Stack 3 - Steel Plant 3,21.23,81.574,2026-03-14T05:00,NO2,18.8,ug/m3,open-meteo-cams
815d2623-59d5-4ccb-bc1e-782acc8442cc,Stack 3 - Steel Plant 3,21.23,81.574,2026-03-14T05:00,SO2,13.2,ug/m3,open-meteo-cams
815d2623-59d5-4ccb-bc1e-782acc8442cc,Stack 3 - Steel Plant 3,21.23,81.574,2026-03-14T06:00,PM2.5,37.8,ug/m3,open-meteo-cams
815d2623-59d5-4ccb-bc1e-782acc8442cc,Stack 3 - Steel Plant 3,21.23,81.574,2026-03-14T06:00,NO2,13.2,ug/m3,open-meteo-cams
815d2623-59d5-4ccb-bc1e-782acc8442cc,Stack 3 - Steel Plant 3,21.23,81.574,2026-03-14T06:00,SO2,13.9,ug/m3,open-meteo-cams
815d2623-59d5-4ccb-bc1e-782acc8442cc,Stack 3 - Steel Plant 3,21.23,81.574,2026-03-14T07:00,PM2.5,31.8,ug/m3,open-meteo-cams
815d2623-59d5-4ccb-bc1e-782acc8442cc,Stack 3 - Steel Plant 3,21.23,81.574,2026-03-14T07:00,NO2,9.2,ug/m3,open-meteo-cams
815d2623-59d5-4ccb-bc1e-782acc8442cc,Stack 3 - Steel Plant 3,21.23,81.574,2026-03-14T07:00,SO2,12.5,ug/m3,open-meteo-cams
815d2623-59d5-4ccb-bc1e-782acc8442cc,Stack 3 - Steel Plant 3,21.23,81.574,2026-03-14T08:00,PM2.5,23.3,ug/m3,open-meteo-cams
815d2623-59d5-4ccb-bc1e-782acc8442cc,Stack 3 - Steel Plant 3,21.23,81.574,2026-03-14T08:00,NO2,6.5,ug/m3,open-meteo-cams
815d2623-59d5-4ccb-bc1e-782acc8442cc,Stack 3 - Steel Plant 3,21.23,81.574,2026-03-14T08:00,SO2,10.0,ug/m3,open-meteo-cams
815d2623-59d5-4ccb-bc1e-782acc8442cc,Stack 3 - Steel Plant 3,21.23,81.574,2026-03-14T09:00,PM2.5,20.7,ug/m3,open-meteo-cams
815d2623-59d5-4ccb-bc1e-782acc8442cc,Stack 3 - Steel Plant 3,21.23,81.574,2026-03-14T09:00,NO2,5.7,ug/m3,open-meteo-cams
815d2623-59d5-4ccb-bc1e-782acc8442cc,Stack 3 - Steel Plant 3,21.23,81.574,2026-03-14T09:00,SO2,8.2,ug/m3,open-meteo-cams
815d2623-59d5-4ccb-bc1e-782acc8442cc,Stack 3 - Steel Plant 3,21.23,81.574,2026-03-14T10:00,PM2.5,20.3,ug/m3,open-meteo-cams
815d2623-59d5-4ccb-bc1e-782acc8442cc,Stack 3 - Steel Plant 3,21.23,81.574,2026-03-14T10:00,NO2,7.9,ug/m3,open-meteo-cams
815d2623-59d5-4ccb-bc1e-782acc8442cc,Stack 3 - Steel Plant 3,21.23,81.574,2026-03-14T10:00,SO2,7.8,ug/m3,open-meteo-cams
815d2623-59d5-4ccb-bc1e-782acc8442cc,Stack 3 - Steel Plant 3,21.23,81.574,2026-03-14T11:00,PM2.5,20.8,ug/m3,open-meteo-cams
815d2623-59d5-4ccb-bc1e-782acc8442cc,Stack 3 - Steel Plant 3,21.23,81.574,2026-03-14T11:00,NO2,12.2,ug/m3,open-meteo-cams
815d2623-59d5-4ccb-bc1e-782acc8442cc,Stack 3 - Steel Plant 3,21.23,81.574,2026-03-14T11:00,SO2,8.1,ug/m3,open-meteo-cams
815d2623-59d5-4ccb-bc1e-782acc8442cc,Stack 3 - Steel Plant 3,21.23,81.574,2026-03-14T12:00,PM2.5,28.7,ug/m3,open-meteo-cams
815d2623-59d5-4ccb-bc1e-782acc8442cc,Stack 3 - Steel Plant 3,21.23,81.574,2026-03-14T12:00,NO2,16.6,ug/m3,open-meteo-cams
815d2623-59d5-4ccb-bc1e-782acc8442cc,Stack 3 - Steel Plant 3,21.23,81.574,2026-03-14T12:00,SO2,8.8,ug/m3,open-meteo-cams
815d2623-59d5-4ccb-bc1e-782acc8442cc,Stack 3 - Steel Plant 3,21.23,81.574,2026-03-14T13:00,PM2.5,41.1,ug/m3,open-meteo-cams
815d2623-59d5-4ccb-bc1e-782acc8442cc,Stack 3 - Steel Plant 3,21.23,81.574,2026-03-14T13:00,NO2,20.7,ug/m3,open-meteo-cams
815d2623-59d5-4ccb-bc1e-782acc8442cc,Stack 3 - Steel Plant 3,21.23,81.574,2026-03-14T13:00,SO2,10.1,ug/m3,open-meteo-cams
815d2623-59d5-4ccb-bc1e-782acc8442cc,Stack 3 - Steel Plant 3,21.23,81.574,2026-03-14T14:00,PM2.5,48.4,ug/m3,open-meteo-cams
815d2623-59d5-4ccb-bc1e-782acc8442cc,Stack 3 - Steel Plant 3,21.23,81.574,2026-03-14T14:00,NO2,24.8,ug/m3,open-meteo-cams
815d2623-59d5-4ccb-bc1e-782acc8442cc,Stack 3 - Steel Plant 3,21.23,81.574,2026-03-14T14:00,SO2,11.9,ug/m3,open-meteo-cams
815d2623-59d5-4ccb-bc1e-782acc8442cc,Stack 3 - Steel Plant 3,21.23,81.574,2026-03-14T15:00,PM2.5,51.9,ug/m3,open-meteo-cams
815d2623-59d5-4ccb-bc1e-782acc8442cc,Stack 3 - Steel Plant 3,21.23,81.574,2026-03-14T15:00,NO2,28.1,ug/m3,open-meteo-cams
815d2623-59d5-4ccb-bc1e-782acc8442cc,Stack 3 - Steel Plant 3,21.23,81.574,2026-03-14T15:00,SO2,13.1,ug/m3,open-meteo-cams
815d2623-59d5-4ccb-bc1e-782acc8442cc,Stack 3 - Steel Plant 3,21.23,81.574,2026-03-14T16:00,PM2.5,55.3,ug/m3,open-meteo-cams
815d2623-59d5-4ccb-bc1e-782acc8442cc,Stack 3 - Steel Plant 3,21.23,81.574,2026-03-14T16:00,NO2,30.2,ug/m3,open-meteo-cams
815d2623-59d5-4ccb-bc1e-782acc8442cc,Stack 3 - Steel Plant 3,21.23,81.574,2026-03-14T16:00,SO2,13.4,ug/m3,open-meteo-cams
815d2623-59d5-4ccb-bc1e-782acc8442cc,Stack 3 - Steel Plant 3,21.23,81.574,2026-03-14T17:00,PM2.5,59.3,ug/m3,open-meteo-cams
815d2623-59d5-4ccb-bc1e-782acc8442cc,Stack 3 - Steel Plant 3,21.23,81.574,2026-03-14T17:00,NO2,31.5,ug/m3,open-meteo-cams
815d2623-59d5-4ccb-bc1e-782acc8442cc,Stack 3 - Steel Plant 3,21.23,81.574,2026-03-14T17:00,SO2,13.2,ug/m3,open-meteo-cams
815d2623-59d5-4ccb-bc1e-782acc8442cc,Stack 3 - Steel Plant 3,21.23,81.574,2026-03-14T18:00,PM2.5,63.1,ug/m3,open-meteo-cams
815d2623-59d5-4ccb-bc1e-782acc8442cc,Stack 3 - Steel Plant 3,21.23,81.574,2026-03-14T18:00,NO2,32.3,ug/m3,open-meteo-cams
815d2623-59d5-4ccb-bc1e-782acc8442cc,Stack 3 - Steel Plant 3,21.23,81.574,2026-03-14T18:00,SO2,12.6,ug/m3,open-meteo-cams
815d2623-59d5-4ccb-bc1e-782acc8442cc,Stack 3 - Steel Plant 3,21.23,81.574,2026-03-14T19:00,PM2.5,62.2,ug/m3,open-meteo-cams
815d2623-59d5-4ccb-bc1e-782acc8442cc,Stack 3 - Steel Plant 3,21.23,81.574,2026-03-14T19:00,NO2,32.9,ug/m3,open-meteo-cams
815d2623-59d5-4ccb-bc1e-782acc8442cc,Stack 3 - Steel Plant 3,21.23,81.574,2026-03-14T19:00,SO2,11.6,ug/m3,open-meteo-cams
815d2623-59d5-4ccb-bc1e-782acc8442cc,Stack 3 - Steel Plant 3,21.23,81.574,2026-03-14T20:00,PM2.5,56.8,ug/m3,open-meteo-cams
815d2623-59d5-4ccb-bc1e-782acc8442cc,Stack 3 - Steel Plant 3,21.23,81.574,2026-03-14T20:00,NO2,33.0,ug/m3,open-meteo-cams
815d2623-59d5-4ccb-bc1e-782acc8442cc,Stack 3 - Steel Plant 3,21.23,81.574,2026-03-14T20:00,SO2,10.3,ug/m3,open-meteo-cams
815d2623-59d5-4ccb-bc1e-782acc8442cc,Stack 3 - Steel Plant 3,21.23,81.574,2026-03-14T21:00,PM2.5,51.8,ug/m3,open-meteo-cams
815d2623-59d5-4ccb-bc1e-782acc8442cc,Stack 3 - Steel Plant 3,21.23,81.574,2026-03-14T21:00,NO2,32.3,ug/m3,open-meteo-cams
815d2623-59d5-4ccb-bc1e-782acc8442cc,Stack 3 - Steel Plant 3,21.23,81.574,2026-03-14T21:00,SO2,9.3,ug/m3,open-meteo-cams
815d2623-59d5-4ccb-bc1e-782acc8442cc,Stack 3 - Steel Plant 3,21.23,81.574,2026-03-14T22:00,PM2.5,46.4,ug/m3,open-meteo-cams
815d2623-59d5-4ccb-bc1e-782acc8442cc,Stack 3 - Steel Plant 3,21.23,81.574,2026-03-14T22:00,NO2,30.2,ug/m3,open-meteo-cams
815d2623-59d5-4ccb-bc1e-782acc8442cc,Stack 3 - Steel Plant 3,21.23,81.574,2026-03-14T22:00,SO2,8.8,ug/m3,open-meteo-cams
815d2623-59d5-4ccb-bc1e-782acc8442cc,Stack 3 - Steel Plant 3,21.23,81.574,2026-03-14T23:00,PM2.5,42.6,ug/m3,open-meteo-cams
815d2623-59d5-4ccb-bc1e-782acc8442cc,Stack 3 - Steel Plant 3,21.23,81.574,2026-03-14T23:00,NO2,27.2,ug/m3,open-meteo-cams
815d2623-59d5-4ccb-bc1e-782acc8442cc,Stack 3 - Steel Plant 3,21.23,81.574,2026-03-14T23:00,SO2,8.6,ug/m3,open-meteo-cams
f8edbfa0-8606-48c1-a988-4354b7a9a49b,Stack 4 - Steel Plant 4,21.24,81.582,2026-03-13T00:00,PM2.5,64.7,ug/m3,open-meteo-cams
f8edbfa0-8606-48c1-a988-4354b7a9a49b,Stack 4 - Steel Plant 4,21.24,81.582,2026-03-13T00:00,NO2,39.4,ug/m3,open-meteo-cams
f8edbfa0-8606-48c1-a988-4354b7a9a49b,Stack 4 - Steel Plant 4,21.24,81.582,2026-03-13T00:00,SO2,9.3,ug/m3,open-meteo-cams
f8edbfa0-8606-48c1-a988-4354b7a9a49b,Stack 4 - Steel Plant 4,21.24,81.582,2026-03-13T01:00,PM2.5,72.6,ug/m3,open-meteo-cams
f8edbfa0-8606-48c1-a988-4354b7a9a49b,Stack 4 - Steel Plant 4,21.24,81.582,2026-03-13T01:00,NO2,43.2,ug/m3,open-meteo-cams
f8edbfa0-8606-48c1-a988-4354b7a9a49b,Stack 4 - Steel Plant 4,21.24,81.582,2026-03-13T01:00,SO2,10.7,ug/m3,open-meteo-cams
f8edbfa0-8606-48c1-a988-4354b7a9a49b,Stack 4 - Steel Plant 4,21.24,81.582,2026-03-13T02:00,PM2.5,78.7,ug/m3,open-meteo-cams
f8edbfa0-8606-48c1-a988-4354b7a9a49b,Stack 4 - Steel Plant 4,21.24,81.582,2026-03-13T02:00,NO2,48.0,ug/m3,open-meteo-cams
f8edbfa0-8606-48c1-a988-4354b7a9a49b,Stack 4 - Steel Plant 4,21.24,81.582,2026-03-13T02:00,SO2,12.6,ug/m3,open-meteo-cams
f8edbfa0-8606-48c1-a988-4354b7a9a49b,Stack 4 - Steel Plant 4,21.24,81.582,2026-03-13T03:00,PM2.5,73.8,ug/m3,open-meteo-cams
f8edbfa0-8606-48c1-a988-4354b7a9a49b,Stack 4 - Steel Plant 4,21.24,81.582,2026-03-13T03:00,NO2,47.9,ug/m3,open-meteo-cams
f8edbfa0-8606-48c1-a988-4354b7a9a49b,Stack 4 - Steel Plant 4,21.24,81.582,2026-03-13T03:00,SO2,13.9,ug/m3,open-meteo-cams
f8edbfa0-8606-48c1-a988-4354b7a9a49b,Stack 4 - Steel Plant 4,21.24,81.582,2026-03-13T04:00,PM2.5,68.9,ug/m3,open-meteo-cams
f8edbfa0-8606-48c1-a988-4354b7a9a49b,Stack 4 - Steel Plant 4,21.24,81.582,2026-03-13T04:00,NO2,38.1,ug/m3,open-meteo-cams
f8edbfa0-8606-48c1-a988-4354b7a9a49b,Stack 4 - Steel Plant 4,21.24,81.582,2026-03-13T04:00,SO2,14.0,ug/m3,open-meteo-cams
f8edbfa0-8606-48c1-a988-4354b7a9a49b,Stack 4 - Steel Plant 4,21.24,81.582,2026-03-13T05:00,PM2.5,46.1,ug/m3,open-meteo-cams
f8edbfa0-8606-48c1-a988-4354b7a9a49b,Stack 4 - Steel Plant 4,21.24,81.582,2026-03-13T05:00,NO2,23.4,ug/m3,open-meteo-cams
f8edbfa0-8606-48c1-a988-4354b7a9a49b,Stack 4 - Steel Plant 4,21.24,81.582,2026-03-13T05:00,SO2,13.4,ug/m3,open-meteo-cams
f8edbfa0-8606-48c1-a988-4354b7a9a49b,Stack 4 - Steel Plant 4,21.24,81.582,2026-03-13T06:00,PM2.5,25.9,ug/m3,open-meteo-cams
f8edbfa0-8606-48c1-a988-4354b7a9a49b,Stack 4 - Steel Plant 4,21.24,81.582,2026-03-13T06:00,NO2,12.2,ug/m3,open-meteo-cams
f8edbfa0-8606-48c1-a988-4354b7a9a49b,Stack 4 - Steel Plant 4,21.24,81.582,2026-03-13T06:00,SO2,12.6,ug/m3,open-meteo-cams
f8edbfa0-8606-48c1-a988-4354b7a9a49b,Stack 4 - Steel Plant 4,21.24,81.582,2026-03-13T07:00,PM2.5,21.5,ug/m3,open-meteo-cams
f8edbfa0-8606-48c1-a988-4354b7a9a49b,Stack 4 - Steel Plant 4,21.24,81.582,2026-03-13T07:00,NO2,8.0,ug/m3,open-meteo-cams
f8edbfa0-8606-48c1-a988-4354b7a9a49b,Stack 4 - Steel Plant 4,21.24,81.582,2026-03-13T07:00,SO2,11.3,ug/m3,open-meteo-cams
f8edbfa0-8606-48c1-a988-4354b7a9a49b,Stack 4 - Steel Plant 4,21.24,81.582,2026-03-13T08:00,PM2.5,21.0,ug/m3,open-meteo-cams
f8edbfa0-8606-48c1-a988-4354b7a9a49b,Stack 4 - Steel Plant 4,21.24,81.582,2026-03-13T08:00,NO2,7.4,ug/m3,open-meteo-cams
f8edbfa0-8606-48c1-a988-4354b7a9a49b,Stack 4 - Steel Plant 4,21.24,81.582,2026-03-13T08:00,SO2,9.8,ug/m3,open-meteo-cams
f8edbfa0-8606-48c1-a988-4354b7a9a49b,Stack 4 - Steel Plant 4,21.24,81.582,2026-03-13T09:00,PM2.5,21.1,ug/m3,open-meteo-cams
f8edbfa0-8606-48c1-a988-4354b7a9a49b,Stack 4 - Steel Plant 4,21.24,81.582,2026-03-13T09:00,NO2,8.5,ug/m3,open-meteo-cams
f8edbfa0-8606-48c1-a988-4354b7a9a49b,Stack 4 - Steel Plant 4,21.24,81.582,2026-03-13T09:00,SO2,8.7,ug/m3,open-meteo-cams
f8edbfa0-8606-48c1-a988-4354b7a9a49b,Stack 4 - Steel Plant 4,21.24,81.582,2026-03-13T10:00,PM2.5,21.1,ug/m3,open-meteo-cams
f8edbfa0-8606-48c1-a988-4354b7a9a49b,Stack 4 - Steel Plant 4,21.24,81.582,2026-03-13T10:00,NO2,11.5,ug/m3,open-meteo-cams
f8edbfa0-8606-48c1-a988-4354b7a9a49b,Stack 4 - Steel Plant 4,21.24,81.582,2026-03-13T10:00,SO2,8.4,ug/m3,open-meteo-cams
f8edbfa0-8606-48c1-a988-4354b7a9a49b,Stack 4 - Steel Plant 4,21.24,81.582,2026-03-13T11:00,PM2.5,21.4,ug/m3,open-meteo-cams
f8edbfa0-8606-48c1-a988-4354b7a9a49b,Stack 4 - Steel Plant 4,21.24,81.582,2026-03-13T11:00,NO2,16.2,ug/m3,open-meteo-cams
f8edbfa0-8606-48c1-a988-4354b7a9a49b,Stack 4 - Steel Plant 4,21.24,81.582,2026-03-13T11:00,SO2,8.5,ug/m3,open-meteo-cams
f8edbfa0-8606-48c1-a988-4354b7a9a49b,Stack 4 - Steel Plant 4,21.24,81.582,2026-03-13T12:00,PM2.5,29.5,ug/m3,open-meteo-cams
f8edbfa0-8606-48c1-a988-4354b7a9a49b,Stack 4 - Steel Plant 4,21.24,81.582,2026-03-13T12:00,NO2,20.2,ug/m3,open-meteo-cams
f8edbfa0-8606-48c1-a988-4354b7a9a49b,Stack 4 - Steel Plant 4,21.24,81.582,2026-03-13T12:00,SO2,8.9,ug/m3,open-meteo-cams
f8edbfa0-8606-48c1-a988-4354b7a9a49b,Stack 4 - Steel Plant 4,21.24,81.582,2026-03-13T13:00,PM2.5,42.5,ug/m3,open-meteo-cams
f8edbfa0-8606-48c1-a988-4354b7a9a49b,Stack 4 - Steel Plant 4,21.24,81.582,2026-03-13T13:00,NO2,22.7,ug/m3,open-meteo-cams
f8edbfa0-8606-48c1-a988-4354b7a9a49b,Stack 4 - Steel Plant 4,21.24,81.582,2026-03-13T13:00,SO2,9.8,ug/m3,open-meteo-cams
f8edbfa0-8606-48c1-a988-4354b7a9a49b,Stack 4 - Steel Plant 4,21.24,81.582,2026-03-13T14:00,PM2.5,45.5,ug/m3,open-meteo-cams
f8edbfa0-8606-48c1-a988-4354b7a9a49b,Stack 4 - Steel Plant 4,21.24,81.582,2026-03-13T14:00,NO2,24.5,ug/m3,open-meteo-cams
f8edbfa0-8606-48c1-a988-4354b7a9a49b,Stack 4 - Steel Plant 4,21.24,81.582,2026-03-13T14:00,SO2,10.9,ug/m3,open-meteo-cams
f8edbfa0-8606-48c1-a988-4354b7a9a49b,Stack 4 - Steel Plant 4,21.24,81.582,2026-03-13T15:00,PM2.5,43.8,ug/m3,open-meteo-cams
f8edbfa0-8606-48c1-a988-4354b7a9a49b,Stack 4 - Steel Plant 4,21.24,81.582,2026-03-13T15:00,NO2,25.3,ug/m3,open-meteo-cams
f8edbfa0-8606-48c1-a988-4354b7a9a49b,Stack 4 - Steel Plant 4,21.24,81.582,2026-03-13T15:00,SO2,11.5,ug/m3,open-meteo-cams
f8edbfa0-8606-48c1-a988-4354b7a9a49b,Stack 4 - Steel Plant 4,21.24,81.582,2026-03-13T16:00,PM2.5,42.6,ug/m3,open-meteo-cams
f8edbfa0-8606-48c1-a988-4354b7a9a49b,Stack 4 - Steel Plant 4,21.24,81.582,2026-03-13T16:00,NO2,24.3,ug/m3,open-meteo-cams
f8edbfa0-8606-48c1-a988-4354b7a9a49b,Stack 4 - Steel Plant 4,21.24,81.582,2026-03-13T16:00,SO2,11.0,ug/m3,open-meteo-cams
f8edbfa0-8606-48c1-a988-4354b7a9a49b,Stack 4 - Steel Plant 4,21.24,81.582,2026-03-13T17:00,PM2.5,42.4,ug/m3,open-meteo-cams
f8edbfa0-8606-48c1-a988-4354b7a9a49b,Stack 4 - Steel Plant 4,21.24,81.582,2026-03-13T17:00,NO2,22.3,ug/m3,open-meteo-cams
f8edbfa0-8606-48c1-a988-4354b7a9a49b,Stack 4 - Steel Plant 4,21.24,81.582,2026-03-13T17:00,SO2,9.9,ug/m3,open-meteo-cams
f8edbfa0-8606-48c1-a988-4354b7a9a49b,Stack 4 - Steel Plant 4,21.24,81.582,2026-03-13T18:00,PM2.5,43.2,ug/m3,open-meteo-cams
f8edbfa0-8606-48c1-a988-4354b7a9a49b,Stack 4 - Steel Plant 4,21.24,81.582,2026-03-13T18:00,NO2,21.9,ug/m3,open-meteo-cams
f8edbfa0-8606-48c1-a988-4354b7a9a49b,Stack 4 - Steel Plant 4,21.24,81.582,2026-03-13T18:00,SO2,9.1,ug/m3,open-meteo-cams
f8edbfa0-8606-48c1-a988-4354b7a9a49b,Stack 4 - Steel Plant 4,21.24,81.582,2026-03-13T19:00,PM2.5,45.4,ug/m3,open-meteo-cams
f8edbfa0-8606-48c1-a988-4354b7a9a49b,Stack 4 - Steel Plant 4,21.24,81.582,2026-03-13T19:00,NO2,24.7,ug/m3,open-meteo-cams
f8edbfa0-8606-48c1-a988-4354b7a9a49b,Stack 4 - Steel Plant 4,21.24,81.582,2026-03-13T19:00,SO2,9.0,ug/m3,open-meteo-cams
f8edbfa0-8606-48c1-a988-4354b7a9a49b,Stack 4 - Steel Plant 4,21.24,81.582,2026-03-13T20:00,PM2.5,51.6,ug/m3,open-meteo-cams
f8edbfa0-8606-48c1-a988-4354b7a9a49b,Stack 4 - Steel Plant 4,21.24,81.582,2026-03-13T20:00,NO2,29.0,ug/m3,open-meteo-cams
f8edbfa0-8606-48c1-a988-4354b7a9a49b,Stack 4 - Steel Plant 4,21.24,81.582,2026-03-13T20:00,SO2,9.1,ug/m3,open-meteo-cams
f8edbfa0-8606-48c1-a988-4354b7a9a49b,Stack 4 - Steel Plant 4,21.24,81.582,2026-03-13T21:00,PM2.5,57.5,ug/m3,open-meteo-cams
f8edbfa0-8606-48c1-a988-4354b7a9a49b,Stack 4 - Steel Plant 4,21.24,81.582,2026-03-13T21:00,NO2,32.8,ug/m3,open-meteo-cams
f8edbfa0-8606-48c1-a988-4354b7a9a49b,Stack 4 - Steel Plant 4,21.24,81.582,2026-03-13T21:00,SO2,9.3,ug/m3,open-meteo-cams
f8edbfa0-8606-48c1-a988-4354b7a9a49b,Stack 4 - Steel Plant 4,21.24,81.582,2026-03-13T22:00,PM2.5,63.3,ug/m3,open-meteo-cams
f8edbfa0-8606-48c1-a988-4354b7a9a49b,Stack 4 - Steel Plant 4,21.24,81.582,2026-03-13T22:00,NO2,35.6,ug/m3,open-meteo-cams
f8edbfa0-8606-48c1-a988-4354b7a9a49b,Stack 4 - Steel Plant 4,21.24,81.582,2026-03-13T22:00,SO2,9.4,ug/m3,open-meteo-cams
f8edbfa0-8606-48c1-a988-4354b7a9a49b,Stack 4 - Steel Plant 4,21.24,81.582,2026-03-13T23:00,PM2.5,67.8,ug/m3,open-meteo-cams
f8edbfa0-8606-48c1-a988-4354b7a9a49b,Stack 4 - Steel Plant 4,21.24,81.582,2026-03-13T23:00,NO2,37.9,ug/m3,open-meteo-cams
f8edbfa0-8606-48c1-a988-4354b7a9a49b,Stack 4 - Steel Plant 4,21.24,81.582,2026-03-13T23:00,SO2,9.4,ug/m3,open-meteo-cams
f8edbfa0-8606-48c1-a988-4354b7a9a49b,Stack 4 - Steel Plant 4,21.24,81.582,2026-03-14T00:00,PM2.5,63.8,ug/m3,open-meteo-cams
f8edbfa0-8606-48c1-a988-4354b7a9a49b,Stack 4 - Steel Plant 4,21.24,81.582,2026-03-14T00:00,NO2,38.7,ug/m3,open-meteo-cams
f8edbfa0-8606-48c1-a988-4354b7a9a49b,Stack 4 - Steel Plant 4,21.24,81.582,2026-03-14T00:00,SO2,9.5,ug/m3,open-meteo-cams
f8edbfa0-8606-48c1-a988-4354b7a9a49b,Stack 4 - Steel Plant 4,21.24,81.582,2026-03-14T01:00,PM2.5,55.5,ug/m3,open-meteo-cams
f8edbfa0-8606-48c1-a988-4354b7a9a49b,Stack 4 - Steel Plant 4,21.24,81.582,2026-03-14T01:00,NO2,37.5,ug/m3,open-meteo-cams
f8edbfa0-8606-48c1-a988-4354b7a9a49b,Stack 4 - Steel Plant 4,21.24,81.582,2026-03-14T01:00,SO2,9.6,ug/m3,open-meteo-cams
f8edbfa0-8606-48c1-a988-4354b7a9a49b,Stack 4 - Steel Plant 4,21.24,81.582,2026-03-14T02:00,PM2.5,48.8,ug/m3,open-meteo-cams
f8edbfa0-8606-48c1-a988-4354b7a9a49b,Stack 4 - Steel Plant 4,21.24,81.582,2026-03-14T02:00,NO2,34.9,ug/m3,open-meteo-cams
f8edbfa0-8606-48c1-a988-4354b7a9a49b,Stack 4 - Steel Plant 4,21.24,81.582,2026-03-14T02:00,SO2,9.6,ug/m3,open-meteo-cams
f8edbfa0-8606-48c1-a988-4354b7a9a49b,Stack 4 - Steel Plant 4,21.24,81.582,2026-03-14T03:00,PM2.5,48.1,ug/m3,open-meteo-cams
f8edbfa0-8606-48c1-a988-4354b7a9a49b,Stack 4 - Steel Plant 4,21.24,81.582,2026-03-14T03:00,NO2,31.1,ug/m3,open-meteo-cams
f8edbfa0-8606-48c1-a988-4354b7a9a49b,Stack 4 - Steel Plant 4,21.24,81.582,2026-03-14T03:00,SO2,10.1,ug/m3,open-meteo-cams
f8edbfa0-8606-48c1-a988-4354b7a9a49b,Stack 4 - Steel Plant 4,21.24,81.582,2026-03-14T04:00,PM2.5,48.4,ug/m3,open-meteo-cams
f8edbfa0-8606-48c1-a988-4354b7a9a49b,Stack 4 - Steel Plant 4,21.24,81.582,2026-03-14T04:00,NO2,25.5,ug/m3,open-meteo-cams
f8edbfa0-8606-48c1-a988-4354b7a9a49b,Stack 4 - Steel Plant 4,21.24,81.582,2026-03-14T04:00,SO2,11.5,ug/m3,open-meteo-cams
f8edbfa0-8606-48c1-a988-4354b7a9a49b,Stack 4 - Steel Plant 4,21.24,81.582,2026-03-14T05:00,PM2.5,45.8,ug/m3,open-meteo-cams
f8edbfa0-8606-48c1-a988-4354b7a9a49b,Stack 4 - Steel Plant 4,21.24,81.582,2026-03-14T05:00,NO2,18.8,ug/m3,open-meteo-cams
f8edbfa0-8606-48c1-a988-4354b7a9a49b,Stack 4 - Steel Plant 4,21.24,81.582,2026-03-14T05:00,SO2,13.2,ug/m3,open-meteo-cams
f8edbfa0-8606-48c1-a988-4354b7a9a49b,Stack 4 - Steel Plant 4,21.24,81.582,2026-03-14T06:00,PM2.5,37.8,ug/m3,open-meteo-cams
f8edbfa0-8606-48c1-a988-4354b7a9a49b,Stack 4 - Steel Plant 4,21.24,81.582,2026-03-14T06:00,NO2,13.2,ug/m3,open-meteo-cams
f8edbfa0-8606-48c1-a988-4354b7a9a49b,Stack 4 - Steel Plant 4,21.24,81.582,2026-03-14T06:00,SO2,13.9,ug/m3,open-meteo-cams
f8edbfa0-8606-48c1-a988-4354b7a9a49b,Stack 4 - Steel Plant 4,21.24,81.582,2026-03-14T07:00,PM2.5,31.8,ug/m3,open-meteo-cams
f8edbfa0-8606-48c1-a988-4354b7a9a49b,Stack 4 - Steel Plant 4,21.24,81.582,2026-03-14T07:00,NO2,9.2,ug/m3,open-meteo-cams
f8edbfa0-8606-48c1-a988-4354b7a9a49b,Stack 4 - Steel Plant 4,21.24,81.582,2026-03-14T07:00,SO2,12.5,ug/m3,open-meteo-cams
f8edbfa0-8606-48c1-a988-4354b7a9a49b,Stack 4 - Steel Plant 4,21.24,81.582,2026-03-14T08:00,PM2.5,23.3,ug/m3,open-meteo-cams
f8edbfa0-8606-48c1-a988-4354b7a9a49b,Stack 4 - Steel Plant 4,21.24,81.582,2026-03-14T08:00,NO2,6.5,ug/m3,open-meteo-cams
f8edbfa0-8606-48c1-a988-4354b7a9a49b,Stack 4 - Steel Plant 4,21.24,81.582,2026-03-14T08:00,SO2,10.0,ug/m3,open-meteo-cams
f8edbfa0-8606-48c1-a988-4354b7a9a49b,Stack 4 - Steel Plant 4,21.24,81.582,2026-03-14T09:00,PM2.5,20.7,ug/m3,open-meteo-cams
f8edbfa0-8606-48c1-a988-4354b7a9a49b,Stack 4 - Steel Plant 4,21.24,81.582,2026-03-14T09:00,NO2,5.7,ug/m3,open-meteo-cams
f8edbfa0-8606-48c1-a988-4354b7a9a49b,Stack 4 - Steel Plant 4,21.24,81.582,2026-03-14T09:00,SO2,8.2,ug/m3,open-meteo-cams
f8edbfa0-8606-48c1-a988-4354b7a9a49b,Stack 4 - Steel Plant 4,21.24,81.582,2026-03-14T10:00,PM2.5,20.3,ug/m3,open-meteo-cams
f8edbfa0-8606-48c1-a988-4354b7a9a49b,Stack 4 - Steel Plant 4,21.24,81.582,2026-03-14T10:00,NO2,7.9,ug/m3,open-meteo-cams
f8edbfa0-8606-48c1-a988-4354b7a9a49b,Stack 4 - Steel Plant 4,21.24,81.582,2026-03-14T10:00,SO2,7.8,ug/m3,open-meteo-cams
f8edbfa0-8606-48c1-a988-4354b7a9a49b,Stack 4 - Steel Plant 4,21.24,81.582,2026-03-14T11:00,PM2.5,20.8,ug/m3,open-meteo-cams
f8edbfa0-8606-48c1-a988-4354b7a9a49b,Stack 4 - Steel Plant 4,21.24,81.582,2026-03-14T11:00,NO2,12.2,ug/m3,open-meteo-cams
f8edbfa0-8606-48c1-a988-4354b7a9a49b,Stack 4 - Steel Plant 4,21.24,81.582,2026-03-14T11:00,SO2,8.1,ug/m3,open-meteo-cams
f8edbfa0-8606-48c1-a988-4354b7a9a49b,Stack 4 - Steel Plant 4,21.24,81.582,2026-03-14T12:00,PM2.5,28.7,ug/m3,open-meteo-cams
f8edbfa0-8606-48c1-a988-4354b7a9a49b,Stack 4 - Steel Plant 4,21.24,81.582,2026-03-14T12:00,NO2,16.6,ug/m3,open-meteo-cams
f8edbfa0-8606-48c1-a988-4354b7a9a49b,Stack 4 - Steel Plant 4,21.24,81.582,2026-03-14T12:00,SO2,8.8,ug/m3,open-meteo-cams
f8edbfa0-8606-48c1-a988-4354b7a9a49b,Stack 4 - Steel Plant 4,21.24,81.582,2026-03-14T13:00,PM2.5,41.1,ug/m3,open-meteo-cams
f8edbfa0-8606-48c1-a988-4354b7a9a49b,Stack 4 - Steel Plant 4,21.24,81.582,2026-03-14T13:00,NO2,20.7,ug/m3,open-meteo-cams
f8edbfa0-8606-48c1-a988-4354b7a9a49b,Stack 4 - Steel Plant 4,21.24,81.582,2026-03-14T13:00,SO2,10.1,ug/m3,open-meteo-cams
f8edbfa0-8606-48c1-a988-4354b7a9a49b,Stack 4 - Steel Plant 4,21.24,81.582,2026-03-14T14:00,PM2.5,48.4,ug/m3,open-meteo-cams
f8edbfa0-8606-48c1-a988-4354b7a9a49b,Stack 4 - Steel Plant 4,21.24,81.582,2026-03-14T14:00,NO2,24.8,ug/m3,open-meteo-cams
f8edbfa0-8606-48c1-a988-4354b7a9a49b,Stack 4 - Steel Plant 4,21.24,81.582,2026-03-14T14:00,SO2,11.9,ug/m3,open-meteo-cams
f8edbfa0-8606-48c1-a988-4354b7a9a49b,Stack 4 - Steel Plant 4,21.24,81.582,2026-03-14T15:00,PM2.5,51.9,ug/m3,open-meteo-cams
f8edbfa0-8606-48c1-a988-4354b7a9a49b,Stack 4 - Steel Plant 4,21.24,81.582,2026-03-14T15:00,NO2,28.1,ug/m3,open-meteo-cams
f8edbfa0-8606-48c1-a988-4354b7a9a49b,Stack 4 - Steel Plant 4,21.24,81.582,2026-03-14T15:00,SO2,13.1,ug/m3,open-meteo-cams
f8edbfa0-8606-48c1-a988-4354b7a9a49b,Stack 4 - Steel Plant 4,21.24,81.582,2026-03-14T16:00,PM2.5,55.3,ug/m3,open-meteo-cams
f8edbfa0-8606-48c1-a988-4354b7a9a49b,Stack 4 - Steel Plant 4,21.24,81.582,2026-03-14T16:00,NO2,30.2,ug/m3,open-meteo-cams
f8edbfa0-8606-48c1-a988-4354b7a9a49b,Stack 4 - Steel Plant 4,21.24,81.582,2026-03-14T16:00,SO2,13.4,ug/m3,open-meteo-cams
f8edbfa0-8606-48c1-a988-4354b7a9a49b,Stack 4 - Steel Plant 4,21.24,81.582,2026-03-14T17:00,PM2.5,59.3,ug/m3,open-meteo-cams
f8edbfa0-8606-48c1-a988-4354b7a9a49b,Stack 4 - Steel Plant 4,21.24,81.582,2026-03-14T17:00,NO2,31.5,ug/m3,open-meteo-cams
f8edbfa0-8606-48c1-a988-4354b7a9a49b,Stack 4 - Steel Plant 4,21.24,81.582,2026-03-14T17:00,SO2,13.2,ug/m3,open-meteo-cams
f8edbfa0-8606-48c1-a988-4354b7a9a49b,Stack 4 - Steel Plant 4,21.24,81.582,2026-03-14T18:00,PM2.5,63.1,ug/m3,open-meteo-cams
f8edbfa0-8606-48c1-a988-4354b7a9a49b,Stack 4 - Steel Plant 4,21.24,81.582,2026-03-14T18:00,NO2,32.3,ug/m3,open-meteo-cams
f8edbfa0-8606-48c1-a988-4354b7a9a49b,Stack 4 - Steel Plant 4,21.24,81.582,2026-03-14T18:00,SO2,12.6,ug/m3,open-meteo-cams
f8edbfa0-8606-48c1-a988-4354b7a9a49b,Stack 4 - Steel Plant 4,21.24,81.582,2026-03-14T19:00,PM2.5,62.2,ug/m3,open-meteo-cams
f8edbfa0-8606-48c1-a988-4354b7a9a49b,Stack 4 - Steel Plant 4,21.24,81.582,2026-03-14T19:00,NO2,32.9,ug/m3,open-meteo-cams
f8edbfa0-8606-48c1-a988-4354b7a9a49b,Stack 4 - Steel Plant 4,21.24,81.582,2026-03-14T19:00,SO2,11.6,ug/m3,open-meteo-cams
f8edbfa0-8606-48c1-a988-4354b7a9a49b,Stack 4 - Steel Plant 4,21.24,81.582,2026-03-14T20:00,PM2.5,56.8,ug/m3,open-meteo-cams
f8edbfa0-8606-48c1-a988-4354b7a9a49b,Stack 4 - Steel Plant 4,21.24,81.582,2026-03-14T20:00,NO2,33.0,ug/m3,open-meteo-cams
f8edbfa0-8606-48c1-a988-4354b7a9a49b,Stack 4 - Steel Plant 4,21.24,81.582,2026-03-14T20:00,SO2,10.3,ug/m3,open-meteo-cams
f8edbfa0-8606-48c1-a988-4354b7a9a49b,Stack 4 - Steel Plant 4,21.24,81.582,2026-03-14T21:00,PM2.5,51.8,ug/m3,open-meteo-cams
f8edbfa0-8606-48c1-a988-4354b7a9a49b,Stack 4 - Steel Plant 4,21.24,81.582,2026-03-14T21:00,NO2,32.3,ug/m3,open-meteo-cams
f8edbfa0-8606-48c1-a988-4354b7a9a49b,Stack 4 - Steel Plant 4,21.24,81.582,2026-03-14T21:00,SO2,9.3,ug/m3,open-meteo-cams
f8edbfa0-8606-48c1-a988-4354b7a9a49b,Stack 4 - Steel Plant 4,21.24,81.582,2026-03-14T22:00,PM2.5,46.4,ug/m3,open-meteo-cams
f8edbfa0-8606-48c1-a988-4354b7a9a49b,Stack 4 - Steel Plant 4,21.24,81.582,2026-03-14T22:00,NO2,30.2,ug/m3,open-meteo-cams
f8edbfa0-8606-48c1-a988-4354b7a9a49b,Stack 4 - Steel Plant 4,21.24,81.582,2026-03-14T22:00,SO2,8.8,ug/m3,open-meteo-cams
f8edbfa0-8606-48c1-a988-4354b7a9a49b,Stack 4 - Steel Plant 4,21.24,81.582,2026-03-14T23:00,PM2.5,42.6,ug/m3,open-meteo-cams
f8edbfa0-8606-48c1-a988-4354b7a9a49b,Stack 4 - Steel Plant 4,21.24,81.582,2026-03-14T23:00,NO2,27.2,ug/m3,open-meteo-cams
f8edbfa0-8606-48c1-a988-4354b7a9a49b,Stack 4 - Steel Plant 4,21.24,81.582,2026-03-14T23:00,SO2,8.6,ug/m3,open-meteo-cams
e17366ce-0b11-4266-a0e4-755dd5755c32,Stack 5 - Steel Plant 5,21.25,81.59,2026-03-13T00:00,PM2.5,64.7,ug/m3,open-meteo-cams
e17366ce-0b11-4266-a0e4-755dd5755c32,Stack 5 - Steel Plant 5,21.25,81.59,2026-03-13T00:00,NO2,39.4,ug/m3,open-meteo-cams
e17366ce-0b11-4266-a0e4-755dd5755c32,Stack 5 - Steel Plant 5,21.25,81.59,2026-03-13T00:00,SO2,9.3,ug/m3,open-meteo-cams
e17366ce-0b11-4266-a0e4-755dd5755c32,Stack 5 - Steel Plant 5,21.25,81.59,2026-03-13T01:00,PM2.5,72.6,ug/m3,open-meteo-cams
e17366ce-0b11-4266-a0e4-755dd5755c32,Stack 5 - Steel Plant 5,21.25,81.59,2026-03-13T01:00,NO2,43.2,ug/m3,open-meteo-cams
e17366ce-0b11-4266-a0e4-755dd5755c32,Stack 5 - Steel Plant 5,21.25,81.59,2026-03-13T01:00,SO2,10.7,ug/m3,open-meteo-cams
e17366ce-0b11-4266-a0e4-755dd5755c32,Stack 5 - Steel Plant 5,21.25,81.59,2026-03-13T02:00,PM2.5,78.7,ug/m3,open-meteo-cams
e17366ce-0b11-4266-a0e4-755dd5755c32,Stack 5 - Steel Plant 5,21.25,81.59,2026-03-13T02:00,NO2,48.0,ug/m3,open-meteo-cams
e17366ce-0b11-4266-a0e4-755dd5755c32,Stack 5 - Steel Plant 5,21.25,81.59,2026-03-13T02:00,SO2,12.6,ug/m3,open-meteo-cams
e17366ce-0b11-4266-a0e4-755dd5755c32,Stack 5 - Steel Plant 5,21.25,81.59,2026-03-13T03:00,PM2.5,73.8,ug/m3,open-meteo-cams
e17366ce-0b11-4266-a0e4-755dd5755c32,Stack 5 - Steel Plant 5,21.25,81.59,2026-03-13T03:00,NO2,47.9,ug/m3,open-meteo-cams
e17366ce-0b11-4266-a0e4-755dd5755c32,Stack 5 - Steel Plant 5,21.25,81.59,2026-03-13T03:00,SO2,13.9,ug/m3,open-meteo-cams
e17366ce-0b11-4266-a0e4-755dd5755c32,Stack 5 - Steel Plant 5,21.25,81.59,2026-03-13T04:00,PM2.5,68.9,ug/m3,open-meteo-cams
e17366ce-0b11-4266-a0e4-755dd5755c32,Stack 5 - Steel Plant 5,21.25,81.59,2026-03-13T04:00,NO2,38.1,ug/m3,open-meteo-cams
e17366ce-0b11-4266-a0e4-755dd5755c32,Stack 5 - Steel Plant 5,21.25,81.59,2026-03-13T04:00,SO2,14.0,ug/m3,open-meteo-cams
e17366ce-0b11-4266-a0e4-755dd5755c32,Stack 5 - Steel Plant 5,21.25,81.59,2026-03-13T05:00,PM2.5,46.1,ug/m3,open-meteo-cams
e17366ce-0b11-4266-a0e4-755dd5755c32,Stack 5 - Steel Plant 5,21.25,81.59,2026-03-13T05:00,NO2,23.4,ug/m3,open-meteo-cams
e17366ce-0b11-4266-a0e4-755dd5755c32,Stack 5 - Steel Plant 5,21.25,81.59,2026-03-13T05:00,SO2,13.4,ug/m3,open-meteo-cams
e17366ce-0b11-4266-a0e4-755dd5755c32,Stack 5 - Steel Plant 5,21.25,81.59,2026-03-13T06:00,PM2.5,25.9,ug/m3,open-meteo-cams
e17366ce-0b11-4266-a0e4-755dd5755c32,Stack 5 - Steel Plant 5,21.25,81.59,2026-03-13T06:00,NO2,12.2,ug/m3,open-meteo-cams
e17366ce-0b11-4266-a0e4-755dd5755c32,Stack 5 - Steel Plant 5,21.25,81.59,2026-03-13T06:00,SO2,12.6,ug/m3,open-meteo-cams
e17366ce-0b11-4266-a0e4-755dd5755c32,Stack 5 - Steel Plant 5,21.25,81.59,2026-03-13T07:00,PM2.5,21.5,ug/m3,open-meteo-cams
e17366ce-0b11-4266-a0e4-755dd5755c32,Stack 5 - Steel Plant 5,21.25,81.59,2026-03-13T07:00,NO2,8.0,ug/m3,open-meteo-cams
e17366ce-0b11-4266-a0e4-755dd5755c32,Stack 5 - Steel Plant 5,21.25,81.59,2026-03-13T07:00,SO2,11.3,ug/m3,open-meteo-cams
e17366ce-0b11-4266-a0e4-755dd5755c32,Stack 5 - Steel Plant 5,21.25,81.59,2026-03-13T08:00,PM2.5,21.0,ug/m3,open-meteo-cams
e17366ce-0b11-4266-a0e4-755dd5755c32,Stack 5 - Steel Plant 5,21.25,81.59,2026-03-13T08:00,NO2,7.4,ug/m3,open-meteo-cams
e17366ce-0b11-4266-a0e4-755dd5755c32,Stack 5 - Steel Plant 5,21.25,81.59,2026-03-13T08:00,SO2,9.8,ug/m3,open-meteo-cams
e17366ce-0b11-4266-a0e4-755dd5755c32,Stack 5 - Steel Plant 5,21.25,81.59,2026-03-13T09:00,PM2.5,21.1,ug/m3,open-meteo-cams
e17366ce-0b11-4266-a0e4-755dd5755c32,Stack 5 - Steel Plant 5,21.25,81.59,2026-03-13T09:00,NO2,8.5,ug/m3,open-meteo-cams
e17366ce-0b11-4266-a0e4-755dd5755c32,Stack 5 - Steel Plant 5,21.25,81.59,2026-03-13T09:00,SO2,8.7,ug/m3,open-meteo-cams
e17366ce-0b11-4266-a0e4-755dd5755c32,Stack 5 - Steel Plant 5,21.25,81.59,2026-03-13T10:00,PM2.5,21.1,ug/m3,open-meteo-cams
e17366ce-0b11-4266-a0e4-755dd5755c32,Stack 5 - Steel Plant 5,21.25,81.59,2026-03-13T10:00,NO2,11.5,ug/m3,open-meteo-cams
e17366ce-0b11-4266-a0e4-755dd5755c32,Stack 5 - Steel Plant 5,21.25,81.59,2026-03-13T10:00,SO2,8.4,ug/m3,open-meteo-cams
e17366ce-0b11-4266-a0e4-755dd5755c32,Stack 5 - Steel Plant 5,21.25,81.59,2026-03-13T11:00,PM2.5,21.4,ug/m3,open-meteo-cams
e17366ce-0b11-4266-a0e4-755dd5755c32,Stack 5 - Steel Plant 5,21.25,81.59,2026-03-13T11:00,NO2,16.2,ug/m3,open-meteo-cams
e17366ce-0b11-4266-a0e4-755dd5755c32,Stack 5 - Steel Plant 5,21.25,81.59,2026-03-13T11:00,SO2,8.5,ug/m3,open-meteo-cams
e17366ce-0b11-4266-a0e4-755dd5755c32,Stack 5 - Steel Plant 5,21.25,81.59,2026-03-13T12:00,PM2.5,29.5,ug/m3,open-meteo-cams
e17366ce-0b11-4266-a0e4-755dd5755c32,Stack 5 - Steel Plant 5,21.25,81.59,2026-03-13T12:00,NO2,20.2,ug/m3,open-meteo-cams
e17366ce-0b11-4266-a0e4-755dd5755c32,Stack 5 - Steel Plant 5,21.25,81.59,2026-03-13T12:00,SO2,8.9,ug/m3,open-meteo-cams
e17366ce-0b11-4266-a0e4-755dd5755c32,Stack 5 - Steel Plant 5,21.25,81.59,2026-03-13T13:00,PM2.5,42.5,ug/m3,open-meteo-cams
e17366ce-0b11-4266-a0e4-755dd5755c32,Stack 5 - Steel Plant 5,21.25,81.59,2026-03-13T13:00,NO2,22.7,ug/m3,open-meteo-cams
e17366ce-0b11-4266-a0e4-755dd5755c32,Stack 5 - Steel Plant 5,21.25,81.59,2026-03-13T13:00,SO2,9.8,ug/m3,open-meteo-cams
e17366ce-0b11-4266-a0e4-755dd5755c32,Stack 5 - Steel Plant 5,21.25,81.59,2026-03-13T14:00,PM2.5,45.5,ug/m3,open-meteo-cams
e17366ce-0b11-4266-a0e4-755dd5755c32,Stack 5 - Steel Plant 5,21.25,81.59,2026-03-13T14:00,NO2,24.5,ug/m3,open-meteo-cams
e17366ce-0b11-4266-a0e4-755dd5755c32,Stack 5 - Steel Plant 5,21.25,81.59,2026-03-13T14:00,SO2,10.9,ug/m3,open-meteo-cams
e17366ce-0b11-4266-a0e4-755dd5755c32,Stack 5 - Steel Plant 5,21.25,81.59,2026-03-13T15:00,PM2.5,43.8,ug/m3,open-meteo-cams
e17366ce-0b11-4266-a0e4-755dd5755c32,Stack 5 - Steel Plant 5,21.25,81.59,2026-03-13T15:00,NO2,25.3,ug/m3,open-meteo-cams
e17366ce-0b11-4266-a0e4-755dd5755c32,Stack 5 - Steel Plant 5,21.25,81.59,2026-03-13T15:00,SO2,11.5,ug/m3,open-meteo-cams
e17366ce-0b11-4266-a0e4-755dd5755c32,Stack 5 - Steel Plant 5,21.25,81.59,2026-03-13T16:00,PM2.5,42.6,ug/m3,open-meteo-cams
e17366ce-0b11-4266-a0e4-755dd5755c32,Stack 5 - Steel Plant 5,21.25,81.59,2026-03-13T16:00,NO2,24.3,ug/m3,open-meteo-cams
e17366ce-0b11-4266-a0e4-755dd5755c32,Stack 5 - Steel Plant 5,21.25,81.59,2026-03-13T16:00,SO2,11.0,ug/m3,open-meteo-cams
e17366ce-0b11-4266-a0e4-755dd5755c32,Stack 5 - Steel Plant 5,21.25,81.59,2026-03-13T17:00,PM2.5,42.4,ug/m3,open-meteo-cams
e17366ce-0b11-4266-a0e4-755dd5755c32,Stack 5 - Steel Plant 5,21.25,81.59,2026-03-13T17:00,NO2,22.3,ug/m3,open-meteo-cams
e17366ce-0b11-4266-a0e4-755dd5755c32,Stack 5 - Steel Plant 5,21.25,81.59,2026-03-13T17:00,SO2,9.9,ug/m3,open-meteo-cams
e17366ce-0b11-4266-a0e4-755dd5755c32,Stack 5 - Steel Plant 5,21.25,81.59,2026-03-13T18:00,PM2.5,43.2,ug/m3,open-meteo-cams
e17366ce-0b11-4266-a0e4-755dd5755c32,Stack 5 - Steel Plant 5,21.25,81.59,2026-03-13T18:00,NO2,21.9,ug/m3,open-meteo-cams
e17366ce-0b11-4266-a0e4-755dd5755c32,Stack 5 - Steel Plant 5,21.25,81.59,2026-03-13T18:00,SO2,9.1,ug/m3,open-meteo-cams
e17366ce-0b11-4266-a0e4-755dd5755c32,Stack 5 - Steel Plant 5,21.25,81.59,2026-03-13T19:00,PM2.5,45.4,ug/m3,open-meteo-cams
e17366ce-0b11-4266-a0e4-755dd5755c32,Stack 5 - Steel Plant 5,21.25,81.59,2026-03-13T19:00,NO2,24.7,ug/m3,open-meteo-cams
e17366ce-0b11-4266-a0e4-755dd5755c32,Stack 5 - Steel Plant 5,21.25,81.59,2026-03-13T19:00,SO2,9.0,ug/m3,open-meteo-cams
e17366ce-0b11-4266-a0e4-755dd5755c32,Stack 5 - Steel Plant 5,21.25,81.59,2026-03-13T20:00,PM2.5,51.6,ug/m3,open-meteo-cams
e17366ce-0b11-4266-a0e4-755dd5755c32,Stack 5 - Steel Plant 5,21.25,81.59,2026-03-13T20:00,NO2,29.0,ug/m3,open-meteo-cams
e17366ce-0b11-4266-a0e4-755dd5755c32,Stack 5 - Steel Plant 5,21.25,81.59,2026-03-13T20:00,SO2,9.1,ug/m3,open-meteo-cams
e17366ce-0b11-4266-a0e4-755dd5755c32,Stack 5 - Steel Plant 5,21.25,81.59,2026-03-13T21:00,PM2.5,57.5,ug/m3,open-meteo-cams
e17366ce-0b11-4266-a0e4-755dd5755c32,Stack 5 - Steel Plant 5,21.25,81.59,2026-03-13T21:00,NO2,32.8,ug/m3,open-meteo-cams
e17366ce-0b11-4266-a0e4-755dd5755c32,Stack 5 - Steel Plant 5,21.25,81.59,2026-03-13T21:00,SO2,9.3,ug/m3,open-meteo-cams
e17366ce-0b11-4266-a0e4-755dd5755c32,Stack 5 - Steel Plant 5,21.25,81.59,2026-03-13T22:00,PM2.5,63.3,ug/m3,open-meteo-cams
e17366ce-0b11-4266-a0e4-755dd5755c32,Stack 5 - Steel Plant 5,21.25,81.59,2026-03-13T22:00,NO2,35.6,ug/m3,open-meteo-cams
e17366ce-0b11-4266-a0e4-755dd5755c32,Stack 5 - Steel Plant 5,21.25,81.59,2026-03-13T22:00,SO2,9.4,ug/m3,open-meteo-cams
e17366ce-0b11-4266-a0e4-755dd5755c32,Stack 5 - Steel Plant 5,21.25,81.59,2026-03-13T23:00,PM2.5,67.8,ug/m3,open-meteo-cams
e17366ce-0b11-4266-a0e4-755dd5755c32,Stack 5 - Steel Plant 5,21.25,81.59,2026-03-13T23:00,NO2,37.9,ug/m3,open-meteo-cams
e17366ce-0b11-4266-a0e4-755dd5755c32,Stack 5 - Steel Plant 5,21.25,81.59,2026-03-13T23:00,SO2,9.4,ug/m3,open-meteo-cams
e17366ce-0b11-4266-a0e4-755dd5755c32,Stack 5 - Steel Plant 5,21.25,81.59,2026-03-14T00:00,PM2.5,63.8,ug/m3,open-meteo-cams
e17366ce-0b11-4266-a0e4-755dd5755c32,Stack 5 - Steel Plant 5,21.25,81.59,2026-03-14T00:00,NO2,38.7,ug/m3,open-meteo-cams
e17366ce-0b11-4266-a0e4-755dd5755c32,Stack 5 - Steel Plant 5,21.25,81.59,2026-03-14T00:00,SO2,9.5,ug/m3,open-meteo-cams
e17366ce-0b11-4266-a0e4-755dd5755c32,Stack 5 - Steel Plant 5,21.25,81.59,2026-03-14T01:00,PM2.5,55.5,ug/m3,open-meteo-cams
e17366ce-0b11-4266-a0e4-755dd5755c32,Stack 5 - Steel Plant 5,21.25,81.59,2026-03-14T01:00,NO2,37.5,ug/m3,open-meteo-cams
e17366ce-0b11-4266-a0e4-755dd5755c32,Stack 5 - Steel Plant 5,21.25,81.59,2026-03-14T01:00,SO2,9.6,ug/m3,open-meteo-cams
e17366ce-0b11-4266-a0e4-755dd5755c32,Stack 5 - Steel Plant 5,21.25,81.59,2026-03-14T02:00,PM2.5,48.8,ug/m3,open-meteo-cams
e17366ce-0b11-4266-a0e4-755dd5755c32,Stack 5 - Steel Plant 5,21.25,81.59,2026-03-14T02:00,NO2,34.9,ug/m3,open-meteo-cams
e17366ce-0b11-4266-a0e4-755dd5755c32,Stack 5 - Steel Plant 5,21.25,81.59,2026-03-14T02:00,SO2,9.6,ug/m3,open-meteo-cams
e17366ce-0b11-4266-a0e4-755dd5755c32,Stack 5 - Steel Plant 5,21.25,81.59,2026-03-14T03:00,PM2.5,48.1,ug/m3,open-meteo-cams
e17366ce-0b11-4266-a0e4-755dd5755c32,Stack 5 - Steel Plant 5,21.25,81.59,2026-03-14T03:00,NO2,31.1,ug/m3,open-meteo-cams
e17366ce-0b11-4266-a0e4-755dd5755c32,Stack 5 - Steel Plant 5,21.25,81.59,2026-03-14T03:00,SO2,10.1,ug/m3,open-meteo-cams
e17366ce-0b11-4266-a0e4-755dd5755c32,Stack 5 - Steel Plant 5,21.25,81.59,2026-03-14T04:00,PM2.5,48.4,ug/m3,open-meteo-cams
e17366ce-0b11-4266-a0e4-755dd5755c32,Stack 5 - Steel Plant 5,21.25,81.59,2026-03-14T04:00,NO2,25.5,ug/m3,open-meteo-cams
e17366ce-0b11-4266-a0e4-755dd5755c32,Stack 5 - Steel Plant 5,21.25,81.59,2026-03-14T04:00,SO2,11.5,ug/m3,open-meteo-cams
e17366ce-0b11-4266-a0e4-755dd5755c32,Stack 5 - Steel Plant 5,21.25,81.59,2026-03-14T05:00,PM2.5,45.8,ug/m3,open-meteo-cams
e17366ce-0b11-4266-a0e4-755dd5755c32,Stack 5 - Steel Plant 5,21.25,81.59,2026-03-14T05:00,NO2,18.8,ug/m3,open-meteo-cams
e17366ce-0b11-4266-a0e4-755dd5755c32,Stack 5 - Steel Plant 5,21.25,81.59,2026-03-14T05:00,SO2,13.2,ug/m3,open-meteo-cams
e17366ce-0b11-4266-a0e4-755dd5755c32,Stack 5 - Steel Plant 5,21.25,81.59,2026-03-14T06:00,PM2.5,37.8,ug/m3,open-meteo-cams
e17366ce-0b11-4266-a0e4-755dd5755c32,Stack 5 - Steel Plant 5,21.25,81.59,2026-03-14T06:00,NO2,13.2,ug/m3,open-meteo-cams
e17366ce-0b11-4266-a0e4-755dd5755c32,Stack 5 - Steel Plant 5,21.25,81.59,2026-03-14T06:00,SO2,13.9,ug/m3,open-meteo-cams
e17366ce-0b11-4266-a0e4-755dd5755c32,Stack 5 - Steel Plant 5,21.25,81.59,2026-03-14T07:00,PM2.5,31.8,ug/m3,open-meteo-cams
e17366ce-0b11-4266-a0e4-755dd5755c32,Stack 5 - Steel Plant 5,21.25,81.59,2026-03-14T07:00,NO2,9.2,ug/m3,open-meteo-cams
e17366ce-0b11-4266-a0e4-755dd5755c32,Stack 5 - Steel Plant 5,21.25,81.59,2026-03-14T07:00,SO2,12.5,ug/m3,open-meteo-cams
e17366ce-0b11-4266-a0e4-755dd5755c32,Stack 5 - Steel Plant 5,21.25,81.59,2026-03-14T08:00,PM2.5,23.3,ug/m3,open-meteo-cams
e17366ce-0b11-4266-a0e4-755dd5755c32,Stack 5 - Steel Plant 5,21.25,81.59,2026-03-14T08:00,NO2,6.5,ug/m3,open-meteo-cams
e17366ce-0b11-4266-a0e4-755dd5755c32,Stack 5 - Steel Plant 5,21.25,81.59,2026-03-14T08:00,SO2,10.0,ug/m3,open-meteo-cams
e17366ce-0b11-4266-a0e4-755dd5755c32,Stack 5 - Steel Plant 5,21.25,81.59,2026-03-14T09:00,PM2.5,20.7,ug/m3,open-meteo-cams
e17366ce-0b11-4266-a0e4-755dd5755c32,Stack 5 - Steel Plant 5,21.25,81.59,2026-03-14T09:00,NO2,5.7,ug/m3,open-meteo-cams
e17366ce-0b11-4266-a0e4-755dd5755c32,Stack 5 - Steel Plant 5,21.25,81.59,2026-03-14T09:00,SO2,8.2,ug/m3,open-meteo-cams
e17366ce-0b11-4266-a0e4-755dd5755c32,Stack 5 - Steel Plant 5,21.25,81.59,2026-03-14T10:00,PM2.5,20.3,ug/m3,open-meteo-cams
e17366ce-0b11-4266-a0e4-755dd5755c32,Stack 5 - Steel Plant 5,21.25,81.59,2026-03-14T10:00,NO2,7.9,ug/m3,open-meteo-cams
e17366ce-0b11-4266-a0e4-755dd5755c32,Stack 5 - Steel Plant 5,21.25,81.59,2026-03-14T10:00,SO2,7.8,ug/m3,open-meteo-cams
e17366ce-0b11-4266-a0e4-755dd5755c32,Stack 5 - Steel Plant 5,21.25,81.59,2026-03-14T11:00,PM2.5,20.8,ug/m3,open-meteo-cams
e17366ce-0b11-4266-a0e4-755dd5755c32,Stack 5 - Steel Plant 5,21.25,81.59,2026-03-14T11:00,NO2,12.2,ug/m3,open-meteo-cams
e17366ce-0b11-4266-a0e4-755dd5755c32,Stack 5 - Steel Plant 5,21.25,81.59,2026-03-14T11:00,SO2,8.1,ug/m3,open-meteo-cams
e17366ce-0b11-4266-a0e4-755dd5755c32,Stack 5 - Steel Plant 5,21.25,81.59,2026-03-14T12:00,PM2.5,28.7,ug/m3,open-meteo-cams
e17366ce-0b11-4266-a0e4-755dd5755c32,Stack 5 - Steel Plant 5,21.25,81.59,2026-03-14T12:00,NO2,16.6,ug/m3,open-meteo-cams
e17366ce-0b11-4266-a0e4-755dd5755c32,Stack 5 - Steel Plant 5,21.25,81.59,2026-03-14T12:00,SO2,8.8,ug/m3,open-meteo-cams
e17366ce-0b11-4266-a0e4-755dd5755c32,Stack 5 - Steel Plant 5,21.25,81.59,2026-03-14T13:00,PM2.5,41.1,ug/m3,open-meteo-cams
e17366ce-0b11-4266-a0e4-755dd5755c32,Stack 5 - Steel Plant 5,21.25,81.59,2026-03-14T13:00,NO2,20.7,ug/m3,open-meteo-cams
e17366ce-0b11-4266-a0e4-755dd5755c32,Stack 5 - Steel Plant 5,21.25,81.59,2026-03-14T13:00,SO2,10.1,ug/m3,open-meteo-cams
e17366ce-0b11-4266-a0e4-755dd5755c32,Stack 5 - Steel Plant 5,21.25,81.59,2026-03-14T14:00,PM2.5,48.4,ug/m3,open-meteo-cams
e17366ce-0b11-4266-a0e4-755dd5755c32,Stack 5 - Steel Plant 5,21.25,81.59,2026-03-14T14:00,NO2,24.8,ug/m3,open-meteo-cams
e17366ce-0b11-4266-a0e4-755dd5755c32,Stack 5 - Steel Plant 5,21.25,81.59,2026-03-14T14:00,SO2,11.9,ug/m3,open-meteo-cams
e17366ce-0b11-4266-a0e4-755dd5755c32,Stack 5 - Steel Plant 5,21.25,81.59,2026-03-14T15:00,PM2.5,51.9,ug/m3,open-meteo-cams
e17366ce-0b11-4266-a0e4-755dd5755c32,Stack 5 - Steel Plant 5,21.25,81.59,2026-03-14T15:00,NO2,28.1,ug/m3,open-meteo-cams
e17366ce-0b11-4266-a0e4-755dd5755c32,Stack 5 - Steel Plant 5,21.25,81.59,2026-03-14T15:00,SO2,13.1,ug/m3,open-meteo-cams
e17366ce-0b11-4266-a0e4-755dd5755c32,Stack 5 - Steel Plant 5,21.25,81.59,2026-03-14T16:00,PM2.5,55.3,ug/m3,open-meteo-cams
e17366ce-0b11-4266-a0e4-755dd5755c32,Stack 5 - Steel Plant 5,21.25,81.59,2026-03-14T16:00,NO2,30.2,ug/m3,open-meteo-cams
e17366ce-0b11-4266-a0e4-755dd5755c32,Stack 5 - Steel Plant 5,21.25,81.59,2026-03-14T16:00,SO2,13.4,ug/m3,open-meteo-cams
e17366ce-0b11-4266-a0e4-755dd5755c32,Stack 5 - Steel Plant 5,21.25,81.59,2026-03-14T17:00,PM2.5,59.3,ug/m3,open-meteo-cams
e17366ce-0b11-4266-a0e4-755dd5755c32,Stack 5 - Steel Plant 5,21.25,81.59,2026-03-14T17:00,NO2,31.5,ug/m3,open-meteo-cams
e17366ce-0b11-4266-a0e4-755dd5755c32,Stack 5 - Steel Plant 5,21.25,81.59,2026-03-14T17:00,SO2,13.2,ug/m3,open-meteo-cams
e17366ce-0b11-4266-a0e4-755dd5755c32,Stack 5 - Steel Plant 5,21.25,81.59,2026-03-14T18:00,PM2.5,63.1,ug/m3,open-meteo-cams
e17366ce-0b11-4266-a0e4-755dd5755c32,Stack 5 - Steel Plant 5,21.25,81.59,2026-03-14T18:00,NO2,32.3,ug/m3,open-meteo-cams
e17366ce-0b11-4266-a0e4-755dd5755c32,Stack 5 - Steel Plant 5,21.25,81.59,2026-03-14T18:00,SO2,12.6,ug/m3,open-meteo-cams
e17366ce-0b11-4266-a0e4-755dd5755c32,Stack 5 - Steel Plant 5,21.25,81.59,2026-03-14T19:00,PM2.5,62.2,ug/m3,open-meteo-cams
e17366ce-0b11-4266-a0e4-755dd5755c32,Stack 5 - Steel Plant 5,21.25,81.59,2026-03-14T19:00,NO2,32.9,ug/m3,open-meteo-cams
e17366ce-0b11-4266-a0e4-755dd5755c32,Stack 5 - Steel Plant 5,21.25,81.59,2026-03-14T19:00,SO2,11.6,ug/m3,open-meteo-cams
e17366ce-0b11-4266-a0e4-755dd5755c32,Stack 5 - Steel Plant 5,21.25,81.59,2026-03-14T20:00,PM2.5,56.8,ug/m3,open-meteo-cams
e17366ce-0b11-4266-a0e4-755dd5755c32,Stack 5 - Steel Plant 5,21.25,81.59,2026-03-14T20:00,NO2,33.0,ug/m3,open-meteo-cams
e17366ce-0b11-4266-a0e4-755dd5755c32,Stack 5 - Steel Plant 5,21.25,81.59,2026-03-14T20:00,SO2,10.3,ug/m3,open-meteo-cams
e17366ce-0b11-4266-a0e4-755dd5755c32,Stack 5 - Steel Plant 5,21.25,81.59,2026-03-14T21:00,PM2.5,51.8,ug/m3,open-meteo-cams
e17366ce-0b11-4266-a0e4-755dd5755c32,Stack 5 - Steel Plant 5,21.25,81.59,2026-03-14T21:00,NO2,32.3,ug/m3,open-meteo-cams
e17366ce-0b11-4266-a0e4-755dd5755c32,Stack 5 - Steel Plant 5,21.25,81.59,2026-03-14T21:00,SO2,9.3,ug/m3,open-meteo-cams
e17366ce-0b11-4266-a0e4-755dd5755c32,Stack 5 - Steel Plant 5,21.25,81.59,2026-03-14T22:00,PM2.5,46.4,ug/m3,open-meteo-cams
e17366ce-0b11-4266-a0e4-755dd5755c32,Stack 5 - Steel Plant 5,21.25,81.59,2026-03-14T22:00,NO2,30.2,ug/m3,open-meteo-cams
e17366ce-0b11-4266-a0e4-755dd5755c32,Stack 5 - Steel Plant 5,21.25,81.59,2026-03-14T22:00,SO2,8.8,ug/m3,open-meteo-cams
e17366ce-0b11-4266-a0e4-755dd5755c32,Stack 5 - Steel Plant 5,21.25,81.59,2026-03-14T23:00,PM2.5,42.6,ug/m3,open-meteo-cams
e17366ce-0b11-4266-a0e4-755dd5755c32,Stack 5 - Steel Plant 5,21.25,81.59,2026-03-14T23:00,NO2,27.2,ug/m3,open-meteo-cams
e17366ce-0b11-4266-a0e4-755dd5755c32,Stack 5 - Steel Plant 5,21.25,81.59,2026-03-14T23:00,SO2,8.6,ug/m3,open-meteo-cams
49d088a4-168b-4153-87f7-4951a9b770f6,Stack 6 - Cement Plant 6,21.26,81.598,2026-03-13T00:00,PM2.5,64.7,ug/m3,open-meteo-cams
49d088a4-168b-4153-87f7-4951a9b770f6,Stack 6 - Cement Plant 6,21.26,81.598,2026-03-13T00:00,NO2,39.4,ug/m3,open-meteo-cams
49d088a4-168b-4153-87f7-4951a9b770f6,Stack 6 - Cement Plant 6,21.26,81.598,2026-03-13T00:00,SO2,9.3,ug/m3,open-meteo-cams
49d088a4-168b-4153-87f7-4951a9b770f6,Stack 6 - Cement Plant 6,21.26,81.598,2026-03-13T01:00,PM2.5,72.6,ug/m3,open-meteo-cams
49d088a4-168b-4153-87f7-4951a9b770f6,Stack 6 - Cement Plant 6,21.26,81.598,2026-03-13T01:00,NO2,43.2,ug/m3,open-meteo-cams
49d088a4-168b-4153-87f7-4951a9b770f6,Stack 6 - Cement Plant 6,21.26,81.598,2026-03-13T01:00,SO2,10.7,ug/m3,open-meteo-cams
49d088a4-168b-4153-87f7-4951a9b770f6,Stack 6 - Cement Plant 6,21.26,81.598,2026-03-13T02:00,PM2.5,78.7,ug/m3,open-meteo-cams
49d088a4-168b-4153-87f7-4951a9b770f6,Stack 6 - Cement Plant 6,21.26,81.598,2026-03-13T02:00,NO2,48.0,ug/m3,open-meteo-cams
49d088a4-168b-4153-87f7-4951a9b770f6,Stack 6 - Cement Plant 6,21.26,81.598,2026-03-13T02:00,SO2,12.6,ug/m3,open-meteo-cams
49d088a4-168b-4153-87f7-4951a9b770f6,Stack 6 - Cement Plant 6,21.26,81.598,2026-03-13T03:00,PM2.5,73.8,ug/m3,open-meteo-cams
49d088a4-168b-4153-87f7-4951a9b770f6,Stack 6 - Cement Plant 6,21.26,81.598,2026-03-13T03:00,NO2,47.9,ug/m3,open-meteo-cams
49d088a4-168b-4153-87f7-4951a9b770f6,Stack 6 - Cement Plant 6,21.26,81.598,2026-03-13T03:00,SO2,13.9,ug/m3,open-meteo-cams
49d088a4-168b-4153-87f7-4951a9b770f6,Stack 6 - Cement Plant 6,21.26,81.598,2026-03-13T04:00,PM2.5,68.9,ug/m3,open-meteo-cams
49d088a4-168b-4153-87f7-4951a9b770f6,Stack 6 - Cement Plant 6,21.26,81.598,2026-03-13T04:00,NO2,38.1,ug/m3,open-meteo-cams
49d088a4-168b-4153-87f7-4951a9b770f6,Stack 6 - Cement Plant 6,21.26,81.598,2026-03-13T04:00,SO2,14.0,ug/m3,open-meteo-cams
49d088a4-168b-4153-87f7-4951a9b770f6,Stack 6 - Cement Plant 6,21.26,81.598,2026-03-13T05:00,PM2.5,46.1,ug/m3,open-meteo-cams
49d088a4-168b-4153-87f7-4951a9b770f6,Stack 6 - Cement Plant 6,21.26,81.598,2026-03-13T05:00,NO2,23.4,ug/m3,open-meteo-cams
49d088a4-168b-4153-87f7-4951a9b770f6,Stack 6 - Cement Plant 6,21.26,81.598,2026-03-13T05:00,SO2,13.4,ug/m3,open-meteo-cams
49d088a4-168b-4153-87f7-4951a9b770f6,Stack 6 - Cement Plant 6,21.26,81.598,2026-03-13T06:00,PM2.5,25.9,ug/m3,open-meteo-cams
49d088a4-168b-4153-87f7-4951a9b770f6,Stack 6 - Cement Plant 6,21.26,81.598,2026-03-13T06:00,NO2,12.2,ug/m3,open-meteo-cams
49d088a4-168b-4153-87f7-4951a9b770f6,Stack 6 - Cement Plant 6,21.26,81.598,2026-03-13T06:00,SO2,12.6,ug/m3,open-meteo-cams
49d088a4-168b-4153-87f7-4951a9b770f6,Stack 6 - Cement Plant 6,21.26,81.598,2026-03-13T07:00,PM2.5,21.5,ug/m3,open-meteo-cams
49d088a4-168b-4153-87f7-4951a9b770f6,Stack 6 - Cement Plant 6,21.26,81.598,2026-03-13T07:00,NO2,8.0,ug/m3,open-meteo-cams
49d088a4-168b-4153-87f7-4951a9b770f6,Stack 6 - Cement Plant 6,21.26,81.598,2026-03-13T07:00,SO2,11.3,ug/m3,open-meteo-cams
49d088a4-168b-4153-87f7-4951a9b770f6,Stack 6 - Cement Plant 6,21.26,81.598,2026-03-13T08:00,PM2.5,21.0,ug/m3,open-meteo-cams
49d088a4-168b-4153-87f7-4951a9b770f6,Stack 6 - Cement Plant 6,21.26,81.598,2026-03-13T08:00,NO2,7.4,ug/m3,open-meteo-cams
49d088a4-168b-4153-87f7-4951a9b770f6,Stack 6 - Cement Plant 6,21.26,81.598,2026-03-13T08:00,SO2,9.8,ug/m3,open-meteo-cams
49d088a4-168b-4153-87f7-4951a9b770f6,Stack 6 - Cement Plant 6,21.26,81.598,2026-03-13T09:00,PM2.5,21.1,ug/m3,open-meteo-cams
49d088a4-168b-4153-87f7-4951a9b770f6,Stack 6 - Cement Plant 6,21.26,81.598,2026-03-13T09:00,NO2,8.5,ug/m3,open-meteo-cams
49d088a4-168b-4153-87f7-4951a9b770f6,Stack 6 - Cement Plant 6,21.26,81.598,2026-03-13T09:00,SO2,8.7,ug/m3,open-meteo-cams
49d088a4-168b-4153-87f7-4951a9b770f6,Stack 6 - Cement Plant 6,21.26,81.598,2026-03-13T10:00,PM2.5,21.1,ug/m3,open-meteo-cams
49d088a4-168b-4153-87f7-4951a9b770f6,Stack 6 - Cement Plant 6,21.26,81.598,2026-03-13T10:00,NO2,11.5,ug/m3,open-meteo-cams
49d088a4-168b-4153-87f7-4951a9b770f6,Stack 6 - Cement Plant 6,21.26,81.598,2026-03-13T10:00,SO2,8.4,ug/m3,open-meteo-cams
49d088a4-168b-4153-87f7-4951a9b770f6,Stack 6 - Cement Plant 6,21.26,81.598,2026-03-13T11:00,PM2.5,21.4,ug/m3,open-meteo-cams
49d088a4-168b-4153-87f7-4951a9b770f6,Stack 6 - Cement Plant 6,21.26,81.598,2026-03-13T11:00,NO2,16.2,ug/m3,open-meteo-cams
49d088a4-168b-4153-87f7-4951a9b770f6,Stack 6 - Cement Plant 6,21.26,81.598,2026-03-13T11:00,SO2,8.5,ug/m3,open-meteo-cams
49d088a4-168b-4153-87f7-4951a9b770f6,Stack 6 - Cement Plant 6,21.26,81.598,2026-03-13T12:00,PM2.5,29.5,ug/m3,open-meteo-cams
49d088a4-168b-4153-87f7-4951a9b770f6,Stack 6 - Cement Plant 6,21.26,81.598,2026-03-13T12:00,NO2,20.2,ug/m3,open-meteo-cams
49d088a4-168b-4153-87f7-4951a9b770f6,Stack 6 - Cement Plant 6,21.26,81.598,2026-03-13T12:00,SO2,8.9,ug/m3,open-meteo-cams
49d088a4-168b-4153-87f7-4951a9b770f6,Stack 6 - Cement Plant 6,21.26,81.598,2026-03-13T13:00,PM2.5,42.5,ug/m3,open-meteo-cams
49d088a4-168b-4153-87f7-4951a9b770f6,Stack 6 - Cement Plant 6,21.26,81.598,2026-03-13T13:00,NO2,22.7,ug/m3,open-meteo-cams
49d088a4-168b-4153-87f7-4951a9b770f6,Stack 6 - Cement Plant 6,21.26,81.598,2026-03-13T13:00,SO2,9.8,ug/m3,open-meteo-cams
49d088a4-168b-4153-87f7-4951a9b770f6,Stack 6 - Cement Plant 6,21.26,81.598,2026-03-13T14:00,PM2.5,45.5,ug/m3,open-meteo-cams
49d088a4-168b-4153-87f7-4951a9b770f6,Stack 6 - Cement Plant 6,21.26,81.598,2026-03-13T14:00,NO2,24.5,ug/m3,open-meteo-cams
49d088a4-168b-4153-87f7-4951a9b770f6,Stack 6 - Cement Plant 6,21.26,81.598,2026-03-13T14:00,SO2,10.9,ug/m3,open-meteo-cams
49d088a4-168b-4153-87f7-4951a9b770f6,Stack 6 - Cement Plant 6,21.26,81.598,2026-03-13T15:00,PM2.5,43.8,ug/m3,open-meteo-cams
49d088a4-168b-4153-87f7-4951a9b770f6,Stack 6 - Cement Plant 6,21.26,81.598,2026-03-13T15:00,NO2,25.3,ug/m3,open-meteo-cams
49d088a4-168b-4153-87f7-4951a9b770f6,Stack 6 - Cement Plant 6,21.26,81.598,2026-03-13T15:00,SO2,11.5,ug/m3,open-meteo-cams
49d088a4-168b-4153-87f7-4951a9b770f6,Stack 6 - Cement Plant 6,21.26,81.598,2026-03-13T16:00,PM2.5,42.6,ug/m3,open-meteo-cams
49d088a4-168b-4153-87f7-4951a9b770f6,Stack 6 - Cement Plant 6,21.26,81.598,2026-03-13T16:00,NO2,24.3,ug/m3,open-meteo-cams
49d088a4-168b-4153-87f7-4951a9b770f6,Stack 6 - Cement Plant 6,21.26,81.598,2026-03-13T16:00,SO2,11.0,ug/m3,open-meteo-cams
49d088a4-168b-4153-87f7-4951a9b770f6,Stack 6 - Cement Plant 6,21.26,81.598,2026-03-13T17:00,PM2.5,42.4,ug/m3,open-meteo-cams
49d088a4-168b-4153-87f7-4951a9b770f6,Stack 6 - Cement Plant 6,21.26,81.598,2026-03-13T17:00,NO2,22.3,ug/m3,open-meteo-cams
49d088a4-168b-4153-87f7-4951a9b770f6,Stack 6 - Cement Plant 6,21.26,81.598,2026-03-13T17:00,SO2,9.9,ug/m3,open-meteo-cams
49d088a4-168b-4153-87f7-4951a9b770f6,Stack 6 - Cement Plant 6,21.26,81.598,2026-03-13T18:00,PM2.5,43.2,ug/m3,open-meteo-cams
49d088a4-168b-4153-87f7-4951a9b770f6,Stack 6 - Cement Plant 6,21.26,81.598,2026-03-13T18:00,NO2,21.9,ug/m3,open-meteo-cams
49d088a4-168b-4153-87f7-4951a9b770f6,Stack 6 - Cement Plant 6,21.26,81.598,2026-03-13T18:00,SO2,9.1,ug/m3,open-meteo-cams
49d088a4-168b-4153-87f7-4951a9b770f6,Stack 6 - Cement Plant 6,21.26,81.598,2026-03-13T19:00,PM2.5,45.4,ug/m3,open-meteo-cams
49d088a4-168b-4153-87f7-4951a9b770f6,Stack 6 - Cement Plant 6,21.26,81.598,2026-03-13T19:00,NO2,24.7,ug/m3,open-meteo-cams
49d088a4-168b-4153-87f7-4951a9b770f6,Stack 6 - Cement Plant 6,21.26,81.598,2026-03-13T19:00,SO2,9.0,ug/m3,open-meteo-cams
49d088a4-168b-4153-87f7-4951a9b770f6,Stack 6 - Cement Plant 6,21.26,81.598,2026-03-13T20:00,PM2.5,51.6,ug/m3,open-meteo-cams
49d088a4-168b-4153-87f7-4951a9b770f6,Stack 6 - Cement Plant 6,21.26,81.598,2026-03-13T20:00,NO2,29.0,ug/m3,open-meteo-cams
49d088a4-168b-4153-87f7-4951a9b770f6,Stack 6 - Cement Plant 6,21.26,81.598,2026-03-13T20:00,SO2,9.1,ug/m3,open-meteo-cams
49d088a4-168b-4153-87f7-4951a9b770f6,Stack 6 - Cement Plant 6,21.26,81.598,2026-03-13T21:00,PM2.5,57.5,ug/m3,open-meteo-cams
49d088a4-168b-4153-87f7-4951a9b770f6,Stack 6 - Cement Plant 6,21.26,81.598,2026-03-13T21:00,NO2,32.8,ug/m3,open-meteo-cams
49d088a4-168b-4153-87f7-4951a9b770f6,Stack 6 - Cement Plant 6,21.26,81.598,2026-03-13T21:00,SO2,9.3,ug/m3,open-meteo-cams
49d088a4-168b-4153-87f7-4951a9b770f6,Stack 6 - Cement Plant 6,21.26,81.598,2026-03-13T22:00,PM2.5,63.3,ug/m3,open-meteo-cams
49d088a4-168b-4153-87f7-4951a9b770f6,Stack 6 - Cement Plant 6,21.26,81.598,2026-03-13T22:00,NO2,35.6,ug/m3,open-meteo-cams
49d088a4-168b-4153-87f7-4951a9b770f6,Stack 6 - Cement Plant 6,21.26,81.598,2026-03-13T22:00,SO2,9.4,ug/m3,open-meteo-cams
49d088a4-168b-4153-87f7-4951a9b770f6,Stack 6 - Cement Plant 6,21.26,81.598,2026-03-13T23:00,PM2.5,67.8,ug/m3,open-meteo-cams
49d088a4-168b-4153-87f7-4951a9b770f6,Stack 6 - Cement Plant 6,21.26,81.598,2026-03-13T23:00,NO2,37.9,ug/m3,open-meteo-cams
49d088a4-168b-4153-87f7-4951a9b770f6,Stack 6 - Cement Plant 6,21.26,81.598,2026-03-13T23:00,SO2,9.4,ug/m3,open-meteo-cams
49d088a4-168b-4153-87f7-4951a9b770f6,Stack 6 - Cement Plant 6,21.26,81.598,2026-03-14T00:00,PM2.5,63.8,ug/m3,open-meteo-cams
49d088a4-168b-4153-87f7-4951a9b770f6,Stack 6 - Cement Plant 6,21.26,81.598,2026-03-14T00:00,NO2,38.7,ug/m3,open-meteo-cams
49d088a4-168b-4153-87f7-4951a9b770f6,Stack 6 - Cement Plant 6,21.26,81.598,2026-03-14T00:00,SO2,9.5,ug/m3,open-meteo-cams
49d088a4-168b-4153-87f7-4951a9b770f6,Stack 6 - Cement Plant 6,21.26,81.598,2026-03-14T01:00,PM2.5,55.5,ug/m3,open-meteo-cams
49d088a4-168b-4153-87f7-4951a9b770f6,Stack 6 - Cement Plant 6,21.26,81.598,2026-03-14T01:00,NO2,37.5,ug/m3,open-meteo-cams
49d088a4-168b-4153-87f7-4951a9b770f6,Stack 6 - Cement Plant 6,21.26,81.598,2026-03-14T01:00,SO2,9.6,ug/m3,open-meteo-cams
49d088a4-168b-4153-87f7-4951a9b770f6,Stack 6 - Cement Plant 6,21.26,81.598,2026-03-14T02:00,PM2.5,48.8,ug/m3,open-meteo-cams
49d088a4-168b-4153-87f7-4951a9b770f6,Stack 6 - Cement Plant 6,21.26,81.598,2026-03-14T02:00,NO2,34.9,ug/m3,open-meteo-cams
49d088a4-168b-4153-87f7-4951a9b770f6,Stack 6 - Cement Plant 6,21.26,81.598,2026-03-14T02:00,SO2,9.6,ug/m3,open-meteo-cams
49d088a4-168b-4153-87f7-4951a9b770f6,Stack 6 - Cement Plant 6,21.26,81.598,2026-03-14T03:00,PM2.5,48.1,ug/m3,open-meteo-cams
49d088a4-168b-4153-87f7-4951a9b770f6,Stack 6 - Cement Plant 6,21.26,81.598,2026-03-14T03:00,NO2,31.1,ug/m3,open-meteo-cams
49d088a4-168b-4153-87f7-4951a9b770f6,Stack 6 - Cement Plant 6,21.26,81.598,2026-03-14T03:00,SO2,10.1,ug/m3,open-meteo-cams
49d088a4-168b-4153-87f7-4951a9b770f6,Stack 6 - Cement Plant 6,21.26,81.598,2026-03-14T04:00,PM2.5,48.4,ug/m3,open-meteo-cams
49d088a4-168b-4153-87f7-4951a9b770f6,Stack 6 - Cement Plant 6,21.26,81.598,2026-03-14T04:00,NO2,25.5,ug/m3,open-meteo-cams
49d088a4-168b-4153-87f7-4951a9b770f6,Stack 6 - Cement Plant 6,21.26,81.598,2026-03-14T04:00,SO2,11.5,ug/m3,open-meteo-cams
49d088a4-168b-4153-87f7-4951a9b770f6,Stack 6 - Cement Plant 6,21.26,81.598,2026-03-14T05:00,PM2.5,45.8,ug/m3,open-meteo-cams
49d088a4-168b-4153-87f7-4951a9b770f6,Stack 6 - Cement Plant 6,21.26,81.598,2026-03-14T05:00,NO2,18.8,ug/m3,open-meteo-cams
49d088a4-168b-4153-87f7-4951a9b770f6,Stack 6 - Cement Plant 6,21.26,81.598,2026-03-14T05:00,SO2,13.2,ug/m3,open-meteo-cams
49d088a4-168b-4153-87f7-4951a9b770f6,Stack 6 - Cement Plant 6,21.26,81.598,2026-03-14T06:00,PM2.5,37.8,ug/m3,open-meteo-cams
49d088a4-168b-4153-87f7-4951a9b770f6,Stack 6 - Cement Plant 6,21.26,81.598,2026-03-14T06:00,NO2,13.2,ug/m3,open-meteo-cams
49d088a4-168b-4153-87f7-4951a9b770f6,Stack 6 - Cement Plant 6,21.26,81.598,2026-03-14T06:00,SO2,13.9,ug/m3,open-meteo-cams
49d088a4-168b-4153-87f7-4951a9b770f6,Stack 6 - Cement Plant 6,21.26,81.598,2026-03-14T07:00,PM2.5,31.8,ug/m3,open-meteo-cams
49d088a4-168b-4153-87f7-4951a9b770f6,Stack 6 - Cement Plant 6,21.26,81.598,2026-03-14T07:00,NO2,9.2,ug/m3,open-meteo-cams
49d088a4-168b-4153-87f7-4951a9b770f6,Stack 6 - Cement Plant 6,21.26,81.598,2026-03-14T07:00,SO2,12.5,ug/m3,open-meteo-cams
49d088a4-168b-4153-87f7-4951a9b770f6,Stack 6 - Cement Plant 6,21.26,81.598,2026-03-14T08:00,PM2.5,23.3,ug/m3,open-meteo-cams
49d088a4-168b-4153-87f7-4951a9b770f6,Stack 6 - Cement Plant 6,21.26,81.598,2026-03-14T08:00,NO2,6.5,ug/m3,open-meteo-cams
49d088a4-168b-4153-87f7-4951a9b770f6,Stack 6 - Cement Plant 6,21.26,81.598,2026-03-14T08:00,SO2,10.0,ug/m3,open-meteo-cams
49d088a4-168b-4153-87f7-4951a9b770f6,Stack 6 - Cement Plant 6,21.26,81.598,2026-03-14T09:00,PM2.5,20.7,ug/m3,open-meteo-cams
49d088a4-168b-4153-87f7-4951a9b770f6,Stack 6 - Cement Plant 6,21.26,81.598,2026-03-14T09:00,NO2,5.7,ug/m3,open-meteo-cams
49d088a4-168b-4153-87f7-4951a9b770f6,Stack 6 - Cement Plant 6,21.26,81.598,2026-03-14T09:00,SO2,8.2,ug/m3,open-meteo-cams
49d088a4-168b-4153-87f7-4951a9b770f6,Stack 6 - Cement Plant 6,21.26,81.598,2026-03-14T10:00,PM2.5,20.3,ug/m3,open-meteo-cams
49d088a4-168b-4153-87f7-4951a9b770f6,Stack 6 - Cement Plant 6,21.26,81.598,2026-03-14T10:00,NO2,7.9,ug/m3,open-meteo-cams
49d088a4-168b-4153-87f7-4951a9b770f6,Stack 6 - Cement Plant 6,21.26,81.598,2026-03-14T10:00,SO2,7.8,ug/m3,open-meteo-cams
49d088a4-168b-4153-87f7-4951a9b770f6,Stack 6 - Cement Plant 6,21.26,81.598,2026-03-14T11:00,PM2.5,20.8,ug/m3,open-meteo-cams
49d088a4-168b-4153-87f7-4951a9b770f6,Stack 6 - Cement Plant 6,21.26,81.598,2026-03-14T11:00,NO2,12.2,ug/m3,open-meteo-cams
49d088a4-168b-4153-87f7-4951a9b770f6,Stack 6 - Cement Plant 6,21.26,81.598,2026-03-14T11:00,SO2,8.1,ug/m3,open-meteo-cams
49d088a4-168b-4153-87f7-4951a9b770f6,Stack 6 - Cement Plant 6,21.26,81.598,2026-03-14T12:00,PM2.5,28.7,ug/m3,open-meteo-cams
49d088a4-168b-4153-87f7-4951a9b770f6,Stack 6 - Cement Plant 6,21.26,81.598,2026-03-14T12:00,NO2,16.6,ug/m3,open-meteo-cams
49d088a4-168b-4153-87f7-4951a9b770f6,Stack 6 - Cement Plant 6,21.26,81.598,2026-03-14T12:00,SO2,8.8,ug/m3,open-meteo-cams
49d088a4-168b-4153-87f7-4951a9b770f6,Stack 6 - Cement Plant 6,21.26,81.598,2026-03-14T13:00,PM2.5,41.1,ug/m3,open-meteo-cams
49d088a4-168b-4153-87f7-4951a9b770f6,Stack 6 - Cement Plant 6,21.26,81.598,2026-03-14T13:00,NO2,20.7,ug/m3,open-meteo-cams
49d088a4-168b-4153-87f7-4951a9b770f6,Stack 6 - Cement Plant 6,21.26,81.598,2026-03-14T13:00,SO2,10.1,ug/m3,open-meteo-cams
49d088a4-168b-4153-87f7-4951a9b770f6,Stack 6 - Cement Plant 6,21.26,81.598,2026-03-14T14:00,PM2.5,48.4,ug/m3,open-meteo-cams
49d088a4-168b-4153-87f7-4951a9b770f6,Stack 6 - Cement Plant 6,21.26,81.598,2026-03-14T14:00,NO2,24.8,ug/m3,open-meteo-cams
49d088a4-168b-4153-87f7-4951a9b770f6,Stack 6 - Cement Plant 6,21.26,81.598,2026-03-14T14:00,SO2,11.9,ug/m3,open-meteo-cams
49d088a4-168b-4153-87f7-4951a9b770f6,Stack 6 - Cement Plant 6,21.26,81.598,2026-03-14T15:00,PM2.5,51.9,ug/m3,open-meteo-cams
49d088a4-168b-4153-87f7-4951a9b770f6,Stack 6 - Cement Plant 6,21.26,81.598,2026-03-14T15:00,NO2,28.1,ug/m3,open-meteo-cams
49d088a4-168b-4153-87f7-4951a9b770f6,Stack 6 - Cement Plant 6,21.26,81.598,2026-03-14T15:00,SO2,13.1,ug/m3,open-meteo-cams
49d088a4-168b-4153-87f7-4951a9b770f6,Stack 6 - Cement Plant 6,21.26,81.598,2026-03-14T16:00,PM2.5,55.3,ug/m3,open-meteo-cams
49d088a4-168b-4153-87f7-4951a9b770f6,Stack 6 - Cement Plant 6,21.26,81.598,2026-03-14T16:00,NO2,30.2,ug/m3,open-meteo-cams
49d088a4-168b-4153-87f7-4951a9b770f6,Stack 6 - Cement Plant 6,21.26,81.598,2026-03-14T16:00,SO2,13.4,ug/m3,open-meteo-cams
49d088a4-168b-4153-87f7-4951a9b770f6,Stack 6 - Cement Plant 6,21.26,81.598,2026-03-14T17:00,PM2.5,59.3,ug/m3,open-meteo-cams
49d088a4-168b-4153-87f7-4951a9b770f6,Stack 6 - Cement Plant 6,21.26,81.598,2026-03-14T17:00,NO2,31.5,ug/m3,open-meteo-cams
49d088a4-168b-4153-87f7-4951a9b770f6,Stack 6 - Cement Plant 6,21.26,81.598,2026-03-14T17:00,SO2,13.2,ug/m3,open-meteo-cams
49d088a4-168b-4153-87f7-4951a9b770f6,Stack 6 - Cement Plant 6,21.26,81.598,2026-03-14T18:00,PM2.5,63.1,ug/m3,open-meteo-cams
49d088a4-168b-4153-87f7-4951a9b770f6,Stack 6 - Cement Plant 6,21.26,81.598,2026-03-14T18:00,NO2,32.3,ug/m3,open-meteo-cams
49d088a4-168b-4153-87f7-4951a9b770f6,Stack 6 - Cement Plant 6,21.26,81.598,2026-03-14T18:00,SO2,12.6,ug/m3,open-meteo-cams
49d088a4-168b-4153-87f7-4951a9b770f6,Stack 6 - Cement Plant 6,21.26,81.598,2026-03-14T19:00,PM2.5,62.2,ug/m3,open-meteo-cams
49d088a4-168b-4153-87f7-4951a9b770f6,Stack 6 - Cement Plant 6,21.26,81.598,2026-03-14T19:00,NO2,32.9,ug/m3,open-meteo-cams
49d088a4-168b-4153-87f7-4951a9b770f6,Stack 6 - Cement Plant 6,21.26,81.598,2026-03-14T19:00,SO2,11.6,ug/m3,open-meteo-cams
49d088a4-168b-4153-87f7-4951a9b770f6,Stack 6 - Cement Plant 6,21.26,81.598,2026-03-14T20:00,PM2.5,56.8,ug/m3,open-meteo-cams
49d088a4-168b-4153-87f7-4951a9b770f6,Stack 6 - Cement Plant 6,21.26,81.598,2026-03-14T20:00,NO2,33.0,ug/m3,open-meteo-cams
49d088a4-168b-4153-87f7-4951a9b770f6,Stack 6 - Cement Plant 6,21.26,81.598,2026-03-14T20:00,SO2,10.3,ug/m3,open-meteo-cams
49d088a4-168b-4153-87f7-4951a9b770f6,Stack 6 - Cement Plant 6,21.26,81.598,2026-03-14T21:00,PM2.5,51.8,ug/m3,open-meteo-cams
49d088a4-168b-4153-87f7-4951a9b770f6,Stack 6 - Cement Plant 6,21.26,81.598,2026-03-14T21:00,NO2,32.3,ug/m3,open-meteo-cams
49d088a4-168b-4153-87f7-4951a9b770f6,Stack 6 - Cement Plant 6,21.26,81.598,2026-03-14T21:00,SO2,9.3,ug/m3,open-meteo-cams
49d088a4-168b-4153-87f7-4951a9b770f6,Stack 6 - Cement Plant 6,21.26,81.598,2026-03-14T22:00,PM2.5,46.4,ug/m3,open-meteo-cams
49d088a4-168b-4153-87f7-4951a9b770f6,Stack 6 - Cement Plant 6,21.26,81.598,2026-03-14T22:00,NO2,30.2,ug/m3,open-meteo-cams
49d088a4-168b-4153-87f7-4951a9b770f6,Stack 6 - Cement Plant 6,21.26,81.598,2026-03-14T22:00,SO2,8.8,ug/m3,open-meteo-cams
49d088a4-168b-4153-87f7-4951a9b770f6,Stack 6 - Cement Plant 6,21.26,81.598,2026-03-14T23:00,PM2.5,42.6,ug/m3,open-meteo-cams
49d088a4-168b-4153-87f7-4951a9b770f6,Stack 6 - Cement Plant 6,21.26,81.598,2026-03-14T23:00,NO2,27.2,ug/m3,open-meteo-cams
49d088a4-168b-4153-87f7-4951a9b770f6,Stack 6 - Cement Plant 6,21.26,81.598,2026-03-14T23:00,SO2,8.6,ug/m3,open-meteo-cams
168168ac-a8ed-4b77-93e1-64a9c479141b,Stack 7 - Cement Plant 7,21.27,81.606,2026-03-13T00:00,PM2.5,64.7,ug/m3,open-meteo-cams
168168ac-a8ed-4b77-93e1-64a9c479141b,Stack 7 - Cement Plant 7,21.27,81.606,2026-03-13T00:00,NO2,39.4,ug/m3,open-meteo-cams
168168ac-a8ed-4b77-93e1-64a9c479141b,Stack 7 - Cement Plant 7,21.27,81.606,2026-03-13T00:00,SO2,9.3,ug/m3,open-meteo-cams
168168ac-a8ed-4b77-93e1-64a9c479141b,Stack 7 - Cement Plant 7,21.27,81.606,2026-03-13T01:00,PM2.5,72.6,ug/m3,open-meteo-cams
168168ac-a8ed-4b77-93e1-64a9c479141b,Stack 7 - Cement Plant 7,21.27,81.606,2026-03-13T01:00,NO2,43.2,ug/m3,open-meteo-cams
168168ac-a8ed-4b77-93e1-64a9c479141b,Stack 7 - Cement Plant 7,21.27,81.606,2026-03-13T01:00,SO2,10.7,ug/m3,open-meteo-cams
168168ac-a8ed-4b77-93e1-64a9c479141b,Stack 7 - Cement Plant 7,21.27,81.606,2026-03-13T02:00,PM2.5,78.7,ug/m3,open-meteo-cams
168168ac-a8ed-4b77-93e1-64a9c479141b,Stack 7 - Cement Plant 7,21.27,81.606,2026-03-13T02:00,NO2,48.0,ug/m3,open-meteo-cams
168168ac-a8ed-4b77-93e1-64a9c479141b,Stack 7 - Cement Plant 7,21.27,81.606,2026-03-13T02:00,SO2,12.6,ug/m3,open-meteo-cams
168168ac-a8ed-4b77-93e1-64a9c479141b,Stack 7 - Cement Plant 7,21.27,81.606,2026-03-13T03:00,PM2.5,73.8,ug/m3,open-meteo-cams
168168ac-a8ed-4b77-93e1-64a9c479141b,Stack 7 - Cement Plant 7,21.27,81.606,2026-03-13T03:00,NO2,47.9,ug/m3,open-meteo-cams
168168ac-a8ed-4b77-93e1-64a9c479141b,Stack 7 - Cement Plant 7,21.27,81.606,2026-03-13T03:00,SO2,13.9,ug/m3,open-meteo-cams
168168ac-a8ed-4b77-93e1-64a9c479141b,Stack 7 - Cement Plant 7,21.27,81.606,2026-03-13T04:00,PM2.5,68.9,ug/m3,open-meteo-cams
168168ac-a8ed-4b77-93e1-64a9c479141b,Stack 7 - Cement Plant 7,21.27,81.606,2026-03-13T04:00,NO2,38.1,ug/m3,open-meteo-cams
168168ac-a8ed-4b77-93e1-64a9c479141b,Stack 7 - Cement Plant 7,21.27,81.606,2026-03-13T04:00,SO2,14.0,ug/m3,open-meteo-cams
168168ac-a8ed-4b77-93e1-64a9c479141b,Stack 7 - Cement Plant 7,21.27,81.606,2026-03-13T05:00,PM2.5,46.1,ug/m3,open-meteo-cams
168168ac-a8ed-4b77-93e1-64a9c479141b,Stack 7 - Cement Plant 7,21.27,81.606,2026-03-13T05:00,NO2,23.4,ug/m3,open-meteo-cams
168168ac-a8ed-4b77-93e1-64a9c479141b,Stack 7 - Cement Plant 7,21.27,81.606,2026-03-13T05:00,SO2,13.4,ug/m3,open-meteo-cams
168168ac-a8ed-4b77-93e1-64a9c479141b,Stack 7 - Cement Plant 7,21.27,81.606,2026-03-13T06:00,PM2.5,25.9,ug/m3,open-meteo-cams
168168ac-a8ed-4b77-93e1-64a9c479141b,Stack 7 - Cement Plant 7,21.27,81.606,2026-03-13T06:00,NO2,12.2,ug/m3,open-meteo-cams
168168ac-a8ed-4b77-93e1-64a9c479141b,Stack 7 - Cement Plant 7,21.27,81.606,2026-03-13T06:00,SO2,12.6,ug/m3,open-meteo-cams
168168ac-a8ed-4b77-93e1-64a9c479141b,Stack 7 - Cement Plant 7,21.27,81.606,2026-03-13T07:00,PM2.5,21.5,ug/m3,open-meteo-cams
168168ac-a8ed-4b77-93e1-64a9c479141b,Stack 7 - Cement Plant 7,21.27,81.606,2026-03-13T07:00,NO2,8.0,ug/m3,open-meteo-cams
168168ac-a8ed-4b77-93e1-64a9c479141b,Stack 7 - Cement Plant 7,21.27,81.606,2026-03-13T07:00,SO2,11.3,ug/m3,open-meteo-cams
168168ac-a8ed-4b77-93e1-64a9c479141b,Stack 7 - Cement Plant 7,21.27,81.606,2026-03-13T08:00,PM2.5,21.0,ug/m3,open-meteo-cams
168168ac-a8ed-4b77-93e1-64a9c479141b,Stack 7 - Cement Plant 7,21.27,81.606,2026-03-13T08:00,NO2,7.4,ug/m3,open-meteo-cams
168168ac-a8ed-4b77-93e1-64a9c479141b,Stack 7 - Cement Plant 7,21.27,81.606,2026-03-13T08:00,SO2,9.8,ug/m3,open-meteo-cams
168168ac-a8ed-4b77-93e1-64a9c479141b,Stack 7 - Cement Plant 7,21.27,81.606,2026-03-13T09:00,PM2.5,21.1,ug/m3,open-meteo-cams
168168ac-a8ed-4b77-93e1-64a9c479141b,Stack 7 - Cement Plant 7,21.27,81.606,2026-03-13T09:00,NO2,8.5,ug/m3,open-meteo-cams
168168ac-a8ed-4b77-93e1-64a9c479141b,Stack 7 - Cement Plant 7,21.27,81.606,2026-03-13T09:00,SO2,8.7,ug/m3,open-meteo-cams
168168ac-a8ed-4b77-93e1-64a9c479141b,Stack 7 - Cement Plant 7,21.27,81.606,2026-03-13T10:00,PM2.5,21.1,ug/m3,open-meteo-cams
168168ac-a8ed-4b77-93e1-64a9c479141b,Stack 7 - Cement Plant 7,21.27,81.606,2026-03-13T10:00,NO2,11.5,ug/m3,open-meteo-cams
168168ac-a8ed-4b77-93e1-64a9c479141b,Stack 7 - Cement Plant 7,21.27,81.606,2026-03-13T10:00,SO2,8.4,ug/m3,open-meteo-cams
168168ac-a8ed-4b77-93e1-64a9c479141b,Stack 7 - Cement Plant 7,21.27,81.606,2026-03-13T11:00,PM2.5,21.4,ug/m3,open-meteo-cams
168168ac-a8ed-4b77-93e1-64a9c479141b,Stack 7 - Cement Plant 7,21.27,81.606,2026-03-13T11:00,NO2,16.2,ug/m3,open-meteo-cams
168168ac-a8ed-4b77-93e1-64a9c479141b,Stack 7 - Cement Plant 7,21.27,81.606,2026-03-13T11:00,SO2,8.5,ug/m3,open-meteo-cams
168168ac-a8ed-4b77-93e1-64a9c479141b,Stack 7 - Cement Plant 7,21.27,81.606,2026-03-13T12:00,PM2.5,29.5,ug/m3,open-meteo-cams
168168ac-a8ed-4b77-93e1-64a9c479141b,Stack 7 - Cement Plant 7,21.27,81.606,2026-03-13T12:00,NO2,20.2,ug/m3,open-meteo-cams
168168ac-a8ed-4b77-93e1-64a9c479141b,Stack 7 - Cement Plant 7,21.27,81.606,2026-03-13T12:00,SO2,8.9,ug/m3,open-meteo-cams
168168ac-a8ed-4b77-93e1-64a9c479141b,Stack 7 - Cement Plant 7,21.27,81.606,2026-03-13T13:00,PM2.5,42.5,ug/m3,open-meteo-cams
168168ac-a8ed-4b77-93e1-64a9c479141b,Stack 7 - Cement Plant 7,21.27,81.606,2026-03-13T13:00,NO2,22.7,ug/m3,open-meteo-cams
168168ac-a8ed-4b77-93e1-64a9c479141b,Stack 7 - Cement Plant 7,21.27,81.606,2026-03-13T13:00,SO2,9.8,ug/m3,open-meteo-cams
168168ac-a8ed-4b77-93e1-64a9c479141b,Stack 7 - Cement Plant 7,21.27,81.606,2026-03-13T14:00,PM2.5,45.5,ug/m3,open-meteo-cams
168168ac-a8ed-4b77-93e1-64a9c479141b,Stack 7 - Cement Plant 7,21.27,81.606,2026-03-13T14:00,NO2,24.5,ug/m3,open-meteo-cams
168168ac-a8ed-4b77-93e1-64a9c479141b,Stack 7 - Cement Plant 7,21.27,81.606,2026-03-13T14:00,SO2,10.9,ug/m3,open-meteo-cams
168168ac-a8ed-4b77-93e1-64a9c479141b,Stack 7 - Cement Plant 7,21.27,81.606,2026-03-13T15:00,PM2.5,43.8,ug/m3,open-meteo-cams
168168ac-a8ed-4b77-93e1-64a9c479141b,Stack 7 - Cement Plant 7,21.27,81.606,2026-03-13T15:00,NO2,25.3,ug/m3,open-meteo-cams
168168ac-a8ed-4b77-93e1-64a9c479141b,Stack 7 - Cement Plant 7,21.27,81.606,2026-03-13T15:00,SO2,11.5,ug/m3,open-meteo-cams
168168ac-a8ed-4b77-93e1-64a9c479141b,Stack 7 - Cement Plant 7,21.27,81.606,2026-03-13T16:00,PM2.5,42.6,ug/m3,open-meteo-cams
168168ac-a8ed-4b77-93e1-64a9c479141b,Stack 7 - Cement Plant 7,21.27,81.606,2026-03-13T16:00,NO2,24.3,ug/m3,open-meteo-cams
168168ac-a8ed-4b77-93e1-64a9c479141b,Stack 7 - Cement Plant 7,21.27,81.606,2026-03-13T16:00,SO2,11.0,ug/m3,open-meteo-cams
168168ac-a8ed-4b77-93e1-64a9c479141b,Stack 7 - Cement Plant 7,21.27,81.606,2026-03-13T17:00,PM2.5,42.4,ug/m3,open-meteo-cams
168168ac-a8ed-4b77-93e1-64a9c479141b,Stack 7 - Cement Plant 7,21.27,81.606,2026-03-13T17:00,NO2,22.3,ug/m3,open-meteo-cams
168168ac-a8ed-4b77-93e1-64a9c479141b,Stack 7 - Cement Plant 7,21.27,81.606,2026-03-13T17:00,SO2,9.9,ug/m3,open-meteo-cams
168168ac-a8ed-4b77-93e1-64a9c479141b,Stack 7 - Cement Plant 7,21.27,81.606,2026-03-13T18:00,PM2.5,43.2,ug/m3,open-meteo-cams
168168ac-a8ed-4b77-93e1-64a9c479141b,Stack 7 - Cement Plant 7,21.27,81.606,2026-03-13T18:00,NO2,21.9,ug/m3,open-meteo-cams
168168ac-a8ed-4b77-93e1-64a9c479141b,Stack 7 - Cement Plant 7,21.27,81.606,2026-03-13T18:00,SO2,9.1,ug/m3,open-meteo-cams
168168ac-a8ed-4b77-93e1-64a9c479141b,Stack 7 - Cement Plant 7,21.27,81.606,2026-03-13T19:00,PM2.5,45.4,ug/m3,open-meteo-cams
168168ac-a8ed-4b77-93e1-64a9c479141b,Stack 7 - Cement Plant 7,21.27,81.606,2026-03-13T19:00,NO2,24.7,ug/m3,open-meteo-cams
168168ac-a8ed-4b77-93e1-64a9c479141b,Stack 7 - Cement Plant 7,21.27,81.606,2026-03-13T19:00,SO2,9.0,ug/m3,open-meteo-cams
168168ac-a8ed-4b77-93e1-64a9c479141b,Stack 7 - Cement Plant 7,21.27,81.606,2026-03-13T20:00,PM2.5,51.6,ug/m3,open-meteo-cams
168168ac-a8ed-4b77-93e1-64a9c479141b,Stack 7 - Cement Plant 7,21.27,81.606,2026-03-13T20:00,NO2,29.0,ug/m3,open-meteo-cams
168168ac-a8ed-4b77-93e1-64a9c479141b,Stack 7 - Cement Plant 7,21.27,81.606,2026-03-13T20:00,SO2,9.1,ug/m3,open-meteo-cams
168168ac-a8ed-4b77-93e1-64a9c479141b,Stack 7 - Cement Plant 7,21.27,81.606,2026-03-13T21:00,PM2.5,57.5,ug/m3,open-meteo-cams
168168ac-a8ed-4b77-93e1-64a9c479141b,Stack 7 - Cement Plant 7,21.27,81.606,2026-03-13T21:00,NO2,32.8,ug/m3,open-meteo-cams
168168ac-a8ed-4b77-93e1-64a9c479141b,Stack 7 - Cement Plant 7,21.27,81.606,2026-03-13T21:00,SO2,9.3,ug/m3,open-meteo-cams
168168ac-a8ed-4b77-93e1-64a9c479141b,Stack 7 - Cement Plant 7,21.27,81.606,2026-03-13T22:00,PM2.5,63.3,ug/m3,open-meteo-cams
168168ac-a8ed-4b77-93e1-64a9c479141b,Stack 7 - Cement Plant 7,21.27,81.606,2026-03-13T22:00,NO2,35.6,ug/m3,open-meteo-cams
168168ac-a8ed-4b77-93e1-64a9c479141b,Stack 7 - Cement Plant 7,21.27,81.606,2026-03-13T22:00,SO2,9.4,ug/m3,open-meteo-cams
168168ac-a8ed-4b77-93e1-64a9c479141b,Stack 7 - Cement Plant 7,21.27,81.606,2026-03-13T23:00,PM2.5,67.8,ug/m3,open-meteo-cams
168168ac-a8ed-4b77-93e1-64a9c479141b,Stack 7 - Cement Plant 7,21.27,81.606,2026-03-13T23:00,NO2,37.9,ug/m3,open-meteo-cams
168168ac-a8ed-4b77-93e1-64a9c479141b,Stack 7 - Cement Plant 7,21.27,81.606,2026-03-13T23:00,SO2,9.4,ug/m3,open-meteo-cams
168168ac-a8ed-4b77-93e1-64a9c479141b,Stack 7 - Cement Plant 7,21.27,81.606,2026-03-14T00:00,PM2.5,63.8,ug/m3,open-meteo-cams
168168ac-a8ed-4b77-93e1-64a9c479141b,Stack 7 - Cement Plant 7,21.27,81.606,2026-03-14T00:00,NO2,38.7,ug/m3,open-meteo-cams
168168ac-a8ed-4b77-93e1-64a9c479141b,Stack 7 - Cement Plant 7,21.27,81.606,2026-03-14T00:00,SO2,9.5,ug/m3,open-meteo-cams
168168ac-a8ed-4b77-93e1-64a9c479141b,Stack 7 - Cement Plant 7,21.27,81.606,2026-03-14T01:00,PM2.5,55.5,ug/m3,open-meteo-cams
168168ac-a8ed-4b77-93e1-64a9c479141b,Stack 7 - Cement Plant 7,21.27,81.606,2026-03-14T01:00,NO2,37.5,ug/m3,open-meteo-cams
168168ac-a8ed-4b77-93e1-64a9c479141b,Stack 7 - Cement Plant 7,21.27,81.606,2026-03-14T01:00,SO2,9.6,ug/m3,open-meteo-cams
168168ac-a8ed-4b77-93e1-64a9c479141b,Stack 7 - Cement Plant 7,21.27,81.606,2026-03-14T02:00,PM2.5,48.8,ug/m3,open-meteo-cams
168168ac-a8ed-4b77-93e1-64a9c479141b,Stack 7 - Cement Plant 7,21.27,81.606,2026-03-14T02:00,NO2,34.9,ug/m3,open-meteo-cams
168168ac-a8ed-4b77-93e1-64a9c479141b,Stack 7 - Cement Plant 7,21.27,81.606,2026-03-14T02:00,SO2,9.6,ug/m3,open-meteo-cams
168168ac-a8ed-4b77-93e1-64a9c479141b,Stack 7 - Cement Plant 7,21.27,81.606,2026-03-14T03:00,PM2.5,48.1,ug/m3,open-meteo-cams
168168ac-a8ed-4b77-93e1-64a9c479141b,Stack 7 - Cement Plant 7,21.27,81.606,2026-03-14T03:00,NO2,31.1,ug/m3,open-meteo-cams
168168ac-a8ed-4b77-93e1-64a9c479141b,Stack 7 - Cement Plant 7,21.27,81.606,2026-03-14T03:00,SO2,10.1,ug/m3,open-meteo-cams
168168ac-a8ed-4b77-93e1-64a9c479141b,Stack 7 - Cement Plant 7,21.27,81.606,2026-03-14T04:00,PM2.5,48.4,ug/m3,open-meteo-cams
168168ac-a8ed-4b77-93e1-64a9c479141b,Stack 7 - Cement Plant 7,21.27,81.606,2026-03-14T04:00,NO2,25.5,ug/m3,open-meteo-cams
168168ac-a8ed-4b77-93e1-64a9c479141b,Stack 7 - Cement Plant 7,21.27,81.606,2026-03-14T04:00,SO2,11.5,ug/m3,open-meteo-cams
168168ac-a8ed-4b77-93e1-64a9c479141b,Stack 7 - Cement Plant 7,21.27,81.606,2026-03-14T05:00,PM2.5,45.8,ug/m3,open-meteo-cams
168168ac-a8ed-4b77-93e1-64a9c479141b,Stack 7 - Cement Plant 7,21.27,81.606,2026-03-14T05:00,NO2,18.8,ug/m3,open-meteo-cams
168168ac-a8ed-4b77-93e1-64a9c479141b,Stack 7 - Cement Plant 7,21.27,81.606,2026-03-14T05:00,SO2,13.2,ug/m3,open-meteo-cams
168168ac-a8ed-4b77-93e1-64a9c479141b,Stack 7 - Cement Plant 7,21.27,81.606,2026-03-14T06:00,PM2.5,37.8,ug/m3,open-meteo-cams
168168ac-a8ed-4b77-93e1-64a9c479141b,Stack 7 - Cement Plant 7,21.27,81.606,2026-03-14T06:00,NO2,13.2,ug/m3,open-meteo-cams
168168ac-a8ed-4b77-93e1-64a9c479141b,Stack 7 - Cement Plant 7,21.27,81.606,2026-03-14T06:00,SO2,13.9,ug/m3,open-meteo-cams
168168ac-a8ed-4b77-93e1-64a9c479141b,Stack 7 - Cement Plant 7,21.27,81.606,2026-03-14T07:00,PM2.5,31.8,ug/m3,open-meteo-cams
168168ac-a8ed-4b77-93e1-64a9c479141b,Stack 7 - Cement Plant 7,21.27,81.606,2026-03-14T07:00,NO2,9.2,ug/m3,open-meteo-cams
168168ac-a8ed-4b77-93e1-64a9c479141b,Stack 7 - Cement Plant 7,21.27,81.606,2026-03-14T07:00,SO2,12.5,ug/m3,open-meteo-cams
168168ac-a8ed-4b77-93e1-64a9c479141b,Stack 7 - Cement Plant 7,21.27,81.606,2026-03-14T08:00,PM2.5,23.3,ug/m3,open-meteo-cams
168168ac-a8ed-4b77-93e1-64a9c479141b,Stack 7 - Cement Plant 7,21.27,81.606,2026-03-14T08:00,NO2,6.5,ug/m3,open-meteo-cams
168168ac-a8ed-4b77-93e1-64a9c479141b,Stack 7 - Cement Plant 7,21.27,81.606,2026-03-14T08:00,SO2,10.0,ug/m3,open-meteo-cams
168168ac-a8ed-4b77-93e1-64a9c479141b,Stack 7 - Cement Plant 7,21.27,81.606,2026-03-14T09:00,PM2.5,20.7,ug/m3,open-meteo-cams
168168ac-a8ed-4b77-93e1-64a9c479141b,Stack 7 - Cement Plant 7,21.27,81.606,2026-03-14T09:00,NO2,5.7,ug/m3,open-meteo-cams
168168ac-a8ed-4b77-93e1-64a9c479141b,Stack 7 - Cement Plant 7,21.27,81.606,2026-03-14T09:00,SO2,8.2,ug/m3,open-meteo-cams
168168ac-a8ed-4b77-93e1-64a9c479141b,Stack 7 - Cement Plant 7,21.27,81.606,2026-03-14T10:00,PM2.5,20.3,ug/m3,open-meteo-cams
168168ac-a8ed-4b77-93e1-64a9c479141b,Stack 7 - Cement Plant 7,21.27,81.606,2026-03-14T10:00,NO2,7.9,ug/m3,open-meteo-cams
168168ac-a8ed-4b77-93e1-64a9c479141b,Stack 7 - Cement Plant 7,21.27,81.606,2026-03-14T10:00,SO2,7.8,ug/m3,open-meteo-cams
168168ac-a8ed-4b77-93e1-64a9c479141b,Stack 7 - Cement Plant 7,21.27,81.606,2026-03-14T11:00,PM2.5,20.8,ug/m3,open-meteo-cams
168168ac-a8ed-4b77-93e1-64a9c479141b,Stack 7 - Cement Plant 7,21.27,81.606,2026-03-14T11:00,NO2,12.2,ug/m3,open-meteo-cams
168168ac-a8ed-4b77-93e1-64a9c479141b,Stack 7 - Cement Plant 7,21.27,81.606,2026-03-14T11:00,SO2,8.1,ug/m3,open-meteo-cams
168168ac-a8ed-4b77-93e1-64a9c479141b,Stack 7 - Cement Plant 7,21.27,81.606,2026-03-14T12:00,PM2.5,28.7,ug/m3,open-meteo-cams
168168ac-a8ed-4b77-93e1-64a9c479141b,Stack 7 - Cement Plant 7,21.27,81.606,2026-03-14T12:00,NO2,16.6,ug/m3,open-meteo-cams
168168ac-a8ed-4b77-93e1-64a9c479141b,Stack 7 - Cement Plant 7,21.27,81.606,2026-03-14T12:00,SO2,8.8,ug/m3,open-meteo-cams
168168ac-a8ed-4b77-93e1-64a9c479141b,Stack 7 - Cement Plant 7,21.27,81.606,2026-03-14T13:00,PM2.5,41.1,ug/m3,open-meteo-cams
168168ac-a8ed-4b77-93e1-64a9c479141b,Stack 7 - Cement Plant 7,21.27,81.606,2026-03-14T13:00,NO2,20.7,ug/m3,open-meteo-cams
168168ac-a8ed-4b77-93e1-64a9c479141b,Stack 7 - Cement Plant 7,21.27,81.606,2026-03-14T13:00,SO2,10.1,ug/m3,open-meteo-cams
168168ac-a8ed-4b77-93e1-64a9c479141b,Stack 7 - Cement Plant 7,21.27,81.606,2026-03-14T14:00,PM2.5,48.4,ug/m3,open-meteo-cams
168168ac-a8ed-4b77-93e1-64a9c479141b,Stack 7 - Cement Plant 7,21.27,81.606,2026-03-14T14:00,NO2,24.8,ug/m3,open-meteo-cams
168168ac-a8ed-4b77-93e1-64a9c479141b,Stack 7 - Cement Plant 7,21.27,81.606,2026-03-14T14:00,SO2,11.9,ug/m3,open-meteo-cams
168168ac-a8ed-4b77-93e1-64a9c479141b,Stack 7 - Cement Plant 7,21.27,81.606,2026-03-14T15:00,PM2.5,51.9,ug/m3,open-meteo-cams
168168ac-a8ed-4b77-93e1-64a9c479141b,Stack 7 - Cement Plant 7,21.27,81.606,2026-03-14T15:00,NO2,28.1,ug/m3,open-meteo-cams
168168ac-a8ed-4b77-93e1-64a9c479141b,Stack 7 - Cement Plant 7,21.27,81.606,2026-03-14T15:00,SO2,13.1,ug/m3,open-meteo-cams
168168ac-a8ed-4b77-93e1-64a9c479141b,Stack 7 - Cement Plant 7,21.27,81.606,2026-03-14T16:00,PM2.5,55.3,ug/m3,open-meteo-cams
168168ac-a8ed-4b77-93e1-64a9c479141b,Stack 7 - Cement Plant 7,21.27,81.606,2026-03-14T16:00,NO2,30.2,ug/m3,open-meteo-cams
168168ac-a8ed-4b77-93e1-64a9c479141b,Stack 7 - Cement Plant 7,21.27,81.606,2026-03-14T16:00,SO2,13.4,ug/m3,open-meteo-cams
168168ac-a8ed-4b77-93e1-64a9c479141b,Stack 7 - Cement Plant 7,21.27,81.606,2026-03-14T17:00,PM2.5,59.3,ug/m3,open-meteo-cams
168168ac-a8ed-4b77-93e1-64a9c479141b,Stack 7 - Cement Plant 7,21.27,81.606,2026-03-14T17:00,NO2,31.5,ug/m3,open-meteo-cams
168168ac-a8ed-4b77-93e1-64a9c479141b,Stack 7 - Cement Plant 7,21.27,81.606,2026-03-14T17:00,SO2,13.2,ug/m3,open-meteo-cams
168168ac-a8ed-4b77-93e1-64a9c479141b,Stack 7 - Cement Plant 7,21.27,81.606,2026-03-14T18:00,PM2.5,63.1,ug/m3,open-meteo-cams
168168ac-a8ed-4b77-93e1-64a9c479141b,Stack 7 - Cement Plant 7,21.27,81.606,2026-03-14T18:00,NO2,32.3,ug/m3,open-meteo-cams
168168ac-a8ed-4b77-93e1-64a9c479141b,Stack 7 - Cement Plant 7,21.27,81.606,2026-03-14T18:00,SO2,12.6,ug/m3,open-meteo-cams
168168ac-a8ed-4b77-93e1-64a9c479141b,Stack 7 - Cement Plant 7,21.27,81.606,2026-03-14T19:00,PM2.5,62.2,ug/m3,open-meteo-cams
168168ac-a8ed-4b77-93e1-64a9c479141b,Stack 7 - Cement Plant 7,21.27,81.606,2026-03-14T19:00,NO2,32.9,ug/m3,open-meteo-cams
168168ac-a8ed-4b77-93e1-64a9c479141b,Stack 7 - Cement Plant 7,21.27,81.606,2026-03-14T19:00,SO2,11.6,ug/m3,open-meteo-cams
168168ac-a8ed-4b77-93e1-64a9c479141b,Stack 7 - Cement Plant 7,21.27,81.606,2026-03-14T20:00,PM2.5,56.8,ug/m3,open-meteo-cams
168168ac-a8ed-4b77-93e1-64a9c479141b,Stack 7 - Cement Plant 7,21.27,81.606,2026-03-14T20:00,NO2,33.0,ug/m3,open-meteo-cams
168168ac-a8ed-4b77-93e1-64a9c479141b,Stack 7 - Cement Plant 7,21.27,81.606,2026-03-14T20:00,SO2,10.3,ug/m3,open-meteo-cams
168168ac-a8ed-4b77-93e1-64a9c479141b,Stack 7 - Cement Plant 7,21.27,81.606,2026-03-14T21:00,PM2.5,51.8,ug/m3,open-meteo-cams
168168ac-a8ed-4b77-93e1-64a9c479141b,Stack 7 - Cement Plant 7,21.27,81.606,2026-03-14T21:00,NO2,32.3,ug/m3,open-meteo-cams
168168ac-a8ed-4b77-93e1-64a9c479141b,Stack 7 - Cement Plant 7,21.27,81.606,2026-03-14T21:00,SO2,9.3,ug/m3,open-meteo-cams
168168ac-a8ed-4b77-93e1-64a9c479141b,Stack 7 - Cement Plant 7,21.27,81.606,2026-03-14T22:00,PM2.5,46.4,ug/m3,open-meteo-cams
168168ac-a8ed-4b77-93e1-64a9c479141b,Stack 7 - Cement Plant 7,21.27,81.606,2026-03-14T22:00,NO2,30.2,ug/m3,open-meteo-cams
168168ac-a8ed-4b77-93e1-64a9c479141b,Stack 7 - Cement Plant 7,21.27,81.606,2026-03-14T22:00,SO2,8.8,ug/m3,open-meteo-cams
168168ac-a8ed-4b77-93e1-64a9c479141b,Stack 7 - Cement Plant 7,21.27,81.606,2026-03-14T23:00,PM2.5,42.6,ug/m3,open-meteo-cams
168168ac-a8ed-4b77-93e1-64a9c479141b,Stack 7 - Cement Plant 7,21.27,81.606,2026-03-14T23:00,NO2,27.2,ug/m3,open-meteo-cams
168168ac-a8ed-4b77-93e1-64a9c479141b,Stack 7 - Cement Plant 7,21.27,81.606,2026-03-14T23:00,SO2,8.6,ug/m3,open-meteo-cams
ac6af4cb-8269-45d3-a544-23c997638395,Stack 8 - Cement Plant 8,21.28,81.614,2026-03-13T00:00,PM2.5,64.7,ug/m3,open-meteo-cams
ac6af4cb-8269-45d3-a544-23c997638395,Stack 8 - Cement Plant 8,21.28,81.614,2026-03-13T00:00,NO2,39.4,ug/m3,open-meteo-cams
ac6af4cb-8269-45d3-a544-23c997638395,Stack 8 - Cement Plant 8,21.28,81.614,2026-03-13T00:00,SO2,9.3,ug/m3,open-meteo-cams
ac6af4cb-8269-45d3-a544-23c997638395,Stack 8 - Cement Plant 8,21.28,81.614,2026-03-13T01:00,PM2.5,72.6,ug/m3,open-meteo-cams
ac6af4cb-8269-45d3-a544-23c997638395,Stack 8 - Cement Plant 8,21.28,81.614,2026-03-13T01:00,NO2,43.2,ug/m3,open-meteo-cams
ac6af4cb-8269-45d3-a544-23c997638395,Stack 8 - Cement Plant 8,21.28,81.614,2026-03-13T01:00,SO2,10.7,ug/m3,open-meteo-cams
ac6af4cb-8269-45d3-a544-23c997638395,Stack 8 - Cement Plant 8,21.28,81.614,2026-03-13T02:00,PM2.5,78.7,ug/m3,open-meteo-cams
ac6af4cb-8269-45d3-a544-23c997638395,Stack 8 - Cement Plant 8,21.28,81.614,2026-03-13T02:00,NO2,48.0,ug/m3,open-meteo-cams
ac6af4cb-8269-45d3-a544-23c997638395,Stack 8 - Cement Plant 8,21.28,81.614,2026-03-13T02:00,SO2,12.6,ug/m3,open-meteo-cams
ac6af4cb-8269-45d3-a544-23c997638395,Stack 8 - Cement Plant 8,21.28,81.614,2026-03-13T03:00,PM2.5,73.8,ug/m3,open-meteo-cams
ac6af4cb-8269-45d3-a544-23c997638395,Stack 8 - Cement Plant 8,21.28,81.614,2026-03-13T03:00,NO2,47.9,ug/m3,open-meteo-cams
ac6af4cb-8269-45d3-a544-23c997638395,Stack 8 - Cement Plant 8,21.28,81.614,2026-03-13T03:00,SO2,13.9,ug/m3,open-meteo-cams
ac6af4cb-8269-45d3-a544-23c997638395,Stack 8 - Cement Plant 8,21.28,81.614,2026-03-13T04:00,PM2.5,68.9,ug/m3,open-meteo-cams
ac6af4cb-8269-45d3-a544-23c997638395,Stack 8 - Cement Plant 8,21.28,81.614,2026-03-13T04:00,NO2,38.1,ug/m3,open-meteo-cams
ac6af4cb-8269-45d3-a544-23c997638395,Stack 8 - Cement Plant 8,21.28,81.614,2026-03-13T04:00,SO2,14.0,ug/m3,open-meteo-cams
ac6af4cb-8269-45d3-a544-23c997638395,Stack 8 - Cement Plant 8,21.28,81.614,2026-03-13T05:00,PM2.5,46.1,ug/m3,open-meteo-cams
ac6af4cb-8269-45d3-a544-23c997638395,Stack 8 - Cement Plant 8,21.28,81.614,2026-03-13T05:00,NO2,23.4,ug/m3,open-meteo-cams
ac6af4cb-8269-45d3-a544-23c997638395,Stack 8 - Cement Plant 8,21.28,81.614,2026-03-13T05:00,SO2,13.4,ug/m3,open-meteo-cams
ac6af4cb-8269-45d3-a544-23c997638395,Stack 8 - Cement Plant 8,21.28,81.614,2026-03-13T06:00,PM2.5,25.9,ug/m3,open-meteo-cams
ac6af4cb-8269-45d3-a544-23c997638395,Stack 8 - Cement Plant 8,21.28,81.614,2026-03-13T06:00,NO2,12.2,ug/m3,open-meteo-cams
ac6af4cb-8269-45d3-a544-23c997638395,Stack 8 - Cement Plant 8,21.28,81.614,2026-03-13T06:00,SO2,12.6,ug/m3,open-meteo-cams
ac6af4cb-8269-45d3-a544-23c997638395,Stack 8 - Cement Plant 8,21.28,81.614,2026-03-13T07:00,PM2.5,21.5,ug/m3,open-meteo-cams
ac6af4cb-8269-45d3-a544-23c997638395,Stack 8 - Cement Plant 8,21.28,81.614,2026-03-13T07:00,NO2,8.0,ug/m3,open-meteo-cams
ac6af4cb-8269-45d3-a544-23c997638395,Stack 8 - Cement Plant 8,21.28,81.614,2026-03-13T07:00,SO2,11.3,ug/m3,open-meteo-cams
ac6af4cb-8269-45d3-a544-23c997638395,Stack 8 - Cement Plant 8,21.28,81.614,2026-03-13T08:00,PM2.5,21.0,ug/m3,open-meteo-cams
ac6af4cb-8269-45d3-a544-23c997638395,Stack 8 - Cement Plant 8,21.28,81.614,2026-03-13T08:00,NO2,7.4,ug/m3,open-meteo-cams
ac6af4cb-8269-45d3-a544-23c997638395,Stack 8 - Cement Plant 8,21.28,81.614,2026-03-13T08:00,SO2,9.8,ug/m3,open-meteo-cams
ac6af4cb-8269-45d3-a544-23c997638395,Stack 8 - Cement Plant 8,21.28,81.614,2026-03-13T09:00,PM2.5,21.1,ug/m3,open-meteo-cams
ac6af4cb-8269-45d3-a544-23c997638395,Stack 8 - Cement Plant 8,21.28,81.614,2026-03-13T09:00,NO2,8.5,ug/m3,open-meteo-cams
ac6af4cb-8269-45d3-a544-23c997638395,Stack 8 - Cement Plant 8,21.28,81.614,2026-03-13T09:00,SO2,8.7,ug/m3,open-meteo-cams
ac6af4cb-8269-45d3-a544-23c997638395,Stack 8 - Cement Plant 8,21.28,81.614,2026-03-13T10:00,PM2.5,21.1,ug/m3,open-meteo-cams
ac6af4cb-8269-45d3-a544-23c997638395,Stack 8 - Cement Plant 8,21.28,81.614,2026-03-13T10:00,NO2,11.5,ug/m3,open-meteo-cams
ac6af4cb-8269-45d3-a544-23c997638395,Stack 8 - Cement Plant 8,21.28,81.614,2026-03-13T10:00,SO2,8.4,ug/m3,open-meteo-cams
ac6af4cb-8269-45d3-a544-23c997638395,Stack 8 - Cement Plant 8,21.28,81.614,2026-03-13T11:00,PM2.5,21.4,ug/m3,open-meteo-cams
ac6af4cb-8269-45d3-a544-23c997638395,Stack 8 - Cement Plant 8,21.28,81.614,2026-03-13T11:00,NO2,16.2,ug/m3,open-meteo-cams
ac6af4cb-8269-45d3-a544-23c997638395,Stack 8 - Cement Plant 8,21.28,81.614,2026-03-13T11:00,SO2,8.5,ug/m3,open-meteo-cams
ac6af4cb-8269-45d3-a544-23c997638395,Stack 8 - Cement Plant 8,21.28,81.614,2026-03-13T12:00,PM2.5,29.5,ug/m3,open-meteo-cams
ac6af4cb-8269-45d3-a544-23c997638395,Stack 8 - Cement Plant 8,21.28,81.614,2026-03-13T12:00,NO2,20.2,ug/m3,open-meteo-cams
ac6af4cb-8269-45d3-a544-23c997638395,Stack 8 - Cement Plant 8,21.28,81.614,2026-03-13T12:00,SO2,8.9,ug/m3,open-meteo-cams
ac6af4cb-8269-45d3-a544-23c997638395,Stack 8 - Cement Plant 8,21.28,81.614,2026-03-13T13:00,PM2.5,42.5,ug/m3,open-meteo-cams
ac6af4cb-8269-45d3-a544-23c997638395,Stack 8 - Cement Plant 8,21.28,81.614,2026-03-13T13:00,NO2,22.7,ug/m3,open-meteo-cams
ac6af4cb-8269-45d3-a544-23c997638395,Stack 8 - Cement Plant 8,21.28,81.614,2026-03-13T13:00,SO2,9.8,ug/m3,open-meteo-cams
ac6af4cb-8269-45d3-a544-23c997638395,Stack 8 - Cement Plant 8,21.28,81.614,2026-03-13T14:00,PM2.5,45.5,ug/m3,open-meteo-cams
ac6af4cb-8269-45d3-a544-23c997638395,Stack 8 - Cement Plant 8,21.28,81.614,2026-03-13T14:00,NO2,24.5,ug/m3,open-meteo-cams
ac6af4cb-8269-45d3-a544-23c997638395,Stack 8 - Cement Plant 8,21.28,81.614,2026-03-13T14:00,SO2,10.9,ug/m3,open-meteo-cams
ac6af4cb-8269-45d3-a544-23c997638395,Stack 8 - Cement Plant 8,21.28,81.614,2026-03-13T15:00,PM2.5,43.8,ug/m3,open-meteo-cams
ac6af4cb-8269-45d3-a544-23c997638395,Stack 8 - Cement Plant 8,21.28,81.614,2026-03-13T15:00,NO2,25.3,ug/m3,open-meteo-cams
ac6af4cb-8269-45d3-a544-23c997638395,Stack 8 - Cement Plant 8,21.28,81.614,2026-03-13T15:00,SO2,11.5,ug/m3,open-meteo-cams
ac6af4cb-8269-45d3-a544-23c997638395,Stack 8 - Cement Plant 8,21.28,81.614,2026-03-13T16:00,PM2.5,42.6,ug/m3,open-meteo-cams
ac6af4cb-8269-45d3-a544-23c997638395,Stack 8 - Cement Plant 8,21.28,81.614,2026-03-13T16:00,NO2,24.3,ug/m3,open-meteo-cams
ac6af4cb-8269-45d3-a544-23c997638395,Stack 8 - Cement Plant 8,21.28,81.614,2026-03-13T16:00,SO2,11.0,ug/m3,open-meteo-cams
ac6af4cb-8269-45d3-a544-23c997638395,Stack 8 - Cement Plant 8,21.28,81.614,2026-03-13T17:00,PM2.5,42.4,ug/m3,open-meteo-cams
ac6af4cb-8269-45d3-a544-23c997638395,Stack 8 - Cement Plant 8,21.28,81.614,2026-03-13T17:00,NO2,22.3,ug/m3,open-meteo-cams
ac6af4cb-8269-45d3-a544-23c997638395,Stack 8 - Cement Plant 8,21.28,81.614,2026-03-13T17:00,SO2,9.9,ug/m3,open-meteo-cams
ac6af4cb-8269-45d3-a544-23c997638395,Stack 8 - Cement Plant 8,21.28,81.614,2026-03-13T18:00,PM2.5,43.2,ug/m3,open-meteo-cams
ac6af4cb-8269-45d3-a544-23c997638395,Stack 8 - Cement Plant 8,21.28,81.614,2026-03-13T18:00,NO2,21.9,ug/m3,open-meteo-cams
ac6af4cb-8269-45d3-a544-23c997638395,Stack 8 - Cement Plant 8,21.28,81.614,2026-03-13T18:00,SO2,9.1,ug/m3,open-meteo-cams
ac6af4cb-8269-45d3-a544-23c997638395,Stack 8 - Cement Plant 8,21.28,81.614,2026-03-13T19:00,PM2.5,45.4,ug/m3,open-meteo-cams
ac6af4cb-8269-45d3-a544-23c997638395,Stack 8 - Cement Plant 8,21.28,81.614,2026-03-13T19:00,NO2,24.7,ug/m3,open-meteo-cams
ac6af4cb-8269-45d3-a544-23c997638395,Stack 8 - Cement Plant 8,21.28,81.614,2026-03-13T19:00,SO2,9.0,ug/m3,open-meteo-cams
ac6af4cb-8269-45d3-a544-23c997638395,Stack 8 - Cement Plant 8,21.28,81.614,2026-03-13T20:00,PM2.5,51.6,ug/m3,open-meteo-cams
ac6af4cb-8269-45d3-a544-23c997638395,Stack 8 - Cement Plant 8,21.28,81.614,2026-03-13T20:00,NO2,29.0,ug/m3,open-meteo-cams
ac6af4cb-8269-45d3-a544-23c997638395,Stack 8 - Cement Plant 8,21.28,81.614,2026-03-13T20:00,SO2,9.1,ug/m3,open-meteo-cams
ac6af4cb-8269-45d3-a544-23c997638395,Stack 8 - Cement Plant 8,21.28,81.614,2026-03-13T21:00,PM2.5,57.5,ug/m3,open-meteo-cams
ac6af4cb-8269-45d3-a544-23c997638395,Stack 8 - Cement Plant 8,21.28,81.614,2026-03-13T21:00,NO2,32.8,ug/m3,open-meteo-cams
ac6af4cb-8269-45d3-a544-23c997638395,Stack 8 - Cement Plant 8,21.28,81.614,2026-03-13T21:00,SO2,9.3,ug/m3,open-meteo-cams
ac6af4cb-8269-45d3-a544-23c997638395,Stack 8 - Cement Plant 8,21.28,81.614,2026-03-13T22:00,PM2.5,63.3,ug/m3,open-meteo-cams
ac6af4cb-8269-45d3-a544-23c997638395,Stack 8 - Cement Plant 8,21.28,81.614,2026-03-13T22:00,NO2,35.6,ug/m3,open-meteo-cams
ac6af4cb-8269-45d3-a544-23c997638395,Stack 8 - Cement Plant 8,21.28,81.614,2026-03-13T22:00,SO2,9.4,ug/m3,open-meteo-cams
ac6af4cb-8269-45d3-a544-23c997638395,Stack 8 - Cement Plant 8,21.28,81.614,2026-03-13T23:00,PM2.5,67.8,ug/m3,open-meteo-cams
ac6af4cb-8269-45d3-a544-23c997638395,Stack 8 - Cement Plant 8,21.28,81.614,2026-03-13T23:00,NO2,37.9,ug/m3,open-meteo-cams
ac6af4cb-8269-45d3-a544-23c997638395,Stack 8 - Cement Plant 8,21.28,81.614,2026-03-13T23:00,SO2,9.4,ug/m3,open-meteo-cams
ac6af4cb-8269-45d3-a544-23c997638395,Stack 8 - Cement Plant 8,21.28,81.614,2026-03-14T00:00,PM2.5,63.8,ug/m3,open-meteo-cams
ac6af4cb-8269-45d3-a544-23c997638395,Stack 8 - Cement Plant 8,21.28,81.614,2026-03-14T00:00,NO2,38.7,ug/m3,open-meteo-cams
ac6af4cb-8269-45d3-a544-23c997638395,Stack 8 - Cement Plant 8,21.28,81.614,2026-03-14T00:00,SO2,9.5,ug/m3,open-meteo-cams
ac6af4cb-8269-45d3-a544-23c997638395,Stack 8 - Cement Plant 8,21.28,81.614,2026-03-14T01:00,PM2.5,55.5,ug/m3,open-meteo-cams
ac6af4cb-8269-45d3-a544-23c997638395,Stack 8 - Cement Plant 8,21.28,81.614,2026-03-14T01:00,NO2,37.5,ug/m3,open-meteo-cams
ac6af4cb-8269-45d3-a544-23c997638395,Stack 8 - Cement Plant 8,21.28,81.614,2026-03-14T01:00,SO2,9.6,ug/m3,open-meteo-cams
ac6af4cb-8269-45d3-a544-23c997638395,Stack 8 - Cement Plant 8,21.28,81.614,2026-03-14T02:00,PM2.5,48.8,ug/m3,open-meteo-cams
ac6af4cb-8269-45d3-a544-23c997638395,Stack 8 - Cement Plant 8,21.28,81.614,2026-03-14T02:00,NO2,34.9,ug/m3,open-meteo-cams
ac6af4cb-8269-45d3-a544-23c997638395,Stack 8 - Cement Plant 8,21.28,81.614,2026-03-14T02:00,SO2,9.6,ug/m3,open-meteo-cams
ac6af4cb-8269-45d3-a544-23c997638395,Stack 8 - Cement Plant 8,21.28,81.614,2026-03-14T03:00,PM2.5,48.1,ug/m3,open-meteo-cams
ac6af4cb-8269-45d3-a544-23c997638395,Stack 8 - Cement Plant 8,21.28,81.614,2026-03-14T03:00,NO2,31.1,ug/m3,open-meteo-cams
ac6af4cb-8269-45d3-a544-23c997638395,Stack 8 - Cement Plant 8,21.28,81.614,2026-03-14T03:00,SO2,10.1,ug/m3,open-meteo-cams
ac6af4cb-8269-45d3-a544-23c997638395,Stack 8 - Cement Plant 8,21.28,81.614,2026-03-14T04:00,PM2.5,48.4,ug/m3,open-meteo-cams
ac6af4cb-8269-45d3-a544-23c997638395,Stack 8 - Cement Plant 8,21.28,81.614,2026-03-14T04:00,NO2,25.5,ug/m3,open-meteo-cams
ac6af4cb-8269-45d3-a544-23c997638395,Stack 8 - Cement Plant 8,21.28,81.614,2026-03-14T04:00,SO2,11.5,ug/m3,open-meteo-cams
ac6af4cb-8269-45d3-a544-23c997638395,Stack 8 - Cement Plant 8,21.28,81.614,2026-03-14T05:00,PM2.5,45.8,ug/m3,open-meteo-cams
ac6af4cb-8269-45d3-a544-23c997638395,Stack 8 - Cement Plant 8,21.28,81.614,2026-03-14T05:00,NO2,18.8,ug/m3,open-meteo-cams
ac6af4cb-8269-45d3-a544-23c997638395,Stack 8 - Cement Plant 8,21.28,81.614,2026-03-14T05:00,SO2,13.2,ug/m3,open-meteo-cams
ac6af4cb-8269-45d3-a544-23c997638395,Stack 8 - Cement Plant 8,21.28,81.614,2026-03-14T06:00,PM2.5,37.8,ug/m3,open-meteo-cams
ac6af4cb-8269-45d3-a544-23c997638395,Stack 8 - Cement Plant 8,21.28,81.614,2026-03-14T06:00,NO2,13.2,ug/m3,open-meteo-cams
ac6af4cb-8269-45d3-a544-23c997638395,Stack 8 - Cement Plant 8,21.28,81.614,2026-03-14T06:00,SO2,13.9,ug/m3,open-meteo-cams
ac6af4cb-8269-45d3-a544-23c997638395,Stack 8 - Cement Plant 8,21.28,81.614,2026-03-14T07:00,PM2.5,31.8,ug/m3,open-meteo-cams
ac6af4cb-8269-45d3-a544-23c997638395,Stack 8 - Cement Plant 8,21.28,81.614,2026-03-14T07:00,NO2,9.2,ug/m3,open-meteo-cams
ac6af4cb-8269-45d3-a544-23c997638395,Stack 8 - Cement Plant 8,21.28,81.614,2026-03-14T07:00,SO2,12.5,ug/m3,open-meteo-cams
ac6af4cb-8269-45d3-a544-23c997638395,Stack 8 - Cement Plant 8,21.28,81.614,2026-03-14T08:00,PM2.5,23.3,ug/m3,open-meteo-cams
ac6af4cb-8269-45d3-a544-23c997638395,Stack 8 - Cement Plant 8,21.28,81.614,2026-03-14T08:00,NO2,6.5,ug/m3,open-meteo-cams
ac6af4cb-8269-45d3-a544-23c997638395,Stack 8 - Cement Plant 8,21.28,81.614,2026-03-14T08:00,SO2,10.0,ug/m3,open-meteo-cams
ac6af4cb-8269-45d3-a544-23c997638395,Stack 8 - Cement Plant 8,21.28,81.614,2026-03-14T09:00,PM2.5,20.7,ug/m3,open-meteo-cams
ac6af4cb-8269-45d3-a544-23c997638395,Stack 8 - Cement Plant 8,21.28,81.614,2026-03-14T09:00,NO2,5.7,ug/m3,open-meteo-cams
ac6af4cb-8269-45d3-a544-23c997638395,Stack 8 - Cement Plant 8,21.28,81.614,2026-03-14T09:00,SO2,8.2,ug/m3,open-meteo-cams
ac6af4cb-8269-45d3-a544-23c997638395,Stack 8 - Cement Plant 8,21.28,81.614,2026-03-14T10:00,PM2.5,20.3,ug/m3,open-meteo-cams
ac6af4cb-8269-45d3-a544-23c997638395,Stack 8 - Cement Plant 8,21.28,81.614,2026-03-14T10:00,NO2,7.9,ug/m3,open-meteo-cams
ac6af4cb-8269-45d3-a544-23c997638395,Stack 8 - Cement Plant 8,21.28,81.614,2026-03-14T10:00,SO2,7.8,ug/m3,open-meteo-cams
ac6af4cb-8269-45d3-a544-23c997638395,Stack 8 - Cement Plant 8,21.28,81.614,2026-03-14T11:00,PM2.5,20.8,ug/m3,open-meteo-cams
ac6af4cb-8269-45d3-a544-23c997638395,Stack 8 - Cement Plant 8,21.28,81.614,2026-03-14T11:00,NO2,12.2,ug/m3,open-meteo-cams
ac6af4cb-8269-45d3-a544-23c997638395,Stack 8 - Cement Plant 8,21.28,81.614,2026-03-14T11:00,SO2,8.1,ug/m3,open-meteo-cams
ac6af4cb-8269-45d3-a544-23c997638395,Stack 8 - Cement Plant 8,21.28,81.614,2026-03-14T12:00,PM2.5,28.7,ug/m3,open-meteo-cams
ac6af4cb-8269-45d3-a544-23c997638395,Stack 8 - Cement Plant 8,21.28,81.614,2026-03-14T12:00,NO2,16.6,ug/m3,open-meteo-cams
ac6af4cb-8269-45d3-a544-23c997638395,Stack 8 - Cement Plant 8,21.28,81.614,2026-03-14T12:00,SO2,8.8,ug/m3,open-meteo-cams
ac6af4cb-8269-45d3-a544-23c997638395,Stack 8 - Cement Plant 8,21.28,81.614,2026-03-14T13:00,PM2.5,41.1,ug/m3,open-meteo-cams
ac6af4cb-8269-45d3-a544-23c997638395,Stack 8 - Cement Plant 8,21.28,81.614,2026-03-14T13:00,NO2,20.7,ug/m3,open-meteo-cams
ac6af4cb-8269-45d3-a544-23c997638395,Stack 8 - Cement Plant 8,21.28,81.614,2026-03-14T13:00,SO2,10.1,ug/m3,open-meteo-cams
ac6af4cb-8269-45d3-a544-23c997638395,Stack 8 - Cement Plant 8,21.28,81.614,2026-03-14T14:00,PM2.5,48.4,ug/m3,open-meteo-cams
ac6af4cb-8269-45d3-a544-23c997638395,Stack 8 - Cement Plant 8,21.28,81.614,2026-03-14T14:00,NO2,24.8,ug/m3,open-meteo-cams
ac6af4cb-8269-45d3-a544-23c997638395,Stack 8 - Cement Plant 8,21.28,81.614,2026-03-14T14:00,SO2,11.9,ug/m3,open-meteo-cams
ac6af4cb-8269-45d3-a544-23c997638395,Stack 8 - Cement Plant 8,21.28,81.614,2026-03-14T15:00,PM2.5,51.9,ug/m3,open-meteo-cams
ac6af4cb-8269-45d3-a544-23c997638395,Stack 8 - Cement Plant 8,21.28,81.614,2026-03-14T15:00,NO2,28.1,ug/m3,open-meteo-cams
ac6af4cb-8269-45d3-a544-23c997638395,Stack 8 - Cement Plant 8,21.28,81.614,2026-03-14T15:00,SO2,13.1,ug/m3,open-meteo-cams
ac6af4cb-8269-45d3-a544-23c997638395,Stack 8 - Cement Plant 8,21.28,81.614,2026-03-14T16:00,PM2.5,55.3,ug/m3,open-meteo-cams
ac6af4cb-8269-45d3-a544-23c997638395,Stack 8 - Cement Plant 8,21.28,81.614,2026-03-14T16:00,NO2,30.2,ug/m3,open-meteo-cams
ac6af4cb-8269-45d3-a544-23c997638395,Stack 8 - Cement Plant 8,21.28,81.614,2026-03-14T16:00,SO2,13.4,ug/m3,open-meteo-cams
ac6af4cb-8269-45d3-a544-23c997638395,Stack 8 - Cement Plant 8,21.28,81.614,2026-03-14T17:00,PM2.5,59.3,ug/m3,open-meteo-cams
ac6af4cb-8269-45d3-a544-23c997638395,Stack 8 - Cement Plant 8,21.28,81.614,2026-03-14T17:00,NO2,31.5,ug/m3,open-meteo-cams
ac6af4cb-8269-45d3-a544-23c997638395,Stack 8 - Cement Plant 8,21.28,81.614,2026-03-14T17:00,SO2,13.2,ug/m3,open-meteo-cams
ac6af4cb-8269-45d3-a544-23c997638395,Stack 8 - Cement Plant 8,21.28,81.614,2026-03-14T18:00,PM2.5,63.1,ug/m3,open-meteo-cams
ac6af4cb-8269-45d3-a544-23c997638395,Stack 8 - Cement Plant 8,21.28,81.614,2026-03-14T18:00,NO2,32.3,ug/m3,open-meteo-cams
ac6af4cb-8269-45d3-a544-23c997638395,Stack 8 - Cement Plant 8,21.28,81.614,2026-03-14T18:00,SO2,12.6,ug/m3,open-meteo-cams
ac6af4cb-8269-45d3-a544-23c997638395,Stack 8 - Cement Plant 8,21.28,81.614,2026-03-14T19:00,PM2.5,62.2,ug/m3,open-meteo-cams
ac6af4cb-8269-45d3-a544-23c997638395,Stack 8 - Cement Plant 8,21.28,81.614,2026-03-14T19:00,NO2,32.9,ug/m3,open-meteo-cams
ac6af4cb-8269-45d3-a544-23c997638395,Stack 8 - Cement Plant 8,21.28,81.614,2026-03-14T19:00,SO2,11.6,ug/m3,open-meteo-cams
ac6af4cb-8269-45d3-a544-23c997638395,Stack 8 - Cement Plant 8,21.28,81.614,2026-03-14T20:00,PM2.5,56.8,ug/m3,open-meteo-cams
ac6af4cb-8269-45d3-a544-23c997638395,Stack 8 - Cement Plant 8,21.28,81.614,2026-03-14T20:00,NO2,33.0,ug/m3,open-meteo-cams
ac6af4cb-8269-45d3-a544-23c997638395,Stack 8 - Cement Plant 8,21.28,81.614,2026-03-14T20:00,SO2,10.3,ug/m3,open-meteo-cams
ac6af4cb-8269-45d3-a544-23c997638395,Stack 8 - Cement Plant 8,21.28,81.614,2026-03-14T21:00,PM2.5,51.8,ug/m3,open-meteo-cams
ac6af4cb-8269-45d3-a544-23c997638395,Stack 8 - Cement Plant 8,21.28,81.614,2026-03-14T21:00,NO2,32.3,ug/m3,open-meteo-cams
ac6af4cb-8269-45d3-a544-23c997638395,Stack 8 - Cement Plant 8,21.28,81.614,2026-03-14T21:00,SO2,9.3,ug/m3,open-meteo-cams
ac6af4cb-8269-45d3-a544-23c997638395,Stack 8 - Cement Plant 8,21.28,81.614,2026-03-14T22:00,PM2.5,46.4,ug/m3,open-meteo-cams
ac6af4cb-8269-45d3-a544-23c997638395,Stack 8 - Cement Plant 8,21.28,81.614,2026-03-14T22:00,NO2,30.2,ug/m3,open-meteo-cams
ac6af4cb-8269-45d3-a544-23c997638395,Stack 8 - Cement Plant 8,21.28,81.614,2026-03-14T22:00,SO2,8.8,ug/m3,open-meteo-cams
ac6af4cb-8269-45d3-a544-23c997638395,Stack 8 - Cement Plant 8,21.28,81.614,2026-03-14T23:00,PM2.5,42.6,ug/m3,open-meteo-cams
ac6af4cb-8269-45d3-a544-23c997638395,Stack 8 - Cement Plant 8,21.28,81.614,2026-03-14T23:00,NO2,27.2,ug/m3,open-meteo-cams
ac6af4cb-8269-45d3-a544-23c997638395,Stack 8 - Cement Plant 8,21.28,81.614,2026-03-14T23:00,SO2,8.6,ug/m3,open-meteo-cams
200e7988-e664-4f09-a547-af2a93ee5912,Stack 9 - Cement Plant 9,21.29,81.622,2026-03-13T00:00,PM2.5,64.7,ug/m3,open-meteo-cams
200e7988-e664-4f09-a547-af2a93ee5912,Stack 9 - Cement Plant 9,21.29,81.622,2026-03-13T00:00,NO2,39.4,ug/m3,open-meteo-cams
200e7988-e664-4f09-a547-af2a93ee5912,Stack 9 - Cement Plant 9,21.29,81.622,2026-03-13T00:00,SO2,9.3,ug/m3,open-meteo-cams
200e7988-e664-4f09-a547-af2a93ee5912,Stack 9 - Cement Plant 9,21.29,81.622,2026-03-13T01:00,PM2.5,72.6,ug/m3,open-meteo-cams
200e7988-e664-4f09-a547-af2a93ee5912,Stack 9 - Cement Plant 9,21.29,81.622,2026-03-13T01:00,NO2,43.2,ug/m3,open-meteo-cams
200e7988-e664-4f09-a547-af2a93ee5912,Stack 9 - Cement Plant 9,21.29,81.622,2026-03-13T01:00,SO2,10.7,ug/m3,open-meteo-cams
200e7988-e664-4f09-a547-af2a93ee5912,Stack 9 - Cement Plant 9,21.29,81.622,2026-03-13T02:00,PM2.5,78.7,ug/m3,open-meteo-cams
200e7988-e664-4f09-a547-af2a93ee5912,Stack 9 - Cement Plant 9,21.29,81.622,2026-03-13T02:00,NO2,48.0,ug/m3,open-meteo-cams
200e7988-e664-4f09-a547-af2a93ee5912,Stack 9 - Cement Plant 9,21.29,81.622,2026-03-13T02:00,SO2,12.6,ug/m3,open-meteo-cams
200e7988-e664-4f09-a547-af2a93ee5912,Stack 9 - Cement Plant 9,21.29,81.622,2026-03-13T03:00,PM2.5,73.8,ug/m3,open-meteo-cams
200e7988-e664-4f09-a547-af2a93ee5912,Stack 9 - Cement Plant 9,21.29,81.622,2026-03-13T03:00,NO2,47.9,ug/m3,open-meteo-cams
200e7988-e664-4f09-a547-af2a93ee5912,Stack 9 - Cement Plant 9,21.29,81.622,2026-03-13T03:00,SO2,13.9,ug/m3,open-meteo-cams
200e7988-e664-4f09-a547-af2a93ee5912,Stack 9 - Cement Plant 9,21.29,81.622,2026-03-13T04:00,PM2.5,68.9,ug/m3,open-meteo-cams
200e7988-e664-4f09-a547-af2a93ee5912,Stack 9 - Cement Plant 9,21.29,81.622,2026-03-13T04:00,NO2,38.1,ug/m3,open-meteo-cams
200e7988-e664-4f09-a547-af2a93ee5912,Stack 9 - Cement Plant 9,21.29,81.622,2026-03-13T04:00,SO2,14.0,ug/m3,open-meteo-cams
200e7988-e664-4f09-a547-af2a93ee5912,Stack 9 - Cement Plant 9,21.29,81.622,2026-03-13T05:00,PM2.5,46.1,ug/m3,open-meteo-cams
200e7988-e664-4f09-a547-af2a93ee5912,Stack 9 - Cement Plant 9,21.29,81.622,2026-03-13T05:00,NO2,23.4,ug/m3,open-meteo-cams
200e7988-e664-4f09-a547-af2a93ee5912,Stack 9 - Cement Plant 9,21.29,81.622,2026-03-13T05:00,SO2,13.4,ug/m3,open-meteo-cams
200e7988-e664-4f09-a547-af2a93ee5912,Stack 9 - Cement Plant 9,21.29,81.622,2026-03-13T06:00,PM2.5,25.9,ug/m3,open-meteo-cams
200e7988-e664-4f09-a547-af2a93ee5912,Stack 9 - Cement Plant 9,21.29,81.622,2026-03-13T06:00,NO2,12.2,ug/m3,open-meteo-cams
200e7988-e664-4f09-a547-af2a93ee5912,Stack 9 - Cement Plant 9,21.29,81.622,2026-03-13T06:00,SO2,12.6,ug/m3,open-meteo-cams
200e7988-e664-4f09-a547-af2a93ee5912,Stack 9 - Cement Plant 9,21.29,81.622,2026-03-13T07:00,PM2.5,21.5,ug/m3,open-meteo-cams
200e7988-e664-4f09-a547-af2a93ee5912,Stack 9 - Cement Plant 9,21.29,81.622,2026-03-13T07:00,NO2,8.0,ug/m3,open-meteo-cams
200e7988-e664-4f09-a547-af2a93ee5912,Stack 9 - Cement Plant 9,21.29,81.622,2026-03-13T07:00,SO2,11.3,ug/m3,open-meteo-cams
200e7988-e664-4f09-a547-af2a93ee5912,Stack 9 - Cement Plant 9,21.29,81.622,2026-03-13T08:00,PM2.5,21.0,ug/m3,open-meteo-cams
200e7988-e664-4f09-a547-af2a93ee5912,Stack 9 - Cement Plant 9,21.29,81.622,2026-03-13T08:00,NO2,7.4,ug/m3,open-meteo-cams
200e7988-e664-4f09-a547-af2a93ee5912,Stack 9 - Cement Plant 9,21.29,81.622,2026-03-13T08:00,SO2,9.8,ug/m3,open-meteo-cams
200e7988-e664-4f09-a547-af2a93ee5912,Stack 9 - Cement Plant 9,21.29,81.622,2026-03-13T09:00,PM2.5,21.1,ug/m3,open-meteo-cams
200e7988-e664-4f09-a547-af2a93ee5912,Stack 9 - Cement Plant 9,21.29,81.622,2026-03-13T09:00,NO2,8.5,ug/m3,open-meteo-cams
200e7988-e664-4f09-a547-af2a93ee5912,Stack 9 - Cement Plant 9,21.29,81.622,2026-03-13T09:00,SO2,8.7,ug/m3,open-meteo-cams
200e7988-e664-4f09-a547-af2a93ee5912,Stack 9 - Cement Plant 9,21.29,81.622,2026-03-13T10:00,PM2.5,21.1,ug/m3,open-meteo-cams
200e7988-e664-4f09-a547-af2a93ee5912,Stack 9 - Cement Plant 9,21.29,81.622,2026-03-13T10:00,NO2,11.5,ug/m3,open-meteo-cams
200e7988-e664-4f09-a547-af2a93ee5912,Stack 9 - Cement Plant 9,21.29,81.622,2026-03-13T10:00,SO2,8.4,ug/m3,open-meteo-cams
200e7988-e664-4f09-a547-af2a93ee5912,Stack 9 - Cement Plant 9,21.29,81.622,2026-03-13T11:00,PM2.5,21.4,ug/m3,open-meteo-cams
200e7988-e664-4f09-a547-af2a93ee5912,Stack 9 - Cement Plant 9,21.29,81.622,2026-03-13T11:00,NO2,16.2,ug/m3,open-meteo-cams
200e7988-e664-4f09-a547-af2a93ee5912,Stack 9 - Cement Plant 9,21.29,81.622,2026-03-13T11:00,SO2,8.5,ug/m3,open-meteo-cams
200e7988-e664-4f09-a547-af2a93ee5912,Stack 9 - Cement Plant 9,21.29,81.622,2026-03-13T12:00,PM2.5,29.5,ug/m3,open-meteo-cams
200e7988-e664-4f09-a547-af2a93ee5912,Stack 9 - Cement Plant 9,21.29,81.622,2026-03-13T12:00,NO2,20.2,ug/m3,open-meteo-cams
200e7988-e664-4f09-a547-af2a93ee5912,Stack 9 - Cement Plant 9,21.29,81.622,2026-03-13T12:00,SO2,8.9,ug/m3,open-meteo-cams
200e7988-e664-4f09-a547-af2a93ee5912,Stack 9 - Cement Plant 9,21.29,81.622,2026-03-13T13:00,PM2.5,42.5,ug/m3,open-meteo-cams
200e7988-e664-4f09-a547-af2a93ee5912,Stack 9 - Cement Plant 9,21.29,81.622,2026-03-13T13:00,NO2,22.7,ug/m3,open-meteo-cams
200e7988-e664-4f09-a547-af2a93ee5912,Stack 9 - Cement Plant 9,21.29,81.622,2026-03-13T13:00,SO2,9.8,ug/m3,open-meteo-cams
200e7988-e664-4f09-a547-af2a93ee5912,Stack 9 - Cement Plant 9,21.29,81.622,2026-03-13T14:00,PM2.5,45.5,ug/m3,open-meteo-cams
200e7988-e664-4f09-a547-af2a93ee5912,Stack 9 - Cement Plant 9,21.29,81.622,2026-03-13T14:00,NO2,24.5,ug/m3,open-meteo-cams
200e7988-e664-4f09-a547-af2a93ee5912,Stack 9 - Cement Plant 9,21.29,81.622,2026-03-13T14:00,SO2,10.9,ug/m3,open-meteo-cams
200e7988-e664-4f09-a547-af2a93ee5912,Stack 9 - Cement Plant 9,21.29,81.622,2026-03-13T15:00,PM2.5,43.8,ug/m3,open-meteo-cams
200e7988-e664-4f09-a547-af2a93ee5912,Stack 9 - Cement Plant 9,21.29,81.622,2026-03-13T15:00,NO2,25.3,ug/m3,open-meteo-cams
200e7988-e664-4f09-a547-af2a93ee5912,Stack 9 - Cement Plant 9,21.29,81.622,2026-03-13T15:00,SO2,11.5,ug/m3,open-meteo-cams
200e7988-e664-4f09-a547-af2a93ee5912,Stack 9 - Cement Plant 9,21.29,81.622,2026-03-13T16:00,PM2.5,42.6,ug/m3,open-meteo-cams
200e7988-e664-4f09-a547-af2a93ee5912,Stack 9 - Cement Plant 9,21.29,81.622,2026-03-13T16:00,NO2,24.3,ug/m3,open-meteo-cams
200e7988-e664-4f09-a547-af2a93ee5912,Stack 9 - Cement Plant 9,21.29,81.622,2026-03-13T16:00,SO2,11.0,ug/m3,open-meteo-cams
200e7988-e664-4f09-a547-af2a93ee5912,Stack 9 - Cement Plant 9,21.29,81.622,2026-03-13T17:00,PM2.5,42.4,ug/m3,open-meteo-cams
200e7988-e664-4f09-a547-af2a93ee5912,Stack 9 - Cement Plant 9,21.29,81.622,2026-03-13T17:00,NO2,22.3,ug/m3,open-meteo-cams
200e7988-e664-4f09-a547-af2a93ee5912,Stack 9 - Cement Plant 9,21.29,81.622,2026-03-13T17:00,SO2,9.9,ug/m3,open-meteo-cams
200e7988-e664-4f09-a547-af2a93ee5912,Stack 9 - Cement Plant 9,21.29,81.622,2026-03-13T18:00,PM2.5,43.2,ug/m3,open-meteo-cams
200e7988-e664-4f09-a547-af2a93ee5912,Stack 9 - Cement Plant 9,21.29,81.622,2026-03-13T18:00,NO2,21.9,ug/m3,open-meteo-cams
200e7988-e664-4f09-a547-af2a93ee5912,Stack 9 - Cement Plant 9,21.29,81.622,2026-03-13T18:00,SO2,9.1,ug/m3,open-meteo-cams
200e7988-e664-4f09-a547-af2a93ee5912,Stack 9 - Cement Plant 9,21.29,81.622,2026-03-13T19:00,PM2.5,45.4,ug/m3,open-meteo-cams
200e7988-e664-4f09-a547-af2a93ee5912,Stack 9 - Cement Plant 9,21.29,81.622,2026-03-13T19:00,NO2,24.7,ug/m3,open-meteo-cams
200e7988-e664-4f09-a547-af2a93ee5912,Stack 9 - Cement Plant 9,21.29,81.622,2026-03-13T19:00,SO2,9.0,ug/m3,open-meteo-cams
200e7988-e664-4f09-a547-af2a93ee5912,Stack 9 - Cement Plant 9,21.29,81.622,2026-03-13T20:00,PM2.5,51.6,ug/m3,open-meteo-cams
200e7988-e664-4f09-a547-af2a93ee5912,Stack 9 - Cement Plant 9,21.29,81.622,2026-03-13T20:00,NO2,29.0,ug/m3,open-meteo-cams
200e7988-e664-4f09-a547-af2a93ee5912,Stack 9 - Cement Plant 9,21.29,81.622,2026-03-13T20:00,SO2,9.1,ug/m3,open-meteo-cams
200e7988-e664-4f09-a547-af2a93ee5912,Stack 9 - Cement Plant 9,21.29,81.622,2026-03-13T21:00,PM2.5,57.5,ug/m3,open-meteo-cams
200e7988-e664-4f09-a547-af2a93ee5912,Stack 9 - Cement Plant 9,21.29,81.622,2026-03-13T21:00,NO2,32.8,ug/m3,open-meteo-cams
200e7988-e664-4f09-a547-af2a93ee5912,Stack 9 - Cement Plant 9,21.29,81.622,2026-03-13T21:00,SO2,9.3,ug/m3,open-meteo-cams
200e7988-e664-4f09-a547-af2a93ee5912,Stack 9 - Cement Plant 9,21.29,81.622,2026-03-13T22:00,PM2.5,63.3,ug/m3,open-meteo-cams
200e7988-e664-4f09-a547-af2a93ee5912,Stack 9 - Cement Plant 9,21.29,81.622,2026-03-13T22:00,NO2,35.6,ug/m3,open-meteo-cams
200e7988-e664-4f09-a547-af2a93ee5912,Stack 9 - Cement Plant 9,21.29,81.622,2026-03-13T22:00,SO2,9.4,ug/m3,open-meteo-cams
200e7988-e664-4f09-a547-af2a93ee5912,Stack 9 - Cement Plant 9,21.29,81.622,2026-03-13T23:00,PM2.5,67.8,ug/m3,open-meteo-cams
200e7988-e664-4f09-a547-af2a93ee5912,Stack 9 - Cement Plant 9,21.29,81.622,2026-03-13T23:00,NO2,37.9,ug/m3,open-meteo-cams
200e7988-e664-4f09-a547-af2a93ee5912,Stack 9 - Cement Plant 9,21.29,81.622,2026-03-13T23:00,SO2,9.4,ug/m3,open-meteo-cams
200e7988-e664-4f09-a547-af2a93ee5912,Stack 9 - Cement Plant 9,21.29,81.622,2026-03-14T00:00,PM2.5,63.8,ug/m3,open-meteo-cams
200e7988-e664-4f09-a547-af2a93ee5912,Stack 9 - Cement Plant 9,21.29,81.622,2026-03-14T00:00,NO2,38.7,ug/m3,open-meteo-cams
200e7988-e664-4f09-a547-af2a93ee5912,Stack 9 - Cement Plant 9,21.29,81.622,2026-03-14T00:00,SO2,9.5,ug/m3,open-meteo-cams
200e7988-e664-4f09-a547-af2a93ee5912,Stack 9 - Cement Plant 9,21.29,81.622,2026-03-14T01:00,PM2.5,55.5,ug/m3,open-meteo-cams
200e7988-e664-4f09-a547-af2a93ee5912,Stack 9 - Cement Plant 9,21.29,81.622,2026-03-14T01:00,NO2,37.5,ug/m3,open-meteo-cams
200e7988-e664-4f09-a547-af2a93ee5912,Stack 9 - Cement Plant 9,21.29,81.622,2026-03-14T01:00,SO2,9.6,ug/m3,open-meteo-cams
200e7988-e664-4f09-a547-af2a93ee5912,Stack 9 - Cement Plant 9,21.29,81.622,2026-03-14T02:00,PM2.5,48.8,ug/m3,open-meteo-cams
200e7988-e664-4f09-a547-af2a93ee5912,Stack 9 - Cement Plant 9,21.29,81.622,2026-03-14T02:00,NO2,34.9,ug/m3,open-meteo-cams
200e7988-e664-4f09-a547-af2a93ee5912,Stack 9 - Cement Plant 9,21.29,81.622,2026-03-14T02:00,SO2,9.6,ug/m3,open-meteo-cams
200e7988-e664-4f09-a547-af2a93ee5912,Stack 9 - Cement Plant 9,21.29,81.622,2026-03-14T03:00,PM2.5,48.1,ug/m3,open-meteo-cams
200e7988-e664-4f09-a547-af2a93ee5912,Stack 9 - Cement Plant 9,21.29,81.622,2026-03-14T03:00,NO2,31.1,ug/m3,open-meteo-cams
200e7988-e664-4f09-a547-af2a93ee5912,Stack 9 - Cement Plant 9,21.29,81.622,2026-03-14T03:00,SO2,10.1,ug/m3,open-meteo-cams
200e7988-e664-4f09-a547-af2a93ee5912,Stack 9 - Cement Plant 9,21.29,81.622,2026-03-14T04:00,PM2.5,48.4,ug/m3,open-meteo-cams
200e7988-e664-4f09-a547-af2a93ee5912,Stack 9 - Cement Plant 9,21.29,81.622,2026-03-14T04:00,NO2,25.5,ug/m3,open-meteo-cams
200e7988-e664-4f09-a547-af2a93ee5912,Stack 9 - Cement Plant 9,21.29,81.622,2026-03-14T04:00,SO2,11.5,ug/m3,open-meteo-cams
200e7988-e664-4f09-a547-af2a93ee5912,Stack 9 - Cement Plant 9,21.29,81.622,2026-03-14T05:00,PM2.5,45.8,ug/m3,open-meteo-cams
200e7988-e664-4f09-a547-af2a93ee5912,Stack 9 - Cement Plant 9,21.29,81.622,2026-03-14T05:00,NO2,18.8,ug/m3,open-meteo-cams
200e7988-e664-4f09-a547-af2a93ee5912,Stack 9 - Cement Plant 9,21.29,81.622,2026-03-14T05:00,SO2,13.2,ug/m3,open-meteo-cams
200e7988-e664-4f09-a547-af2a93ee5912,Stack 9 - Cement Plant 9,21.29,81.622,2026-03-14T06:00,PM2.5,37.8,ug/m3,open-meteo-cams
200e7988-e664-4f09-a547-af2a93ee5912,Stack 9 - Cement Plant 9,21.29,81.622,2026-03-14T06:00,NO2,13.2,ug/m3,open-meteo-cams
200e7988-e664-4f09-a547-af2a93ee5912,Stack 9 - Cement Plant 9,21.29,81.622,2026-03-14T06:00,SO2,13.9,ug/m3,open-meteo-cams
200e7988-e664-4f09-a547-af2a93ee5912,Stack 9 - Cement Plant 9,21.29,81.622,2026-03-14T07:00,PM2.5,31.8,ug/m3,open-meteo-cams
200e7988-e664-4f09-a547-af2a93ee5912,Stack 9 - Cement Plant 9,21.29,81.622,2026-03-14T07:00,NO2,9.2,ug/m3,open-meteo-cams
200e7988-e664-4f09-a547-af2a93ee5912,Stack 9 - Cement Plant 9,21.29,81.622,2026-03-14T07:00,SO2,12.5,ug/m3,open-meteo-cams
200e7988-e664-4f09-a547-af2a93ee5912,Stack 9 - Cement Plant 9,21.29,81.622,2026-03-14T08:00,PM2.5,23.3,ug/m3,open-meteo-cams
200e7988-e664-4f09-a547-af2a93ee5912,Stack 9 - Cement Plant 9,21.29,81.622,2026-03-14T08:00,NO2,6.5,ug/m3,open-meteo-cams
200e7988-e664-4f09-a547-af2a93ee5912,Stack 9 - Cement Plant 9,21.29,81.622,2026-03-14T08:00,SO2,10.0,ug/m3,open-meteo-cams
200e7988-e664-4f09-a547-af2a93ee5912,Stack 9 - Cement Plant 9,21.29,81.622,2026-03-14T09:00,PM2.5,20.7,ug/m3,open-meteo-cams
200e7988-e664-4f09-a547-af2a93ee5912,Stack 9 - Cement Plant 9,21.29,81.622,2026-03-14T09:00,NO2,5.7,ug/m3,open-meteo-cams
200e7988-e664-4f09-a547-af2a93ee5912,Stack 9 - Cement Plant 9,21.29,81.622,2026-03-14T09:00,SO2,8.2,ug/m3,open-meteo-cams
200e7988-e664-4f09-a547-af2a93ee5912,Stack 9 - Cement Plant 9,21.29,81.622,2026-03-14T10:00,PM2.5,20.3,ug/m3,open-meteo-cams
200e7988-e664-4f09-a547-af2a93ee5912,Stack 9 - Cement Plant 9,21.29,81.622,2026-03-14T10:00,NO2,7.9,ug/m3,open-meteo-cams
200e7988-e664-4f09-a547-af2a93ee5912,Stack 9 - Cement Plant 9,21.29,81.622,2026-03-14T10:00,SO2,7.8,ug/m3,open-meteo-cams
200e7988-e664-4f09-a547-af2a93ee5912,Stack 9 - Cement Plant 9,21.29,81.622,2026-03-14T11:00,PM2.5,20.8,ug/m3,open-meteo-cams
200e7988-e664-4f09-a547-af2a93ee5912,Stack 9 - Cement Plant 9,21.29,81.622,2026-03-14T11:00,NO2,12.2,ug/m3,open-meteo-cams
200e7988-e664-4f09-a547-af2a93ee5912,Stack 9 - Cement Plant 9,21.29,81.622,2026-03-14T11:00,SO2,8.1,ug/m3,open-meteo-cams
200e7988-e664-4f09-a547-af2a93ee5912,Stack 9 - Cement Plant 9,21.29,81.622,2026-03-14T12:00,PM2.5,28.7,ug/m3,open-meteo-cams
200e7988-e664-4f09-a547-af2a93ee5912,Stack 9 - Cement Plant 9,21.29,81.622,2026-03-14T12:00,NO2,16.6,ug/m3,open-meteo-cams
200e7988-e664-4f09-a547-af2a93ee5912,Stack 9 - Cement Plant 9,21.29,81.622,2026-03-14T12:00,SO2,8.8,ug/m3,open-meteo-cams
200e7988-e664-4f09-a547-af2a93ee5912,Stack 9 - Cement Plant 9,21.29,81.622,2026-03-14T13:00,PM2.5,41.1,ug/m3,open-meteo-cams
200e7988-e664-4f09-a547-af2a93ee5912,Stack 9 - Cement Plant 9,21.29,81.622,2026-03-14T13:00,NO2,20.7,ug/m3,open-meteo-cams
200e7988-e664-4f09-a547-af2a93ee5912,Stack 9 - Cement Plant 9,21.29,81.622,2026-03-14T13:00,SO2,10.1,ug/m3,open-meteo-cams
200e7988-e664-4f09-a547-af2a93ee5912,Stack 9 - Cement Plant 9,21.29,81.622,2026-03-14T14:00,PM2.5,48.4,ug/m3,open-meteo-cams
200e7988-e664-4f09-a547-af2a93ee5912,Stack 9 - Cement Plant 9,21.29,81.622,2026-03-14T14:00,NO2,24.8,ug/m3,open-meteo-cams
200e7988-e664-4f09-a547-af2a93ee5912,Stack 9 - Cement Plant 9,21.29,81.622,2026-03-14T14:00,SO2,11.9,ug/m3,open-meteo-cams
200e7988-e664-4f09-a547-af2a93ee5912,Stack 9 - Cement Plant 9,21.29,81.622,2026-03-14T15:00,PM2.5,51.9,ug/m3,open-meteo-cams
200e7988-e664-4f09-a547-af2a93ee5912,Stack 9 - Cement Plant 9,21.29,81.622,2026-03-14T15:00,NO2,28.1,ug/m3,open-meteo-cams
200e7988-e664-4f09-a547-af2a93ee5912,Stack 9 - Cement Plant 9,21.29,81.622,2026-03-14T15:00,SO2,13.1,ug/m3,open-meteo-cams
200e7988-e664-4f09-a547-af2a93ee5912,Stack 9 - Cement Plant 9,21.29,81.622,2026-03-14T16:00,PM2.5,55.3,ug/m3,open-meteo-cams
200e7988-e664-4f09-a547-af2a93ee5912,Stack 9 - Cement Plant 9,21.29,81.622,2026-03-14T16:00,NO2,30.2,ug/m3,open-meteo-cams
200e7988-e664-4f09-a547-af2a93ee5912,Stack 9 - Cement Plant 9,21.29,81.622,2026-03-14T16:00,SO2,13.4,ug/m3,open-meteo-cams
200e7988-e664-4f09-a547-af2a93ee5912,Stack 9 - Cement Plant 9,21.29,81.622,2026-03-14T17:00,PM2.5,59.3,ug/m3,open-meteo-cams
200e7988-e664-4f09-a547-af2a93ee5912,Stack 9 - Cement Plant 9,21.29,81.622,2026-03-14T17:00,NO2,31.5,ug/m3,open-meteo-cams
200e7988-e664-4f09-a547-af2a93ee5912,Stack 9 - Cement Plant 9,21.29,81.622,2026-03-14T17:00,SO2,13.2,ug/m3,open-meteo-cams
200e7988-e664-4f09-a547-af2a93ee5912,Stack 9 - Cement Plant 9,21.29,81.622,2026-03-14T18:00,PM2.5,63.1,ug/m3,open-meteo-cams
200e7988-e664-4f09-a547-af2a93ee5912,Stack 9 - Cement Plant 9,21.29,81.622,2026-03-14T18:00,NO2,32.3,ug/m3,open-meteo-cams
200e7988-e664-4f09-a547-af2a93ee5912,Stack 9 - Cement Plant 9,21.29,81.622,2026-03-14T18:00,SO2,12.6,ug/m3,open-meteo-cams
200e7988-e664-4f09-a547-af2a93ee5912,Stack 9 - Cement Plant 9,21.29,81.622,2026-03-14T19:00,PM2.5,62.2,ug/m3,open-meteo-cams
200e7988-e664-4f09-a547-af2a93ee5912,Stack 9 - Cement Plant 9,21.29,81.622,2026-03-14T19:00,NO2,32.9,ug/m3,open-meteo-cams
200e7988-e664-4f09-a547-af2a93ee5912,Stack 9 - Cement Plant 9,21.29,81.622,2026-03-14T19:00,SO2,11.6,ug/m3,open-meteo-cams
200e7988-e664-4f09-a547-af2a93ee5912,Stack 9 - Cement Plant 9,21.29,81.622,2026-03-14T20:00,PM2.5,56.8,ug/m3,open-meteo-cams
200e7988-e664-4f09-a547-af2a93ee5912,Stack 9 - Cement Plant 9,21.29,81.622,2026-03-14T20:00,NO2,33.0,ug/m3,open-meteo-cams
200e7988-e664-4f09-a547-af2a93ee5912,Stack 9 - Cement Plant 9,21.29,81.622,2026-03-14T20:00,SO2,10.3,ug/m3,open-meteo-cams
200e7988-e664-4f09-a547-af2a93ee5912,Stack 9 - Cement Plant 9,21.29,81.622,2026-03-14T21:00,PM2.5,51.8,ug/m3,open-meteo-cams
200e7988-e664-4f09-a547-af2a93ee5912,Stack 9 - Cement Plant 9,21.29,81.622,2026-03-14T21:00,NO2,32.3,ug/m3,open-meteo-cams
200e7988-e664-4f09-a547-af2a93ee5912,Stack 9 - Cement Plant 9,21.29,81.622,2026-03-14T21:00,SO2,9.3,ug/m3,open-meteo-cams
200e7988-e664-4f09-a547-af2a93ee5912,Stack 9 - Cement Plant 9,21.29,81.622,2026-03-14T22:00,PM2.5,46.4,ug/m3,open-meteo-cams
200e7988-e664-4f09-a547-af2a93ee5912,Stack 9 - Cement Plant 9,21.29,81.622,2026-03-14T22:00,NO2,30.2,ug/m3,open-meteo-cams
200e7988-e664-4f09-a547-af2a93ee5912,Stack 9 - Cement Plant 9,21.29,81.622,2026-03-14T22:00,SO2,8.8,ug/m3,open-meteo-cams
200e7988-e664-4f09-a547-af2a93ee5912,Stack 9 - Cement Plant 9,21.29,81.622,2026-03-14T23:00,PM2.5,42.6,ug/m3,open-meteo-cams
200e7988-e664-4f09-a547-af2a93ee5912,Stack 9 - Cement Plant 9,21.29,81.622,2026-03-14T23:00,NO2,27.2,ug/m3,open-meteo-cams
200e7988-e664-4f09-a547-af2a93ee5912,Stack 9 - Cement Plant 9,21.29,81.622,2026-03-14T23:00,SO2,8.6,ug/m3,open-meteo-cams
43d21696-30b8-4a7a-a9de-573a34f2210c,Stack 10 - Cement Plant 10,21.3,81.63,2026-03-13T00:00,PM2.5,64.7,ug/m3,open-meteo-cams
43d21696-30b8-4a7a-a9de-573a34f2210c,Stack 10 - Cement Plant 10,21.3,81.63,2026-03-13T00:00,NO2,39.4,ug/m3,open-meteo-cams
43d21696-30b8-4a7a-a9de-573a34f2210c,Stack 10 - Cement Plant 10,21.3,81.63,2026-03-13T00:00,SO2,9.3,ug/m3,open-meteo-cams
43d21696-30b8-4a7a-a9de-573a34f2210c,Stack 10 - Cement Plant 10,21.3,81.63,2026-03-13T01:00,PM2.5,72.6,ug/m3,open-meteo-cams
43d21696-30b8-4a7a-a9de-573a34f2210c,Stack 10 - Cement Plant 10,21.3,81.63,2026-03-13T01:00,NO2,43.2,ug/m3,open-meteo-cams
43d21696-30b8-4a7a-a9de-573a34f2210c,Stack 10 - Cement Plant 10,21.3,81.63,2026-03-13T01:00,SO2,10.7,ug/m3,open-meteo-cams
43d21696-30b8-4a7a-a9de-573a34f2210c,Stack 10 - Cement Plant 10,21.3,81.63,2026-03-13T02:00,PM2.5,78.7,ug/m3,open-meteo-cams
43d21696-30b8-4a7a-a9de-573a34f2210c,Stack 10 - Cement Plant 10,21.3,81.63,2026-03-13T02:00,NO2,48.0,ug/m3,open-meteo-cams
43d21696-30b8-4a7a-a9de-573a34f2210c,Stack 10 - Cement Plant 10,21.3,81.63,2026-03-13T02:00,SO2,12.6,ug/m3,open-meteo-cams
43d21696-30b8-4a7a-a9de-573a34f2210c,Stack 10 - Cement Plant 10,21.3,81.63,2026-03-13T03:00,PM2.5,73.8,ug/m3,open-meteo-cams
43d21696-30b8-4a7a-a9de-573a34f2210c,Stack 10 - Cement Plant 10,21.3,81.63,2026-03-13T03:00,NO2,47.9,ug/m3,open-meteo-cams
43d21696-30b8-4a7a-a9de-573a34f2210c,Stack 10 - Cement Plant 10,21.3,81.63,2026-03-13T03:00,SO2,13.9,ug/m3,open-meteo-cams
43d21696-30b8-4a7a-a9de-573a34f2210c,Stack 10 - Cement Plant 10,21.3,81.63,2026-03-13T04:00,PM2.5,68.9,ug/m3,open-meteo-cams
43d21696-30b8-4a7a-a9de-573a34f2210c,Stack 10 - Cement Plant 10,21.3,81.63,2026-03-13T04:00,NO2,38.1,ug/m3,open-meteo-cams
43d21696-30b8-4a7a-a9de-573a34f2210c,Stack 10 - Cement Plant 10,21.3,81.63,2026-03-13T04:00,SO2,14.0,ug/m3,open-meteo-cams
43d21696-30b8-4a7a-a9de-573a34f2210c,Stack 10 - Cement Plant 10,21.3,81.63,2026-03-13T05:00,PM2.5,46.1,ug/m3,open-meteo-cams
43d21696-30b8-4a7a-a9de-573a34f2210c,Stack 10 - Cement Plant 10,21.3,81.63,2026-03-13T05:00,NO2,23.4,ug/m3,open-meteo-cams
43d21696-30b8-4a7a-a9de-573a34f2210c,Stack 10 - Cement Plant 10,21.3,81.63,2026-03-13T05:00,SO2,13.4,ug/m3,open-meteo-cams
43d21696-30b8-4a7a-a9de-573a34f2210c,Stack 10 - Cement Plant 10,21.3,81.63,2026-03-13T06:00,PM2.5,25.9,ug/m3,open-meteo-cams
43d21696-30b8-4a7a-a9de-573a34f2210c,Stack 10 - Cement Plant 10,21.3,81.63,2026-03-13T06:00,NO2,12.2,ug/m3,open-meteo-cams
43d21696-30b8-4a7a-a9de-573a34f2210c,Stack 10 - Cement Plant 10,21.3,81.63,2026-03-13T06:00,SO2,12.6,ug/m3,open-meteo-cams
43d21696-30b8-4a7a-a9de-573a34f2210c,Stack 10 - Cement Plant 10,21.3,81.63,2026-03-13T07:00,PM2.5,21.5,ug/m3,open-meteo-cams
43d21696-30b8-4a7a-a9de-573a34f2210c,Stack 10 - Cement Plant 10,21.3,81.63,2026-03-13T07:00,NO2,8.0,ug/m3,open-meteo-cams
43d21696-30b8-4a7a-a9de-573a34f2210c,Stack 10 - Cement Plant 10,21.3,81.63,2026-03-13T07:00,SO2,11.3,ug/m3,open-meteo-cams
43d21696-30b8-4a7a-a9de-573a34f2210c,Stack 10 - Cement Plant 10,21.3,81.63,2026-03-13T08:00,PM2.5,21.0,ug/m3,open-meteo-cams
43d21696-30b8-4a7a-a9de-573a34f2210c,Stack 10 - Cement Plant 10,21.3,81.63,2026-03-13T08:00,NO2,7.4,ug/m3,open-meteo-cams
43d21696-30b8-4a7a-a9de-573a34f2210c,Stack 10 - Cement Plant 10,21.3,81.63,2026-03-13T08:00,SO2,9.8,ug/m3,open-meteo-cams
43d21696-30b8-4a7a-a9de-573a34f2210c,Stack 10 - Cement Plant 10,21.3,81.63,2026-03-13T09:00,PM2.5,21.1,ug/m3,open-meteo-cams
43d21696-30b8-4a7a-a9de-573a34f2210c,Stack 10 - Cement Plant 10,21.3,81.63,2026-03-13T09:00,NO2,8.5,ug/m3,open-meteo-cams
43d21696-30b8-4a7a-a9de-573a34f2210c,Stack 10 - Cement Plant 10,21.3,81.63,2026-03-13T09:00,SO2,8.7,ug/m3,open-meteo-cams
43d21696-30b8-4a7a-a9de-573a34f2210c,Stack 10 - Cement Plant 10,21.3,81.63,2026-03-13T10:00,PM2.5,21.1,ug/m3,open-meteo-cams
43d21696-30b8-4a7a-a9de-573a34f2210c,Stack 10 - Cement Plant 10,21.3,81.63,2026-03-13T10:00,NO2,11.5,ug/m3,open-meteo-cams
43d21696-30b8-4a7a-a9de-573a34f2210c,Stack 10 - Cement Plant 10,21.3,81.63,2026-03-13T10:00,SO2,8.4,ug/m3,open-meteo-cams
43d21696-30b8-4a7a-a9de-573a34f2210c,Stack 10 - Cement Plant 10,21.3,81.63,2026-03-13T11:00,PM2.5,21.4,ug/m3,open-meteo-cams
43d21696-30b8-4a7a-a9de-573a34f2210c,Stack 10 - Cement Plant 10,21.3,81.63,2026-03-13T11:00,NO2,16.2,ug/m3,open-meteo-cams
43d21696-30b8-4a7a-a9de-573a34f2210c,Stack 10 - Cement Plant 10,21.3,81.63,2026-03-13T11:00,SO2,8.5,ug/m3,open-meteo-cams
43d21696-30b8-4a7a-a9de-573a34f2210c,Stack 10 - Cement Plant 10,21.3,81.63,2026-03-13T12:00,PM2.5,29.5,ug/m3,open-meteo-cams
43d21696-30b8-4a7a-a9de-573a34f2210c,Stack 10 - Cement Plant 10,21.3,81.63,2026-03-13T12:00,NO2,20.2,ug/m3,open-meteo-cams
43d21696-30b8-4a7a-a9de-573a34f2210c,Stack 10 - Cement Plant 10,21.3,81.63,2026-03-13T12:00,SO2,8.9,ug/m3,open-meteo-cams
43d21696-30b8-4a7a-a9de-573a34f2210c,Stack 10 - Cement Plant 10,21.3,81.63,2026-03-13T13:00,PM2.5,42.5,ug/m3,open-meteo-cams
43d21696-30b8-4a7a-a9de-573a34f2210c,Stack 10 - Cement Plant 10,21.3,81.63,2026-03-13T13:00,NO2,22.7,ug/m3,open-meteo-cams
43d21696-30b8-4a7a-a9de-573a34f2210c,Stack 10 - Cement Plant 10,21.3,81.63,2026-03-13T13:00,SO2,9.8,ug/m3,open-meteo-cams
43d21696-30b8-4a7a-a9de-573a34f2210c,Stack 10 - Cement Plant 10,21.3,81.63,2026-03-13T14:00,PM2.5,45.5,ug/m3,open-meteo-cams
43d21696-30b8-4a7a-a9de-573a34f2210c,Stack 10 - Cement Plant 10,21.3,81.63,2026-03-13T14:00,NO2,24.5,ug/m3,open-meteo-cams
43d21696-30b8-4a7a-a9de-573a34f2210c,Stack 10 - Cement Plant 10,21.3,81.63,2026-03-13T14:00,SO2,10.9,ug/m3,open-meteo-cams
43d21696-30b8-4a7a-a9de-573a34f2210c,Stack 10 - Cement Plant 10,21.3,81.63,2026-03-13T15:00,PM2.5,43.8,ug/m3,open-meteo-cams
43d21696-30b8-4a7a-a9de-573a34f2210c,Stack 10 - Cement Plant 10,21.3,81.63,2026-03-13T15:00,NO2,25.3,ug/m3,open-meteo-cams
43d21696-30b8-4a7a-a9de-573a34f2210c,Stack 10 - Cement Plant 10,21.3,81.63,2026-03-13T15:00,SO2,11.5,ug/m3,open-meteo-cams
43d21696-30b8-4a7a-a9de-573a34f2210c,Stack 10 - Cement Plant 10,21.3,81.63,2026-03-13T16:00,PM2.5,42.6,ug/m3,open-meteo-cams
43d21696-30b8-4a7a-a9de-573a34f2210c,Stack 10 - Cement Plant 10,21.3,81.63,2026-03-13T16:00,NO2,24.3,ug/m3,open-meteo-cams
43d21696-30b8-4a7a-a9de-573a34f2210c,Stack 10 - Cement Plant 10,21.3,81.63,2026-03-13T16:00,SO2,11.0,ug/m3,open-meteo-cams
43d21696-30b8-4a7a-a9de-573a34f2210c,Stack 10 - Cement Plant 10,21.3,81.63,2026-03-13T17:00,PM2.5,42.4,ug/m3,open-meteo-cams
43d21696-30b8-4a7a-a9de-573a34f2210c,Stack 10 - Cement Plant 10,21.3,81.63,2026-03-13T17:00,NO2,22.3,ug/m3,open-meteo-cams
43d21696-30b8-4a7a-a9de-573a34f2210c,Stack 10 - Cement Plant 10,21.3,81.63,2026-03-13T17:00,SO2,9.9,ug/m3,open-meteo-cams
43d21696-30b8-4a7a-a9de-573a34f2210c,Stack 10 - Cement Plant 10,21.3,81.63,2026-03-13T18:00,PM2.5,43.2,ug/m3,open-meteo-cams
43d21696-30b8-4a7a-a9de-573a34f2210c,Stack 10 - Cement Plant 10,21.3,81.63,2026-03-13T18:00,NO2,21.9,ug/m3,open-meteo-cams
43d21696-30b8-4a7a-a9de-573a34f2210c,Stack 10 - Cement Plant 10,21.3,81.63,2026-03-13T18:00,SO2,9.1,ug/m3,open-meteo-cams
43d21696-30b8-4a7a-a9de-573a34f2210c,Stack 10 - Cement Plant 10,21.3,81.63,2026-03-13T19:00,PM2.5,45.4,ug/m3,open-meteo-cams
43d21696-30b8-4a7a-a9de-573a34f2210c,Stack 10 - Cement Plant 10,21.3,81.63,2026-03-13T19:00,NO2,24.7,ug/m3,open-meteo-cams
43d21696-30b8-4a7a-a9de-573a34f2210c,Stack 10 - Cement Plant 10,21.3,81.63,2026-03-13T19:00,SO2,9.0,ug/m3,open-meteo-cams
43d21696-30b8-4a7a-a9de-573a34f2210c,Stack 10 - Cement Plant 10,21.3,81.63,2026-03-13T20:00,PM2.5,51.6,ug/m3,open-meteo-cams
43d21696-30b8-4a7a-a9de-573a34f2210c,Stack 10 - Cement Plant 10,21.3,81.63,2026-03-13T20:00,NO2,29.0,ug/m3,open-meteo-cams
43d21696-30b8-4a7a-a9de-573a34f2210c,Stack 10 - Cement Plant 10,21.3,81.63,2026-03-13T20:00,SO2,9.1,ug/m3,open-meteo-cams
43d21696-30b8-4a7a-a9de-573a34f2210c,Stack 10 - Cement Plant 10,21.3,81.63,2026-03-13T21:00,PM2.5,57.5,ug/m3,open-meteo-cams
43d21696-30b8-4a7a-a9de-573a34f2210c,Stack 10 - Cement Plant 10,21.3,81.63,2026-03-13T21:00,NO2,32.8,ug/m3,open-meteo-cams
43d21696-30b8-4a7a-a9de-573a34f2210c,Stack 10 - Cement Plant 10,21.3,81.63,2026-03-13T21:00,SO2,9.3,ug/m3,open-meteo-cams
43d21696-30b8-4a7a-a9de-573a34f2210c,Stack 10 - Cement Plant 10,21.3,81.63,2026-03-13T22:00,PM2.5,63.3,ug/m3,open-meteo-cams
43d21696-30b8-4a7a-a9de-573a34f2210c,Stack 10 - Cement Plant 10,21.3,81.63,2026-03-13T22:00,NO2,35.6,ug/m3,open-meteo-cams
43d21696-30b8-4a7a-a9de-573a34f2210c,Stack 10 - Cement Plant 10,21.3,81.63,2026-03-13T22:00,SO2,9.4,ug/m3,open-meteo-cams
43d21696-30b8-4a7a-a9de-573a34f2210c,Stack 10 - Cement Plant 10,21.3,81.63,2026-03-13T23:00,PM2.5,67.8,ug/m3,open-meteo-cams
43d21696-30b8-4a7a-a9de-573a34f2210c,Stack 10 - Cement Plant 10,21.3,81.63,2026-03-13T23:00,NO2,37.9,ug/m3,open-meteo-cams
43d21696-30b8-4a7a-a9de-573a34f2210c,Stack 10 - Cement Plant 10,21.3,81.63,2026-03-13T23:00,SO2,9.4,ug/m3,open-meteo-cams
43d21696-30b8-4a7a-a9de-573a34f2210c,Stack 10 - Cement Plant 10,21.3,81.63,2026-03-14T00:00,PM2.5,63.8,ug/m3,open-meteo-cams
43d21696-30b8-4a7a-a9de-573a34f2210c,Stack 10 - Cement Plant 10,21.3,81.63,2026-03-14T00:00,NO2,38.7,ug/m3,open-meteo-cams
43d21696-30b8-4a7a-a9de-573a34f2210c,Stack 10 - Cement Plant 10,21.3,81.63,2026-03-14T00:00,SO2,9.5,ug/m3,open-meteo-cams
43d21696-30b8-4a7a-a9de-573a34f2210c,Stack 10 - Cement Plant 10,21.3,81.63,2026-03-14T01:00,PM2.5,55.5,ug/m3,open-meteo-cams
43d21696-30b8-4a7a-a9de-573a34f2210c,Stack 10 - Cement Plant 10,21.3,81.63,2026-03-14T01:00,NO2,37.5,ug/m3,open-meteo-cams
43d21696-30b8-4a7a-a9de-573a34f2210c,Stack 10 - Cement Plant 10,21.3,81.63,2026-03-14T01:00,SO2,9.6,ug/m3,open-meteo-cams
43d21696-30b8-4a7a-a9de-573a34f2210c,Stack 10 - Cement Plant 10,21.3,81.63,2026-03-14T02:00,PM2.5,48.8,ug/m3,open-meteo-cams
43d21696-30b8-4a7a-a9de-573a34f2210c,Stack 10 - Cement Plant 10,21.3,81.63,2026-03-14T02:00,NO2,34.9,ug/m3,open-meteo-cams
43d21696-30b8-4a7a-a9de-573a34f2210c,Stack 10 - Cement Plant 10,21.3,81.63,2026-03-14T02:00,SO2,9.6,ug/m3,open-meteo-cams
43d21696-30b8-4a7a-a9de-573a34f2210c,Stack 10 - Cement Plant 10,21.3,81.63,2026-03-14T03:00,PM2.5,48.1,ug/m3,open-meteo-cams
43d21696-30b8-4a7a-a9de-573a34f2210c,Stack 10 - Cement Plant 10,21.3,81.63,2026-03-14T03:00,NO2,31.1,ug/m3,open-meteo-cams
43d21696-30b8-4a7a-a9de-573a34f2210c,Stack 10 - Cement Plant 10,21.3,81.63,2026-03-14T03:00,SO2,10.1,ug/m3,open-meteo-cams
43d21696-30b8-4a7a-a9de-573a34f2210c,Stack 10 - Cement Plant 10,21.3,81.63,2026-03-14T04:00,PM2.5,48.4,ug/m3,open-meteo-cams
43d21696-30b8-4a7a-a9de-573a34f2210c,Stack 10 - Cement Plant 10,21.3,81.63,2026-03-14T04:00,NO2,25.5,ug/m3,open-meteo-cams
43d21696-30b8-4a7a-a9de-573a34f2210c,Stack 10 - Cement Plant 10,21.3,81.63,2026-03-14T04:00,SO2,11.5,ug/m3,open-meteo-cams
43d21696-30b8-4a7a-a9de-573a34f2210c,Stack 10 - Cement Plant 10,21.3,81.63,2026-03-14T05:00,PM2.5,45.8,ug/m3,open-meteo-cams
43d21696-30b8-4a7a-a9de-573a34f2210c,Stack 10 - Cement Plant 10,21.3,81.63,2026-03-14T05:00,NO2,18.8,ug/m3,open-meteo-cams
43d21696-30b8-4a7a-a9de-573a34f2210c,Stack 10 - Cement Plant 10,21.3,81.63,2026-03-14T05:00,SO2,13.2,ug/m3,open-meteo-cams
43d21696-30b8-4a7a-a9de-573a34f2210c,Stack 10 - Cement Plant 10,21.3,81.63,2026-03-14T06:00,PM2.5,37.8,ug/m3,open-meteo-cams
43d21696-30b8-4a7a-a9de-573a34f2210c,Stack 10 - Cement Plant 10,21.3,81.63,2026-03-14T06:00,NO2,13.2,ug/m3,open-meteo-cams
43d21696-30b8-4a7a-a9de-573a34f2210c,Stack 10 - Cement Plant 10,21.3,81.63,2026-03-14T06:00,SO2,13.9,ug/m3,open-meteo-cams
43d21696-30b8-4a7a-a9de-573a34f2210c,Stack 10 - Cement Plant 10,21.3,81.63,2026-03-14T07:00,PM2.5,31.8,ug/m3,open-meteo-cams
43d21696-30b8-4a7a-a9de-573a34f2210c,Stack 10 - Cement Plant 10,21.3,81.63,2026-03-14T07:00,NO2,9.2,ug/m3,open-meteo-cams
43d21696-30b8-4a7a-a9de-573a34f2210c,Stack 10 - Cement Plant 10,21.3,81.63,2026-03-14T07:00,SO2,12.5,ug/m3,open-meteo-cams
43d21696-30b8-4a7a-a9de-573a34f2210c,Stack 10 - Cement Plant 10,21.3,81.63,2026-03-14T08:00,PM2.5,23.3,ug/m3,open-meteo-cams
43d21696-30b8-4a7a-a9de-573a34f2210c,Stack 10 - Cement Plant 10,21.3,81.63,2026-03-14T08:00,NO2,6.5,ug/m3,open-meteo-cams
43d21696-30b8-4a7a-a9de-573a34f2210c,Stack 10 - Cement Plant 10,21.3,81.63,2026-03-14T08:00,SO2,10.0,ug/m3,open-meteo-cams
43d21696-30b8-4a7a-a9de-573a34f2210c,Stack 10 - Cement Plant 10,21.3,81.63,2026-03-14T09:00,PM2.5,20.7,ug/m3,open-meteo-cams
43d21696-30b8-4a7a-a9de-573a34f2210c,Stack 10 - Cement Plant 10,21.3,81.63,2026-03-14T09:00,NO2,5.7,ug/m3,open-meteo-cams
43d21696-30b8-4a7a-a9de-573a34f2210c,Stack 10 - Cement Plant 10,21.3,81.63,2026-03-14T09:00,SO2,8.2,ug/m3,open-meteo-cams
43d21696-30b8-4a7a-a9de-573a34f2210c,Stack 10 - Cement Plant 10,21.3,81.63,2026-03-14T10:00,PM2.5,20.3,ug/m3,open-meteo-cams
43d21696-30b8-4a7a-a9de-573a34f2210c,Stack 10 - Cement Plant 10,21.3,81.63,2026-03-14T10:00,NO2,7.9,ug/m3,open-meteo-cams
43d21696-30b8-4a7a-a9de-573a34f2210c,Stack 10 - Cement Plant 10,21.3,81.63,2026-03-14T10:00,SO2,7.8,ug/m3,open-meteo-cams
43d21696-30b8-4a7a-a9de-573a34f2210c,Stack 10 - Cement Plant 10,21.3,81.63,2026-03-14T11:00,PM2.5,20.8,ug/m3,open-meteo-cams
43d21696-30b8-4a7a-a9de-573a34f2210c,Stack 10 - Cement Plant 10,21.3,81.63,2026-03-14T11:00,NO2,12.2,ug/m3,open-meteo-cams
43d21696-30b8-4a7a-a9de-573a34f2210c,Stack 10 - Cement Plant 10,21.3,81.63,2026-03-14T11:00,SO2,8.1,ug/m3,open-meteo-cams
43d21696-30b8-4a7a-a9de-573a34f2210c,Stack 10 - Cement Plant 10,21.3,81.63,2026-03-14T12:00,PM2.5,28.7,ug/m3,open-meteo-cams
43d21696-30b8-4a7a-a9de-573a34f2210c,Stack 10 - Cement Plant 10,21.3,81.63,2026-03-14T12:00,NO2,16.6,ug/m3,open-meteo-cams
43d21696-30b8-4a7a-a9de-573a34f2210c,Stack 10 - Cement Plant 10,21.3,81.63,2026-03-14T12:00,SO2,8.8,ug/m3,open-meteo-cams
43d21696-30b8-4a7a-a9de-573a34f2210c,Stack 10 - Cement Plant 10,21.3,81.63,2026-03-14T13:00,PM2.5,41.1,ug/m3,open-meteo-cams
43d21696-30b8-4a7a-a9de-573a34f2210c,Stack 10 - Cement Plant 10,21.3,81.63,2026-03-14T13:00,NO2,20.7,ug/m3,open-meteo-cams
43d21696-30b8-4a7a-a9de-573a34f2210c,Stack 10 - Cement Plant 10,21.3,81.63,2026-03-14T13:00,SO2,10.1,ug/m3,open-meteo-cams
43d21696-30b8-4a7a-a9de-573a34f2210c,Stack 10 - Cement Plant 10,21.3,81.63,2026-03-14T14:00,PM2.5,48.4,ug/m3,open-meteo-cams
43d21696-30b8-4a7a-a9de-573a34f2210c,Stack 10 - Cement Plant 10,21.3,81.63,2026-03-14T14:00,NO2,24.8,ug/m3,open-meteo-cams
43d21696-30b8-4a7a-a9de-573a34f2210c,Stack 10 - Cement Plant 10,21.3,81.63,2026-03-14T14:00,SO2,11.9,ug/m3,open-meteo-cams
43d21696-30b8-4a7a-a9de-573a34f2210c,Stack 10 - Cement Plant 10,21.3,81.63,2026-03-14T15:00,PM2.5,51.9,ug/m3,open-meteo-cams
43d21696-30b8-4a7a-a9de-573a34f2210c,Stack 10 - Cement Plant 10,21.3,81.63,2026-03-14T15:00,NO2,28.1,ug/m3,open-meteo-cams
43d21696-30b8-4a7a-a9de-573a34f2210c,Stack 10 - Cement Plant 10,21.3,81.63,2026-03-14T15:00,SO2,13.1,ug/m3,open-meteo-cams
43d21696-30b8-4a7a-a9de-573a34f2210c,Stack 10 - Cement Plant 10,21.3,81.63,2026-03-14T16:00,PM2.5,55.3,ug/m3,open-meteo-cams
43d21696-30b8-4a7a-a9de-573a34f2210c,Stack 10 - Cement Plant 10,21.3,81.63,2026-03-14T16:00,NO2,30.2,ug/m3,open-meteo-cams
43d21696-30b8-4a7a-a9de-573a34f2210c,Stack 10 - Cement Plant 10,21.3,81.63,2026-03-14T16:00,SO2,13.4,ug/m3,open-meteo-cams
43d21696-30b8-4a7a-a9de-573a34f2210c,Stack 10 - Cement Plant 10,21.3,81.63,2026-03-14T17:00,PM2.5,59.3,ug/m3,open-meteo-cams
43d21696-30b8-4a7a-a9de-573a34f2210c,Stack 10 - Cement Plant 10,21.3,81.63,2026-03-14T17:00,NO2,31.5,ug/m3,open-meteo-cams
43d21696-30b8-4a7a-a9de-573a34f2210c,Stack 10 - Cement Plant 10,21.3,81.63,2026-03-14T17:00,SO2,13.2,ug/m3,open-meteo-cams
43d21696-30b8-4a7a-a9de-573a34f2210c,Stack 10 - Cement Plant 10,21.3,81.63,2026-03-14T18:00,PM2.5,63.1,ug/m3,open-meteo-cams
43d21696-30b8-4a7a-a9de-573a34f2210c,Stack 10 - Cement Plant 10,21.3,81.63,2026-03-14T18:00,NO2,32.3,ug/m3,open-meteo-cams
43d21696-30b8-4a7a-a9de-573a34f2210c,Stack 10 - Cement Plant 10,21.3,81.63,2026-03-14T18:00,SO2,12.6,ug/m3,open-meteo-cams
43d21696-30b8-4a7a-a9de-573a34f2210c,Stack 10 - Cement Plant 10,21.3,81.63,2026-03-14T19:00,PM2.5,62.2,ug/m3,open-meteo-cams
43d21696-30b8-4a7a-a9de-573a34f2210c,Stack 10 - Cement Plant 10,21.3,81.63,2026-03-14T19:00,NO2,32.9,ug/m3,open-meteo-cams
43d21696-30b8-4a7a-a9de-573a34f2210c,Stack 10 - Cement Plant 10,21.3,81.63,2026-03-14T19:00,SO2,11.6,ug/m3,open-meteo-cams
43d21696-30b8-4a7a-a9de-573a34f2210c,Stack 10 - Cement Plant 10,21.3,81.63,2026-03-14T20:00,PM2.5,56.8,ug/m3,open-meteo-cams
43d21696-30b8-4a7a-a9de-573a34f2210c,Stack 10 - Cement Plant 10,21.3,81.63,2026-03-14T20:00,NO2,33.0,ug/m3,open-meteo-cams
43d21696-30b8-4a7a-a9de-573a34f2210c,Stack 10 - Cement Plant 10,21.3,81.63,2026-03-14T20:00,SO2,10.3,ug/m3,open-meteo-cams
43d21696-30b8-4a7a-a9de-573a34f2210c,Stack 10 - Cement Plant 10,21.3,81.63,2026-03-14T21:00,PM2.5,51.8,ug/m3,open-meteo-cams
43d21696-30b8-4a7a-a9de-573a34f2210c,Stack 10 - Cement Plant 10,21.3,81.63,2026-03-14T21:00,NO2,32.3,ug/m3,open-meteo-cams
43d21696-30b8-4a7a-a9de-573a34f2210c,Stack 10 - Cement Plant 10,21.3,81.63,2026-03-14T21:00,SO2,9.3,ug/m3,open-meteo-cams
43d21696-30b8-4a7a-a9de-573a34f2210c,Stack 10 - Cement Plant 10,21.3,81.63,2026-03-14T22:00,PM2.5,46.4,ug/m3,open-meteo-cams
43d21696-30b8-4a7a-a9de-573a34f2210c,Stack 10 - Cement Plant 10,21.3,81.63,2026-03-14T22:00,NO2,30.2,ug/m3,open-meteo-cams
43d21696-30b8-4a7a-a9de-573a34f2210c,Stack 10 - Cement Plant 10,21.3,81.63,2026-03-14T22:00,SO2,8.8,ug/m3,open-meteo-cams
43d21696-30b8-4a7a-a9de-573a34f2210c,Stack 10 - Cement Plant 10,21.3,81.63,2026-03-14T23:00,PM2.5,42.6,ug/m3,open-meteo-cams
43d21696-30b8-4a7a-a9de-573a34f2210c,Stack 10 - Cement Plant 10,21.3,81.63,2026-03-14T23:00,NO2,27.2,ug/m3,open-meteo-cams
43d21696-30b8-4a7a-a9de-573a34f2210c,Stack 10 - Cement Plant 10,21.3,81.63,2026-03-14T23:00,SO2,8.6,ug/m3,open-meteo-cams
273fdbe4-74e4-4442-b092-f693a101c6cd,Stack 11 - Bharat Steel,21.31,81.638,2026-03-13T00:00,PM2.5,64.7,ug/m3,open-meteo-cams
273fdbe4-74e4-4442-b092-f693a101c6cd,Stack 11 - Bharat Steel,21.31,81.638,2026-03-13T00:00,NO2,39.4,ug/m3,open-meteo-cams
273fdbe4-74e4-4442-b092-f693a101c6cd,Stack 11 - Bharat Steel,21.31,81.638,2026-03-13T00:00,SO2,9.3,ug/m3,open-meteo-cams
273fdbe4-74e4-4442-b092-f693a101c6cd,Stack 11 - Bharat Steel,21.31,81.638,2026-03-13T01:00,PM2.5,72.6,ug/m3,open-meteo-cams
273fdbe4-74e4-4442-b092-f693a101c6cd,Stack 11 - Bharat Steel,21.31,81.638,2026-03-13T01:00,NO2,43.2,ug/m3,open-meteo-cams
273fdbe4-74e4-4442-b092-f693a101c6cd,Stack 11 - Bharat Steel,21.31,81.638,2026-03-13T01:00,SO2,10.7,ug/m3,open-meteo-cams
273fdbe4-74e4-4442-b092-f693a101c6cd,Stack 11 - Bharat Steel,21.31,81.638,2026-03-13T02:00,PM2.5,78.7,ug/m3,open-meteo-cams
273fdbe4-74e4-4442-b092-f693a101c6cd,Stack 11 - Bharat Steel,21.31,81.638,2026-03-13T02:00,NO2,48.0,ug/m3,open-meteo-cams
273fdbe4-74e4-4442-b092-f693a101c6cd,Stack 11 - Bharat Steel,21.31,81.638,2026-03-13T02:00,SO2,12.6,ug/m3,open-meteo-cams
273fdbe4-74e4-4442-b092-f693a101c6cd,Stack 11 - Bharat Steel,21.31,81.638,2026-03-13T03:00,PM2.5,73.8,ug/m3,open-meteo-cams
273fdbe4-74e4-4442-b092-f693a101c6cd,Stack 11 - Bharat Steel,21.31,81.638,2026-03-13T03:00,NO2,47.9,ug/m3,open-meteo-cams
273fdbe4-74e4-4442-b092-f693a101c6cd,Stack 11 - Bharat Steel,21.31,81.638,2026-03-13T03:00,SO2,13.9,ug/m3,open-meteo-cams
273fdbe4-74e4-4442-b092-f693a101c6cd,Stack 11 - Bharat Steel,21.31,81.638,2026-03-13T04:00,PM2.5,68.9,ug/m3,open-meteo-cams
273fdbe4-74e4-4442-b092-f693a101c6cd,Stack 11 - Bharat Steel,21.31,81.638,2026-03-13T04:00,NO2,38.1,ug/m3,open-meteo-cams
273fdbe4-74e4-4442-b092-f693a101c6cd,Stack 11 - Bharat Steel,21.31,81.638,2026-03-13T04:00,SO2,14.0,ug/m3,open-meteo-cams
273fdbe4-74e4-4442-b092-f693a101c6cd,Stack 11 - Bharat Steel,21.31,81.638,2026-03-13T05:00,PM2.5,46.1,ug/m3,open-meteo-cams
273fdbe4-74e4-4442-b092-f693a101c6cd,Stack 11 - Bharat Steel,21.31,81.638,2026-03-13T05:00,NO2,23.4,ug/m3,open-meteo-cams
273fdbe4-74e4-4442-b092-f693a101c6cd,Stack 11 - Bharat Steel,21.31,81.638,2026-03-13T05:00,SO2,13.4,ug/m3,open-meteo-cams
273fdbe4-74e4-4442-b092-f693a101c6cd,Stack 11 - Bharat Steel,21.31,81.638,2026-03-13T06:00,PM2.5,25.9,ug/m3,open-meteo-cams
273fdbe4-74e4-4442-b092-f693a101c6cd,Stack 11 - Bharat Steel,21.31,81.638,2026-03-13T06:00,NO2,12.2,ug/m3,open-meteo-cams
273fdbe4-74e4-4442-b092-f693a101c6cd,Stack 11 - Bharat Steel,21.31,81.638,2026-03-13T06:00,SO2,12.6,ug/m3,open-meteo-cams
273fdbe4-74e4-4442-b092-f693a101c6cd,Stack 11 - Bharat Steel,21.31,81.638,2026-03-13T07:00,PM2.5,21.5,ug/m3,open-meteo-cams
273fdbe4-74e4-4442-b092-f693a101c6cd,Stack 11 - Bharat Steel,21.31,81.638,2026-03-13T07:00,NO2,8.0,ug/m3,open-meteo-cams
273fdbe4-74e4-4442-b092-f693a101c6cd,Stack 11 - Bharat Steel,21.31,81.638,2026-03-13T07:00,SO2,11.3,ug/m3,open-meteo-cams
273fdbe4-74e4-4442-b092-f693a101c6cd,Stack 11 - Bharat Steel,21.31,81.638,2026-03-13T08:00,PM2.5,21.0,ug/m3,open-meteo-cams
273fdbe4-74e4-4442-b092-f693a101c6cd,Stack 11 - Bharat Steel,21.31,81.638,2026-03-13T08:00,NO2,7.4,ug/m3,open-meteo-cams
273fdbe4-74e4-4442-b092-f693a101c6cd,Stack 11 - Bharat Steel,21.31,81.638,2026-03-13T08:00,SO2,9.8,ug/m3,open-meteo-cams
273fdbe4-74e4-4442-b092-f693a101c6cd,Stack 11 - Bharat Steel,21.31,81.638,2026-03-13T09:00,PM2.5,21.1,ug/m3,open-meteo-cams
273fdbe4-74e4-4442-b092-f693a101c6cd,Stack 11 - Bharat Steel,21.31,81.638,2026-03-13T09:00,NO2,8.5,ug/m3,open-meteo-cams
273fdbe4-74e4-4442-b092-f693a101c6cd,Stack 11 - Bharat Steel,21.31,81.638,2026-03-13T09:00,SO2,8.7,ug/m3,open-meteo-cams
273fdbe4-74e4-4442-b092-f693a101c6cd,Stack 11 - Bharat Steel,21.31,81.638,2026-03-13T10:00,PM2.5,21.1,ug/m3,open-meteo-cams
273fdbe4-74e4-4442-b092-f693a101c6cd,Stack 11 - Bharat Steel,21.31,81.638,2026-03-13T10:00,NO2,11.5,ug/m3,open-meteo-cams
273fdbe4-74e4-4442-b092-f693a101c6cd,Stack 11 - Bharat Steel,21.31,81.638,2026-03-13T10:00,SO2,8.4,ug/m3,open-meteo-cams
273fdbe4-74e4-4442-b092-f693a101c6cd,Stack 11 - Bharat Steel,21.31,81.638,2026-03-13T11:00,PM2.5,21.4,ug/m3,open-meteo-cams
273fdbe4-74e4-4442-b092-f693a101c6cd,Stack 11 - Bharat Steel,21.31,81.638,2026-03-13T11:00,NO2,16.2,ug/m3,open-meteo-cams
273fdbe4-74e4-4442-b092-f693a101c6cd,Stack 11 - Bharat Steel,21.31,81.638,2026-03-13T11:00,SO2,8.5,ug/m3,open-meteo-cams
273fdbe4-74e4-4442-b092-f693a101c6cd,Stack 11 - Bharat Steel,21.31,81.638,2026-03-13T12:00,PM2.5,29.5,ug/m3,open-meteo-cams
273fdbe4-74e4-4442-b092-f693a101c6cd,Stack 11 - Bharat Steel,21.31,81.638,2026-03-13T12:00,NO2,20.2,ug/m3,open-meteo-cams
273fdbe4-74e4-4442-b092-f693a101c6cd,Stack 11 - Bharat Steel,21.31,81.638,2026-03-13T12:00,SO2,8.9,ug/m3,open-meteo-cams
273fdbe4-74e4-4442-b092-f693a101c6cd,Stack 11 - Bharat Steel,21.31,81.638,2026-03-13T13:00,PM2.5,42.5,ug/m3,open-meteo-cams
273fdbe4-74e4-4442-b092-f693a101c6cd,Stack 11 - Bharat Steel,21.31,81.638,2026-03-13T13:00,NO2,22.7,ug/m3,open-meteo-cams
273fdbe4-74e4-4442-b092-f693a101c6cd,Stack 11 - Bharat Steel,21.31,81.638,2026-03-13T13:00,SO2,9.8,ug/m3,open-meteo-cams
273fdbe4-74e4-4442-b092-f693a101c6cd,Stack 11 - Bharat Steel,21.31,81.638,2026-03-13T14:00,PM2.5,45.5,ug/m3,open-meteo-cams
273fdbe4-74e4-4442-b092-f693a101c6cd,Stack 11 - Bharat Steel,21.31,81.638,2026-03-13T14:00,NO2,24.5,ug/m3,open-meteo-cams
273fdbe4-74e4-4442-b092-f693a101c6cd,Stack 11 - Bharat Steel,21.31,81.638,2026-03-13T14:00,SO2,10.9,ug/m3,open-meteo-cams
273fdbe4-74e4-4442-b092-f693a101c6cd,Stack 11 - Bharat Steel,21.31,81.638,2026-03-13T15:00,PM2.5,43.8,ug/m3,open-meteo-cams
273fdbe4-74e4-4442-b092-f693a101c6cd,Stack 11 - Bharat Steel,21.31,81.638,2026-03-13T15:00,NO2,25.3,ug/m3,open-meteo-cams
273fdbe4-74e4-4442-b092-f693a101c6cd,Stack 11 - Bharat Steel,21.31,81.638,2026-03-13T15:00,SO2,11.5,ug/m3,open-meteo-cams
273fdbe4-74e4-4442-b092-f693a101c6cd,Stack 11 - Bharat Steel,21.31,81.638,2026-03-13T16:00,PM2.5,42.6,ug/m3,open-meteo-cams
273fdbe4-74e4-4442-b092-f693a101c6cd,Stack 11 - Bharat Steel,21.31,81.638,2026-03-13T16:00,NO2,24.3,ug/m3,open-meteo-cams
273fdbe4-74e4-4442-b092-f693a101c6cd,Stack 11 - Bharat Steel,21.31,81.638,2026-03-13T16:00,SO2,11.0,ug/m3,open-meteo-cams
273fdbe4-74e4-4442-b092-f693a101c6cd,Stack 11 - Bharat Steel,21.31,81.638,2026-03-13T17:00,PM2.5,42.4,ug/m3,open-meteo-cams
273fdbe4-74e4-4442-b092-f693a101c6cd,Stack 11 - Bharat Steel,21.31,81.638,2026-03-13T17:00,NO2,22.3,ug/m3,open-meteo-cams
273fdbe4-74e4-4442-b092-f693a101c6cd,Stack 11 - Bharat Steel,21.31,81.638,2026-03-13T17:00,SO2,9.9,ug/m3,open-meteo-cams
273fdbe4-74e4-4442-b092-f693a101c6cd,Stack 11 - Bharat Steel,21.31,81.638,2026-03-13T18:00,PM2.5,43.2,ug/m3,open-meteo-cams
273fdbe4-74e4-4442-b092-f693a101c6cd,Stack 11 - Bharat Steel,21.31,81.638,2026-03-13T18:00,NO2,21.9,ug/m3,open-meteo-cams
273fdbe4-74e4-4442-b092-f693a101c6cd,Stack 11 - Bharat Steel,21.31,81.638,2026-03-13T18:00,SO2,9.1,ug/m3,open-meteo-cams
273fdbe4-74e4-4442-b092-f693a101c6cd,Stack 11 - Bharat Steel,21.31,81.638,2026-03-13T19:00,PM2.5,45.4,ug/m3,open-meteo-cams
273fdbe4-74e4-4442-b092-f693a101c6cd,Stack 11 - Bharat Steel,21.31,81.638,2026-03-13T19:00,NO2,24.7,ug/m3,open-meteo-cams
273fdbe4-74e4-4442-b092-f693a101c6cd,Stack 11 - Bharat Steel,21.31,81.638,2026-03-13T19:00,SO2,9.0,ug/m3,open-meteo-cams
273fdbe4-74e4-4442-b092-f693a101c6cd,Stack 11 - Bharat Steel,21.31,81.638,2026-03-13T20:00,PM2.5,51.6,ug/m3,open-meteo-cams
273fdbe4-74e4-4442-b092-f693a101c6cd,Stack 11 - Bharat Steel,21.31,81.638,2026-03-13T20:00,NO2,29.0,ug/m3,open-meteo-cams
273fdbe4-74e4-4442-b092-f693a101c6cd,Stack 11 - Bharat Steel,21.31,81.638,2026-03-13T20:00,SO2,9.1,ug/m3,open-meteo-cams
273fdbe4-74e4-4442-b092-f693a101c6cd,Stack 11 - Bharat Steel,21.31,81.638,2026-03-13T21:00,PM2.5,57.5,ug/m3,open-meteo-cams
273fdbe4-74e4-4442-b092-f693a101c6cd,Stack 11 - Bharat Steel,21.31,81.638,2026-03-13T21:00,NO2,32.8,ug/m3,open-meteo-cams
273fdbe4-74e4-4442-b092-f693a101c6cd,Stack 11 - Bharat Steel,21.31,81.638,2026-03-13T21:00,SO2,9.3,ug/m3,open-meteo-cams
273fdbe4-74e4-4442-b092-f693a101c6cd,Stack 11 - Bharat Steel,21.31,81.638,2026-03-13T22:00,PM2.5,63.3,ug/m3,open-meteo-cams
273fdbe4-74e4-4442-b092-f693a101c6cd,Stack 11 - Bharat Steel,21.31,81.638,2026-03-13T22:00,NO2,35.6,ug/m3,open-meteo-cams
273fdbe4-74e4-4442-b092-f693a101c6cd,Stack 11 - Bharat Steel,21.31,81.638,2026-03-13T22:00,SO2,9.4,ug/m3,open-meteo-cams
273fdbe4-74e4-4442-b092-f693a101c6cd,Stack 11 - Bharat Steel,21.31,81.638,2026-03-13T23:00,PM2.5,67.8,ug/m3,open-meteo-cams
273fdbe4-74e4-4442-b092-f693a101c6cd,Stack 11 - Bharat Steel,21.31,81.638,2026-03-13T23:00,NO2,37.9,ug/m3,open-meteo-cams
273fdbe4-74e4-4442-b092-f693a101c6cd,Stack 11 - Bharat Steel,21.31,81.638,2026-03-13T23:00,SO2,9.4,ug/m3,open-meteo-cams
273fdbe4-74e4-4442-b092-f693a101c6cd,Stack 11 - Bharat Steel,21.31,81.638,2026-03-14T00:00,PM2.5,63.8,ug/m3,open-meteo-cams
273fdbe4-74e4-4442-b092-f693a101c6cd,Stack 11 - Bharat Steel,21.31,81.638,2026-03-14T00:00,NO2,38.7,ug/m3,open-meteo-cams
273fdbe4-74e4-4442-b092-f693a101c6cd,Stack 11 - Bharat Steel,21.31,81.638,2026-03-14T00:00,SO2,9.5,ug/m3,open-meteo-cams
273fdbe4-74e4-4442-b092-f693a101c6cd,Stack 11 - Bharat Steel,21.31,81.638,2026-03-14T01:00,PM2.5,55.5,ug/m3,open-meteo-cams
273fdbe4-74e4-4442-b092-f693a101c6cd,Stack 11 - Bharat Steel,21.31,81.638,2026-03-14T01:00,NO2,37.5,ug/m3,open-meteo-cams
273fdbe4-74e4-4442-b092-f693a101c6cd,Stack 11 - Bharat Steel,21.31,81.638,2026-03-14T01:00,SO2,9.6,ug/m3,open-meteo-cams
273fdbe4-74e4-4442-b092-f693a101c6cd,Stack 11 - Bharat Steel,21.31,81.638,2026-03-14T02:00,PM2.5,48.8,ug/m3,open-meteo-cams
273fdbe4-74e4-4442-b092-f693a101c6cd,Stack 11 - Bharat Steel,21.31,81.638,2026-03-14T02:00,NO2,34.9,ug/m3,open-meteo-cams
273fdbe4-74e4-4442-b092-f693a101c6cd,Stack 11 - Bharat Steel,21.31,81.638,2026-03-14T02:00,SO2,9.6,ug/m3,open-meteo-cams
273fdbe4-74e4-4442-b092-f693a101c6cd,Stack 11 - Bharat Steel,21.31,81.638,2026-03-14T03:00,PM2.5,48.1,ug/m3,open-meteo-cams
273fdbe4-74e4-4442-b092-f693a101c6cd,Stack 11 - Bharat Steel,21.31,81.638,2026-03-14T03:00,NO2,31.1,ug/m3,open-meteo-cams
273fdbe4-74e4-4442-b092-f693a101c6cd,Stack 11 - Bharat Steel,21.31,81.638,2026-03-14T03:00,SO2,10.1,ug/m3,open-meteo-cams
273fdbe4-74e4-4442-b092-f693a101c6cd,Stack 11 - Bharat Steel,21.31,81.638,2026-03-14T04:00,PM2.5,48.4,ug/m3,open-meteo-cams
273fdbe4-74e4-4442-b092-f693a101c6cd,Stack 11 - Bharat Steel,21.31,81.638,2026-03-14T04:00,NO2,25.5,ug/m3,open-meteo-cams
273fdbe4-74e4-4442-b092-f693a101c6cd,Stack 11 - Bharat Steel,21.31,81.638,2026-03-14T04:00,SO2,11.5,ug/m3,open-meteo-cams
273fdbe4-74e4-4442-b092-f693a101c6cd,Stack 11 - Bharat Steel,21.31,81.638,2026-03-14T05:00,PM2.5,45.8,ug/m3,open-meteo-cams
273fdbe4-74e4-4442-b092-f693a101c6cd,Stack 11 - Bharat Steel,21.31,81.638,2026-03-14T05:00,NO2,18.8,ug/m3,open-meteo-cams
273fdbe4-74e4-4442-b092-f693a101c6cd,Stack 11 - Bharat Steel,21.31,81.638,2026-03-14T05:00,SO2,13.2,ug/m3,open-meteo-cams
273fdbe4-74e4-4442-b092-f693a101c6cd,Stack 11 - Bharat Steel,21.31,81.638,2026-03-14T06:00,PM2.5,37.8,ug/m3,open-meteo-cams
273fdbe4-74e4-4442-b092-f693a101c6cd,Stack 11 - Bharat Steel,21.31,81.638,2026-03-14T06:00,NO2,13.2,ug/m3,open-meteo-cams
273fdbe4-74e4-4442-b092-f693a101c6cd,Stack 11 - Bharat Steel,21.31,81.638,2026-03-14T06:00,SO2,13.9,ug/m3,open-meteo-cams
273fdbe4-74e4-4442-b092-f693a101c6cd,Stack 11 - Bharat Steel,21.31,81.638,2026-03-14T07:00,PM2.5,31.8,ug/m3,open-meteo-cams
273fdbe4-74e4-4442-b092-f693a101c6cd,Stack 11 - Bharat Steel,21.31,81.638,2026-03-14T07:00,NO2,9.2,ug/m3,open-meteo-cams
273fdbe4-74e4-4442-b092-f693a101c6cd,Stack 11 - Bharat Steel,21.31,81.638,2026-03-14T07:00,SO2,12.5,ug/m3,open-meteo-cams
273fdbe4-74e4-4442-b092-f693a101c6cd,Stack 11 - Bharat Steel,21.31,81.638,2026-03-14T08:00,PM2.5,23.3,ug/m3,open-meteo-cams
273fdbe4-74e4-4442-b092-f693a101c6cd,Stack 11 - Bharat Steel,21.31,81.638,2026-03-14T08:00,NO2,6.5,ug/m3,open-meteo-cams
273fdbe4-74e4-4442-b092-f693a101c6cd,Stack 11 - Bharat Steel,21.31,81.638,2026-03-14T08:00,SO2,10.0,ug/m3,open-meteo-cams
273fdbe4-74e4-4442-b092-f693a101c6cd,Stack 11 - Bharat Steel,21.31,81.638,2026-03-14T09:00,PM2.5,20.7,ug/m3,open-meteo-cams
273fdbe4-74e4-4442-b092-f693a101c6cd,Stack 11 - Bharat Steel,21.31,81.638,2026-03-14T09:00,NO2,5.7,ug/m3,open-meteo-cams
273fdbe4-74e4-4442-b092-f693a101c6cd,Stack 11 - Bharat Steel,21.31,81.638,2026-03-14T09:00,SO2,8.2,ug/m3,open-meteo-cams
273fdbe4-74e4-4442-b092-f693a101c6cd,Stack 11 - Bharat Steel,21.31,81.638,2026-03-14T10:00,PM2.5,20.3,ug/m3,open-meteo-cams
273fdbe4-74e4-4442-b092-f693a101c6cd,Stack 11 - Bharat Steel,21.31,81.638,2026-03-14T10:00,NO2,7.9,ug/m3,open-meteo-cams
273fdbe4-74e4-4442-b092-f693a101c6cd,Stack 11 - Bharat Steel,21.31,81.638,2026-03-14T10:00,SO2,7.8,ug/m3,open-meteo-cams
273fdbe4-74e4-4442-b092-f693a101c6cd,Stack 11 - Bharat Steel,21.31,81.638,2026-03-14T11:00,PM2.5,20.8,ug/m3,open-meteo-cams
273fdbe4-74e4-4442-b092-f693a101c6cd,Stack 11 - Bharat Steel,21.31,81.638,2026-03-14T11:00,NO2,12.2,ug/m3,open-meteo-cams
273fdbe4-74e4-4442-b092-f693a101c6cd,Stack 11 - Bharat Steel,21.31,81.638,2026-03-14T11:00,SO2,8.1,ug/m3,open-meteo-cams
273fdbe4-74e4-4442-b092-f693a101c6cd,Stack 11 - Bharat Steel,21.31,81.638,2026-03-14T12:00,PM2.5,28.7,ug/m3,open-meteo-cams
273fdbe4-74e4-4442-b092-f693a101c6cd,Stack 11 - Bharat Steel,21.31,81.638,2026-03-14T12:00,NO2,16.6,ug/m3,open-meteo-cams
273fdbe4-74e4-4442-b092-f693a101c6cd,Stack 11 - Bharat Steel,21.31,81.638,2026-03-14T12:00,SO2,8.8,ug/m3,open-meteo-cams
273fdbe4-74e4-4442-b092-f693a101c6cd,Stack 11 - Bharat Steel,21.31,81.638,2026-03-14T13:00,PM2.5,41.1,ug/m3,open-meteo-cams
273fdbe4-74e4-4442-b092-f693a101c6cd,Stack 11 - Bharat Steel,21.31,81.638,2026-03-14T13:00,NO2,20.7,ug/m3,open-meteo-cams
273fdbe4-74e4-4442-b092-f693a101c6cd,Stack 11 - Bharat Steel,21.31,81.638,2026-03-14T13:00,SO2,10.1,ug/m3,open-meteo-cams
273fdbe4-74e4-4442-b092-f693a101c6cd,Stack 11 - Bharat Steel,21.31,81.638,2026-03-14T14:00,PM2.5,48.4,ug/m3,open-meteo-cams
273fdbe4-74e4-4442-b092-f693a101c6cd,Stack 11 - Bharat Steel,21.31,81.638,2026-03-14T14:00,NO2,24.8,ug/m3,open-meteo-cams
273fdbe4-74e4-4442-b092-f693a101c6cd,Stack 11 - Bharat Steel,21.31,81.638,2026-03-14T14:00,SO2,11.9,ug/m3,open-meteo-cams
273fdbe4-74e4-4442-b092-f693a101c6cd,Stack 11 - Bharat Steel,21.31,81.638,2026-03-14T15:00,PM2.5,51.9,ug/m3,open-meteo-cams
273fdbe4-74e4-4442-b092-f693a101c6cd,Stack 11 - Bharat Steel,21.31,81.638,2026-03-14T15:00,NO2,28.1,ug/m3,open-meteo-cams
273fdbe4-74e4-4442-b092-f693a101c6cd,Stack 11 - Bharat Steel,21.31,81.638,2026-03-14T15:00,SO2,13.1,ug/m3,open-meteo-cams
273fdbe4-74e4-4442-b092-f693a101c6cd,Stack 11 - Bharat Steel,21.31,81.638,2026-03-14T16:00,PM2.5,55.3,ug/m3,open-meteo-cams
273fdbe4-74e4-4442-b092-f693a101c6cd,Stack 11 - Bharat Steel,21.31,81.638,2026-03-14T16:00,NO2,30.2,ug/m3,open-meteo-cams
273fdbe4-74e4-4442-b092-f693a101c6cd,Stack 11 - Bharat Steel,21.31,81.638,2026-03-14T16:00,SO2,13.4,ug/m3,open-meteo-cams
273fdbe4-74e4-4442-b092-f693a101c6cd,Stack 11 - Bharat Steel,21.31,81.638,2026-03-14T17:00,PM2.5,59.3,ug/m3,open-meteo-cams
273fdbe4-74e4-4442-b092-f693a101c6cd,Stack 11 - Bharat Steel,21.31,81.638,2026-03-14T17:00,NO2,31.5,ug/m3,open-meteo-cams
273fdbe4-74e4-4442-b092-f693a101c6cd,Stack 11 - Bharat Steel,21.31,81.638,2026-03-14T17:00,SO2,13.2,ug/m3,open-meteo-cams
273fdbe4-74e4-4442-b092-f693a101c6cd,Stack 11 - Bharat Steel,21.31,81.638,2026-03-14T18:00,PM2.5,63.1,ug/m3,open-meteo-cams
273fdbe4-74e4-4442-b092-f693a101c6cd,Stack 11 - Bharat Steel,21.31,81.638,2026-03-14T18:00,NO2,32.3,ug/m3,open-meteo-cams
273fdbe4-74e4-4442-b092-f693a101c6cd,Stack 11 - Bharat Steel,21.31,81.638,2026-03-14T18:00,SO2,12.6,ug/m3,open-meteo-cams
273fdbe4-74e4-4442-b092-f693a101c6cd,Stack 11 - Bharat Steel,21.31,81.638,2026-03-14T19:00,PM2.5,62.2,ug/m3,open-meteo-cams
273fdbe4-74e4-4442-b092-f693a101c6cd,Stack 11 - Bharat Steel,21.31,81.638,2026-03-14T19:00,NO2,32.9,ug/m3,open-meteo-cams
273fdbe4-74e4-4442-b092-f693a101c6cd,Stack 11 - Bharat Steel,21.31,81.638,2026-03-14T19:00,SO2,11.6,ug/m3,open-meteo-cams
273fdbe4-74e4-4442-b092-f693a101c6cd,Stack 11 - Bharat Steel,21.31,81.638,2026-03-14T20:00,PM2.5,56.8,ug/m3,open-meteo-cams
273fdbe4-74e4-4442-b092-f693a101c6cd,Stack 11 - Bharat Steel,21.31,81.638,2026-03-14T20:00,NO2,33.0,ug/m3,open-meteo-cams
273fdbe4-74e4-4442-b092-f693a101c6cd,Stack 11 - Bharat Steel,21.31,81.638,2026-03-14T20:00,SO2,10.3,ug/m3,open-meteo-cams
273fdbe4-74e4-4442-b092-f693a101c6cd,Stack 11 - Bharat Steel,21.31,81.638,2026-03-14T21:00,PM2.5,51.8,ug/m3,open-meteo-cams
273fdbe4-74e4-4442-b092-f693a101c6cd,Stack 11 - Bharat Steel,21.31,81.638,2026-03-14T21:00,NO2,32.3,ug/m3,open-meteo-cams
273fdbe4-74e4-4442-b092-f693a101c6cd,Stack 11 - Bharat Steel,21.31,81.638,2026-03-14T21:00,SO2,9.3,ug/m3,open-meteo-cams
273fdbe4-74e4-4442-b092-f693a101c6cd,Stack 11 - Bharat Steel,21.31,81.638,2026-03-14T22:00,PM2.5,46.4,ug/m3,open-meteo-cams
273fdbe4-74e4-4442-b092-f693a101c6cd,Stack 11 - Bharat Steel,21.31,81.638,2026-03-14T22:00,NO2,30.2,ug/m3,open-meteo-cams
273fdbe4-74e4-4442-b092-f693a101c6cd,Stack 11 - Bharat Steel,21.31,81.638,2026-03-14T22:00,SO2,8.8,ug/m3,open-meteo-cams
273fdbe4-74e4-4442-b092-f693a101c6cd,Stack 11 - Bharat Steel,21.31,81.638,2026-03-14T23:00,PM2.5,42.6,ug/m3,open-meteo-cams
273fdbe4-74e4-4442-b092-f693a101c6cd,Stack 11 - Bharat Steel,21.31,81.638,2026-03-14T23:00,NO2,27.2,ug/m3,open-meteo-cams
273fdbe4-74e4-4442-b092-f693a101c6cd,Stack 11 - Bharat Steel,21.31,81.638,2026-03-14T23:00,SO2,8.6,ug/m3,open-meteo-cams
f0f47166-8906-4551-a076-464ad40c4aeb,Stack 12 - Steel Plant 2,21.32,81.646,2026-03-13T00:00,PM2.5,64.7,ug/m3,open-meteo-cams
f0f47166-8906-4551-a076-464ad40c4aeb,Stack 12 - Steel Plant 2,21.32,81.646,2026-03-13T00:00,NO2,39.4,ug/m3,open-meteo-cams
f0f47166-8906-4551-a076-464ad40c4aeb,Stack 12 - Steel Plant 2,21.32,81.646,2026-03-13T00:00,SO2,9.3,ug/m3,open-meteo-cams
f0f47166-8906-4551-a076-464ad40c4aeb,Stack 12 - Steel Plant 2,21.32,81.646,2026-03-13T01:00,PM2.5,72.6,ug/m3,open-meteo-cams
f0f47166-8906-4551-a076-464ad40c4aeb,Stack 12 - Steel Plant 2,21.32,81.646,2026-03-13T01:00,NO2,43.2,ug/m3,open-meteo-cams
f0f47166-8906-4551-a076-464ad40c4aeb,Stack 12 - Steel Plant 2,21.32,81.646,2026-03-13T01:00,SO2,10.7,ug/m3,open-meteo-cams
f0f47166-8906-4551-a076-464ad40c4aeb,Stack 12 - Steel Plant 2,21.32,81.646,2026-03-13T02:00,PM2.5,78.7,ug/m3,open-meteo-cams
f0f47166-8906-4551-a076-464ad40c4aeb,Stack 12 - Steel Plant 2,21.32,81.646,2026-03-13T02:00,NO2,48.0,ug/m3,open-meteo-cams
f0f47166-8906-4551-a076-464ad40c4aeb,Stack 12 - Steel Plant 2,21.32,81.646,2026-03-13T02:00,SO2,12.6,ug/m3,open-meteo-cams
f0f47166-8906-4551-a076-464ad40c4aeb,Stack 12 - Steel Plant 2,21.32,81.646,2026-03-13T03:00,PM2.5,73.8,ug/m3,open-meteo-cams
f0f47166-8906-4551-a076-464ad40c4aeb,Stack 12 - Steel Plant 2,21.32,81.646,2026-03-13T03:00,NO2,47.9,ug/m3,open-meteo-cams
f0f47166-8906-4551-a076-464ad40c4aeb,Stack 12 - Steel Plant 2,21.32,81.646,2026-03-13T03:00,SO2,13.9,ug/m3,open-meteo-cams
f0f47166-8906-4551-a076-464ad40c4aeb,Stack 12 - Steel Plant 2,21.32,81.646,2026-03-13T04:00,PM2.5,68.9,ug/m3,open-meteo-cams
f0f47166-8906-4551-a076-464ad40c4aeb,Stack 12 - Steel Plant 2,21.32,81.646,2026-03-13T04:00,NO2,38.1,ug/m3,open-meteo-cams
f0f47166-8906-4551-a076-464ad40c4aeb,Stack 12 - Steel Plant 2,21.32,81.646,2026-03-13T04:00,SO2,14.0,ug/m3,open-meteo-cams
f0f47166-8906-4551-a076-464ad40c4aeb,Stack 12 - Steel Plant 2,21.32,81.646,2026-03-13T05:00,PM2.5,46.1,ug/m3,open-meteo-cams
f0f47166-8906-4551-a076-464ad40c4aeb,Stack 12 - Steel Plant 2,21.32,81.646,2026-03-13T05:00,NO2,23.4,ug/m3,open-meteo-cams
f0f47166-8906-4551-a076-464ad40c4aeb,Stack 12 - Steel Plant 2,21.32,81.646,2026-03-13T05:00,SO2,13.4,ug/m3,open-meteo-cams
f0f47166-8906-4551-a076-464ad40c4aeb,Stack 12 - Steel Plant 2,21.32,81.646,2026-03-13T06:00,PM2.5,25.9,ug/m3,open-meteo-cams
f0f47166-8906-4551-a076-464ad40c4aeb,Stack 12 - Steel Plant 2,21.32,81.646,2026-03-13T06:00,NO2,12.2,ug/m3,open-meteo-cams
f0f47166-8906-4551-a076-464ad40c4aeb,Stack 12 - Steel Plant 2,21.32,81.646,2026-03-13T06:00,SO2,12.6,ug/m3,open-meteo-cams
f0f47166-8906-4551-a076-464ad40c4aeb,Stack 12 - Steel Plant 2,21.32,81.646,2026-03-13T07:00,PM2.5,21.5,ug/m3,open-meteo-cams
f0f47166-8906-4551-a076-464ad40c4aeb,Stack 12 - Steel Plant 2,21.32,81.646,2026-03-13T07:00,NO2,8.0,ug/m3,open-meteo-cams
f0f47166-8906-4551-a076-464ad40c4aeb,Stack 12 - Steel Plant 2,21.32,81.646,2026-03-13T07:00,SO2,11.3,ug/m3,open-meteo-cams
f0f47166-8906-4551-a076-464ad40c4aeb,Stack 12 - Steel Plant 2,21.32,81.646,2026-03-13T08:00,PM2.5,21.0,ug/m3,open-meteo-cams
f0f47166-8906-4551-a076-464ad40c4aeb,Stack 12 - Steel Plant 2,21.32,81.646,2026-03-13T08:00,NO2,7.4,ug/m3,open-meteo-cams
f0f47166-8906-4551-a076-464ad40c4aeb,Stack 12 - Steel Plant 2,21.32,81.646,2026-03-13T08:00,SO2,9.8,ug/m3,open-meteo-cams
f0f47166-8906-4551-a076-464ad40c4aeb,Stack 12 - Steel Plant 2,21.32,81.646,2026-03-13T09:00,PM2.5,21.1,ug/m3,open-meteo-cams
f0f47166-8906-4551-a076-464ad40c4aeb,Stack 12 - Steel Plant 2,21.32,81.646,2026-03-13T09:00,NO2,8.5,ug/m3,open-meteo-cams
f0f47166-8906-4551-a076-464ad40c4aeb,Stack 12 - Steel Plant 2,21.32,81.646,2026-03-13T09:00,SO2,8.7,ug/m3,open-meteo-cams
f0f47166-8906-4551-a076-464ad40c4aeb,Stack 12 - Steel Plant 2,21.32,81.646,2026-03-13T10:00,PM2.5,21.1,ug/m3,open-meteo-cams
f0f47166-8906-4551-a076-464ad40c4aeb,Stack 12 - Steel Plant 2,21.32,81.646,2026-03-13T10:00,NO2,11.5,ug/m3,open-meteo-cams
f0f47166-8906-4551-a076-464ad40c4aeb,Stack 12 - Steel Plant 2,21.32,81.646,2026-03-13T10:00,SO2,8.4,ug/m3,open-meteo-cams
f0f47166-8906-4551-a076-464ad40c4aeb,Stack 12 - Steel Plant 2,21.32,81.646,2026-03-13T11:00,PM2.5,21.4,ug/m3,open-meteo-cams
f0f47166-8906-4551-a076-464ad40c4aeb,Stack 12 - Steel Plant 2,21.32,81.646,2026-03-13T11:00,NO2,16.2,ug/m3,open-meteo-cams
f0f47166-8906-4551-a076-464ad40c4aeb,Stack 12 - Steel Plant 2,21.32,81.646,2026-03-13T11:00,SO2,8.5,ug/m3,open-meteo-cams
f0f47166-8906-4551-a076-464ad40c4aeb,Stack 12 - Steel Plant 2,21.32,81.646,2026-03-13T12:00,PM2.5,29.5,ug/m3,open-meteo-cams
f0f47166-8906-4551-a076-464ad40c4aeb,Stack 12 - Steel Plant 2,21.32,81.646,2026-03-13T12:00,NO2,20.2,ug/m3,open-meteo-cams
f0f47166-8906-4551-a076-464ad40c4aeb,Stack 12 - Steel Plant 2,21.32,81.646,2026-03-13T12:00,SO2,8.9,ug/m3,open-meteo-cams
f0f47166-8906-4551-a076-464ad40c4aeb,Stack 12 - Steel Plant 2,21.32,81.646,2026-03-13T13:00,PM2.5,42.5,ug/m3,open-meteo-cams
f0f47166-8906-4551-a076-464ad40c4aeb,Stack 12 - Steel Plant 2,21.32,81.646,2026-03-13T13:00,NO2,22.7,ug/m3,open-meteo-cams
f0f47166-8906-4551-a076-464ad40c4aeb,Stack 12 - Steel Plant 2,21.32,81.646,2026-03-13T13:00,SO2,9.8,ug/m3,open-meteo-cams
f0f47166-8906-4551-a076-464ad40c4aeb,Stack 12 - Steel Plant 2,21.32,81.646,2026-03-13T14:00,PM2.5,45.5,ug/m3,open-meteo-cams
f0f47166-8906-4551-a076-464ad40c4aeb,Stack 12 - Steel Plant 2,21.32,81.646,2026-03-13T14:00,NO2,24.5,ug/m3,open-meteo-cams
f0f47166-8906-4551-a076-464ad40c4aeb,Stack 12 - Steel Plant 2,21.32,81.646,2026-03-13T14:00,SO2,10.9,ug/m3,open-meteo-cams
f0f47166-8906-4551-a076-464ad40c4aeb,Stack 12 - Steel Plant 2,21.32,81.646,2026-03-13T15:00,PM2.5,43.8,ug/m3,open-meteo-cams
f0f47166-8906-4551-a076-464ad40c4aeb,Stack 12 - Steel Plant 2,21.32,81.646,2026-03-13T15:00,NO2,25.3,ug/m3,open-meteo-cams
f0f47166-8906-4551-a076-464ad40c4aeb,Stack 12 - Steel Plant 2,21.32,81.646,2026-03-13T15:00,SO2,11.5,ug/m3,open-meteo-cams
f0f47166-8906-4551-a076-464ad40c4aeb,Stack 12 - Steel Plant 2,21.32,81.646,2026-03-13T16:00,PM2.5,42.6,ug/m3,open-meteo-cams
f0f47166-8906-4551-a076-464ad40c4aeb,Stack 12 - Steel Plant 2,21.32,81.646,2026-03-13T16:00,NO2,24.3,ug/m3,open-meteo-cams
f0f47166-8906-4551-a076-464ad40c4aeb,Stack 12 - Steel Plant 2,21.32,81.646,2026-03-13T16:00,SO2,11.0,ug/m3,open-meteo-cams
f0f47166-8906-4551-a076-464ad40c4aeb,Stack 12 - Steel Plant 2,21.32,81.646,2026-03-13T17:00,PM2.5,42.4,ug/m3,open-meteo-cams
f0f47166-8906-4551-a076-464ad40c4aeb,Stack 12 - Steel Plant 2,21.32,81.646,2026-03-13T17:00,NO2,22.3,ug/m3,open-meteo-cams
f0f47166-8906-4551-a076-464ad40c4aeb,Stack 12 - Steel Plant 2,21.32,81.646,2026-03-13T17:00,SO2,9.9,ug/m3,open-meteo-cams
f0f47166-8906-4551-a076-464ad40c4aeb,Stack 12 - Steel Plant 2,21.32,81.646,2026-03-13T18:00,PM2.5,43.2,ug/m3,open-meteo-cams
f0f47166-8906-4551-a076-464ad40c4aeb,Stack 12 - Steel Plant 2,21.32,81.646,2026-03-13T18:00,NO2,21.9,ug/m3,open-meteo-cams
f0f47166-8906-4551-a076-464ad40c4aeb,Stack 12 - Steel Plant 2,21.32,81.646,2026-03-13T18:00,SO2,9.1,ug/m3,open-meteo-cams
f0f47166-8906-4551-a076-464ad40c4aeb,Stack 12 - Steel Plant 2,21.32,81.646,2026-03-13T19:00,PM2.5,45.4,ug/m3,open-meteo-cams
f0f47166-8906-4551-a076-464ad40c4aeb,Stack 12 - Steel Plant 2,21.32,81.646,2026-03-13T19:00,NO2,24.7,ug/m3,open-meteo-cams
f0f47166-8906-4551-a076-464ad40c4aeb,Stack 12 - Steel Plant 2,21.32,81.646,2026-03-13T19:00,SO2,9.0,ug/m3,open-meteo-cams
f0f47166-8906-4551-a076-464ad40c4aeb,Stack 12 - Steel Plant 2,21.32,81.646,2026-03-13T20:00,PM2.5,51.6,ug/m3,open-meteo-cams
f0f47166-8906-4551-a076-464ad40c4aeb,Stack 12 - Steel Plant 2,21.32,81.646,2026-03-13T20:00,NO2,29.0,ug/m3,open-meteo-cams
f0f47166-8906-4551-a076-464ad40c4aeb,Stack 12 - Steel Plant 2,21.32,81.646,2026-03-13T20:00,SO2,9.1,ug/m3,open-meteo-cams
f0f47166-8906-4551-a076-464ad40c4aeb,Stack 12 - Steel Plant 2,21.32,81.646,2026-03-13T21:00,PM2.5,57.5,ug/m3,open-meteo-cams
f0f47166-8906-4551-a076-464ad40c4aeb,Stack 12 - Steel Plant 2,21.32,81.646,2026-03-13T21:00,NO2,32.8,ug/m3,open-meteo-cams
f0f47166-8906-4551-a076-464ad40c4aeb,Stack 12 - Steel Plant 2,21.32,81.646,2026-03-13T21:00,SO2,9.3,ug/m3,open-meteo-cams
f0f47166-8906-4551-a076-464ad40c4aeb,Stack 12 - Steel Plant 2,21.32,81.646,2026-03-13T22:00,PM2.5,63.3,ug/m3,open-meteo-cams
f0f47166-8906-4551-a076-464ad40c4aeb,Stack 12 - Steel Plant 2,21.32,81.646,2026-03-13T22:00,NO2,35.6,ug/m3,open-meteo-cams
f0f47166-8906-4551-a076-464ad40c4aeb,Stack 12 - Steel Plant 2,21.32,81.646,2026-03-13T22:00,SO2,9.4,ug/m3,open-meteo-cams
f0f47166-8906-4551-a076-464ad40c4aeb,Stack 12 - Steel Plant 2,21.32,81.646,2026-03-13T23:00,PM2.5,67.8,ug/m3,open-meteo-cams
f0f47166-8906-4551-a076-464ad40c4aeb,Stack 12 - Steel Plant 2,21.32,81.646,2026-03-13T23:00,NO2,37.9,ug/m3,open-meteo-cams
f0f47166-8906-4551-a076-464ad40c4aeb,Stack 12 - Steel Plant 2,21.32,81.646,2026-03-13T23:00,SO2,9.4,ug/m3,open-meteo-cams
f0f47166-8906-4551-a076-464ad40c4aeb,Stack 12 - Steel Plant 2,21.32,81.646,2026-03-14T00:00,PM2.5,63.8,ug/m3,open-meteo-cams
f0f47166-8906-4551-a076-464ad40c4aeb,Stack 12 - Steel Plant 2,21.32,81.646,2026-03-14T00:00,NO2,38.7,ug/m3,open-meteo-cams
f0f47166-8906-4551-a076-464ad40c4aeb,Stack 12 - Steel Plant 2,21.32,81.646,2026-03-14T00:00,SO2,9.5,ug/m3,open-meteo-cams
f0f47166-8906-4551-a076-464ad40c4aeb,Stack 12 - Steel Plant 2,21.32,81.646,2026-03-14T01:00,PM2.5,55.5,ug/m3,open-meteo-cams
f0f47166-8906-4551-a076-464ad40c4aeb,Stack 12 - Steel Plant 2,21.32,81.646,2026-03-14T01:00,NO2,37.5,ug/m3,open-meteo-cams
f0f47166-8906-4551-a076-464ad40c4aeb,Stack 12 - Steel Plant 2,21.32,81.646,2026-03-14T01:00,SO2,9.6,ug/m3,open-meteo-cams
f0f47166-8906-4551-a076-464ad40c4aeb,Stack 12 - Steel Plant 2,21.32,81.646,2026-03-14T02:00,PM2.5,48.8,ug/m3,open-meteo-cams
f0f47166-8906-4551-a076-464ad40c4aeb,Stack 12 - Steel Plant 2,21.32,81.646,2026-03-14T02:00,NO2,34.9,ug/m3,open-meteo-cams
f0f47166-8906-4551-a076-464ad40c4aeb,Stack 12 - Steel Plant 2,21.32,81.646,2026-03-14T02:00,SO2,9.6,ug/m3,open-meteo-cams
f0f47166-8906-4551-a076-464ad40c4aeb,Stack 12 - Steel Plant 2,21.32,81.646,2026-03-14T03:00,PM2.5,48.1,ug/m3,open-meteo-cams
f0f47166-8906-4551-a076-464ad40c4aeb,Stack 12 - Steel Plant 2,21.32,81.646,2026-03-14T03:00,NO2,31.1,ug/m3,open-meteo-cams
f0f47166-8906-4551-a076-464ad40c4aeb,Stack 12 - Steel Plant 2,21.32,81.646,2026-03-14T03:00,SO2,10.1,ug/m3,open-meteo-cams
f0f47166-8906-4551-a076-464ad40c4aeb,Stack 12 - Steel Plant 2,21.32,81.646,2026-03-14T04:00,PM2.5,48.4,ug/m3,open-meteo-cams
f0f47166-8906-4551-a076-464ad40c4aeb,Stack 12 - Steel Plant 2,21.32,81.646,2026-03-14T04:00,NO2,25.5,ug/m3,open-meteo-cams
f0f47166-8906-4551-a076-464ad40c4aeb,Stack 12 - Steel Plant 2,21.32,81.646,2026-03-14T04:00,SO2,11.5,ug/m3,open-meteo-cams
f0f47166-8906-4551-a076-464ad40c4aeb,Stack 12 - Steel Plant 2,21.32,81.646,2026-03-14T05:00,PM2.5,45.8,ug/m3,open-meteo-cams
f0f47166-8906-4551-a076-464ad40c4aeb,Stack 12 - Steel Plant 2,21.32,81.646,2026-03-14T05:00,NO2,18.8,ug/m3,open-meteo-cams
f0f47166-8906-4551-a076-464ad40c4aeb,Stack 12 - Steel Plant 2,21.32,81.646,2026-03-14T05:00,SO2,13.2,ug/m3,open-meteo-cams
f0f47166-8906-4551-a076-464ad40c4aeb,Stack 12 - Steel Plant 2,21.32,81.646,2026-03-14T06:00,PM2.5,37.8,ug/m3,open-meteo-cams
f0f47166-8906-4551-a076-464ad40c4aeb,Stack 12 - Steel Plant 2,21.32,81.646,2026-03-14T06:00,NO2,13.2,ug/m3,open-meteo-cams
f0f47166-8906-4551-a076-464ad40c4aeb,Stack 12 - Steel Plant 2,21.32,81.646,2026-03-14T06:00,SO2,13.9,ug/m3,open-meteo-cams
f0f47166-8906-4551-a076-464ad40c4aeb,Stack 12 - Steel Plant 2,21.32,81.646,2026-03-14T07:00,PM2.5,31.8,ug/m3,open-meteo-cams
f0f47166-8906-4551-a076-464ad40c4aeb,Stack 12 - Steel Plant 2,21.32,81.646,2026-03-14T07:00,NO2,9.2,ug/m3,open-meteo-cams
f0f47166-8906-4551-a076-464ad40c4aeb,Stack 12 - Steel Plant 2,21.32,81.646,2026-03-14T07:00,SO2,12.5,ug/m3,open-meteo-cams
f0f47166-8906-4551-a076-464ad40c4aeb,Stack 12 - Steel Plant 2,21.32,81.646,2026-03-14T08:00,PM2.5,23.3,ug/m3,open-meteo-cams
f0f47166-8906-4551-a076-464ad40c4aeb,Stack 12 - Steel Plant 2,21.32,81.646,2026-03-14T08:00,NO2,6.5,ug/m3,open-meteo-cams
f0f47166-8906-4551-a076-464ad40c4aeb,Stack 12 - Steel Plant 2,21.32,81.646,2026-03-14T08:00,SO2,10.0,ug/m3,open-meteo-cams
f0f47166-8906-4551-a076-464ad40c4aeb,Stack 12 - Steel Plant 2,21.32,81.646,2026-03-14T09:00,PM2.5,20.7,ug/m3,open-meteo-cams
f0f47166-8906-4551-a076-464ad40c4aeb,Stack 12 - Steel Plant 2,21.32,81.646,2026-03-14T09:00,NO2,5.7,ug/m3,open-meteo-cams
f0f47166-8906-4551-a076-464ad40c4aeb,Stack 12 - Steel Plant 2,21.32,81.646,2026-03-14T09:00,SO2,8.2,ug/m3,open-meteo-cams
f0f47166-8906-4551-a076-464ad40c4aeb,Stack 12 - Steel Plant 2,21.32,81.646,2026-03-14T10:00,PM2.5,20.3,ug/m3,open-meteo-cams
f0f47166-8906-4551-a076-464ad40c4aeb,Stack 12 - Steel Plant 2,21.32,81.646,2026-03-14T10:00,NO2,7.9,ug/m3,open-meteo-cams
f0f47166-8906-4551-a076-464ad40c4aeb,Stack 12 - Steel Plant 2,21.32,81.646,2026-03-14T10:00,SO2,7.8,ug/m3,open-meteo-cams
f0f47166-8906-4551-a076-464ad40c4aeb,Stack 12 - Steel Plant 2,21.32,81.646,2026-03-14T11:00,PM2.5,20.8,ug/m3,open-meteo-cams
f0f47166-8906-4551-a076-464ad40c4aeb,Stack 12 - Steel Plant 2,21.32,81.646,2026-03-14T11:00,NO2,12.2,ug/m3,open-meteo-cams
f0f47166-8906-4551-a076-464ad40c4aeb,Stack 12 - Steel Plant 2,21.32,81.646,2026-03-14T11:00,SO2,8.1,ug/m3,open-meteo-cams
f0f47166-8906-4551-a076-464ad40c4aeb,Stack 12 - Steel Plant 2,21.32,81.646,2026-03-14T12:00,PM2.5,28.7,ug/m3,open-meteo-cams
f0f47166-8906-4551-a076-464ad40c4aeb,Stack 12 - Steel Plant 2,21.32,81.646,2026-03-14T12:00,NO2,16.6,ug/m3,open-meteo-cams
f0f47166-8906-4551-a076-464ad40c4aeb,Stack 12 - Steel Plant 2,21.32,81.646,2026-03-14T12:00,SO2,8.8,ug/m3,open-meteo-cams
f0f47166-8906-4551-a076-464ad40c4aeb,Stack 12 - Steel Plant 2,21.32,81.646,2026-03-14T13:00,PM2.5,41.1,ug/m3,open-meteo-cams
f0f47166-8906-4551-a076-464ad40c4aeb,Stack 12 - Steel Plant 2,21.32,81.646,2026-03-14T13:00,NO2,20.7,ug/m3,open-meteo-cams
f0f47166-8906-4551-a076-464ad40c4aeb,Stack 12 - Steel Plant 2,21.32,81.646,2026-03-14T13:00,SO2,10.1,ug/m3,open-meteo-cams
f0f47166-8906-4551-a076-464ad40c4aeb,Stack 12 - Steel Plant 2,21.32,81.646,2026-03-14T14:00,PM2.5,48.4,ug/m3,open-meteo-cams
f0f47166-8906-4551-a076-464ad40c4aeb,Stack 12 - Steel Plant 2,21.32,81.646,2026-03-14T14:00,NO2,24.8,ug/m3,open-meteo-cams
f0f47166-8906-4551-a076-464ad40c4aeb,Stack 12 - Steel Plant 2,21.32,81.646,2026-03-14T14:00,SO2,11.9,ug/m3,open-meteo-cams
f0f47166-8906-4551-a076-464ad40c4aeb,Stack 12 - Steel Plant 2,21.32,81.646,2026-03-14T15:00,PM2.5,51.9,ug/m3,open-meteo-cams
f0f47166-8906-4551-a076-464ad40c4aeb,Stack 12 - Steel Plant 2,21.32,81.646,2026-03-14T15:00,NO2,28.1,ug/m3,open-meteo-cams
f0f47166-8906-4551-a076-464ad40c4aeb,Stack 12 - Steel Plant 2,21.32,81.646,2026-03-14T15:00,SO2,13.1,ug/m3,open-meteo-cams
f0f47166-8906-4551-a076-464ad40c4aeb,Stack 12 - Steel Plant 2,21.32,81.646,2026-03-14T16:00,PM2.5,55.3,ug/m3,open-meteo-cams
f0f47166-8906-4551-a076-464ad40c4aeb,Stack 12 - Steel Plant 2,21.32,81.646,2026-03-14T16:00,NO2,30.2,ug/m3,open-meteo-cams
f0f47166-8906-4551-a076-464ad40c4aeb,Stack 12 - Steel Plant 2,21.32,81.646,2026-03-14T16:00,SO2,13.4,ug/m3,open-meteo-cams
f0f47166-8906-4551-a076-464ad40c4aeb,Stack 12 - Steel Plant 2,21.32,81.646,2026-03-14T17:00,PM2.5,59.3,ug/m3,open-meteo-cams
f0f47166-8906-4551-a076-464ad40c4aeb,Stack 12 - Steel Plant 2,21.32,81.646,2026-03-14T17:00,NO2,31.5,ug/m3,open-meteo-cams
f0f47166-8906-4551-a076-464ad40c4aeb,Stack 12 - Steel Plant 2,21.32,81.646,2026-03-14T17:00,SO2,13.2,ug/m3,open-meteo-cams
f0f47166-8906-4551-a076-464ad40c4aeb,Stack 12 - Steel Plant 2,21.32,81.646,2026-03-14T18:00,PM2.5,63.1,ug/m3,open-meteo-cams
f0f47166-8906-4551-a076-464ad40c4aeb,Stack 12 - Steel Plant 2,21.32,81.646,2026-03-14T18:00,NO2,32.3,ug/m3,open-meteo-cams
f0f47166-8906-4551-a076-464ad40c4aeb,Stack 12 - Steel Plant 2,21.32,81.646,2026-03-14T18:00,SO2,12.6,ug/m3,open-meteo-cams
f0f47166-8906-4551-a076-464ad40c4aeb,Stack 12 - Steel Plant 2,21.32,81.646,2026-03-14T19:00,PM2.5,62.2,ug/m3,open-meteo-cams
f0f47166-8906-4551-a076-464ad40c4aeb,Stack 12 - Steel Plant 2,21.32,81.646,2026-03-14T19:00,NO2,32.9,ug/m3,open-meteo-cams
f0f47166-8906-4551-a076-464ad40c4aeb,Stack 12 - Steel Plant 2,21.32,81.646,2026-03-14T19:00,SO2,11.6,ug/m3,open-meteo-cams
f0f47166-8906-4551-a076-464ad40c4aeb,Stack 12 - Steel Plant 2,21.32,81.646,2026-03-14T20:00,PM2.5,56.8,ug/m3,open-meteo-cams
f0f47166-8906-4551-a076-464ad40c4aeb,Stack 12 - Steel Plant 2,21.32,81.646,2026-03-14T20:00,NO2,33.0,ug/m3,open-meteo-cams
f0f47166-8906-4551-a076-464ad40c4aeb,Stack 12 - Steel Plant 2,21.32,81.646,2026-03-14T20:00,SO2,10.3,ug/m3,open-meteo-cams
f0f47166-8906-4551-a076-464ad40c4aeb,Stack 12 - Steel Plant 2,21.32,81.646,2026-03-14T21:00,PM2.5,51.8,ug/m3,open-meteo-cams
f0f47166-8906-4551-a076-464ad40c4aeb,Stack 12 - Steel Plant 2,21.32,81.646,2026-03-14T21:00,NO2,32.3,ug/m3,open-meteo-cams
f0f47166-8906-4551-a076-464ad40c4aeb,Stack 12 - Steel Plant 2,21.32,81.646,2026-03-14T21:00,SO2,9.3,ug/m3,open-meteo-cams
f0f47166-8906-4551-a076-464ad40c4aeb,Stack 12 - Steel Plant 2,21.32,81.646,2026-03-14T22:00,PM2.5,46.4,ug/m3,open-meteo-cams
f0f47166-8906-4551-a076-464ad40c4aeb,Stack 12 - Steel Plant 2,21.32,81.646,2026-03-14T22:00,NO2,30.2,ug/m3,open-meteo-cams
f0f47166-8906-4551-a076-464ad40c4aeb,Stack 12 - Steel Plant 2,21.32,81.646,2026-03-14T22:00,SO2,8.8,ug/m3,open-meteo-cams
f0f47166-8906-4551-a076-464ad40c4aeb,Stack 12 - Steel Plant 2,21.32,81.646,2026-03-14T23:00,PM2.5,42.6,ug/m3,open-meteo-cams
f0f47166-8906-4551-a076-464ad40c4aeb,Stack 12 - Steel Plant 2,21.32,81.646,2026-03-14T23:00,NO2,27.2,ug/m3,open-meteo-cams
f0f47166-8906-4551-a076-464ad40c4aeb,Stack 12 - Steel Plant 2,21.32,81.646,2026-03-14T23:00,SO2,8.6,ug/m3,open-meteo-cams
34627a9b-2c1e-41b7-9a2b-4494cd4ae2ba,Stack 13 - Steel Plant 3,21.33,81.654,2026-03-13T00:00,PM2.5,64.7,ug/m3,open-meteo-cams
34627a9b-2c1e-41b7-9a2b-4494cd4ae2ba,Stack 13 - Steel Plant 3,21.33,81.654,2026-03-13T00:00,NO2,39.4,ug/m3,open-meteo-cams
34627a9b-2c1e-41b7-9a2b-4494cd4ae2ba,Stack 13 - Steel Plant 3,21.33,81.654,2026-03-13T00:00,SO2,9.3,ug/m3,open-meteo-cams
34627a9b-2c1e-41b7-9a2b-4494cd4ae2ba,Stack 13 - Steel Plant 3,21.33,81.654,2026-03-13T01:00,PM2.5,72.6,ug/m3,open-meteo-cams
34627a9b-2c1e-41b7-9a2b-4494cd4ae2ba,Stack 13 - Steel Plant 3,21.33,81.654,2026-03-13T01:00,NO2,43.2,ug/m3,open-meteo-cams
34627a9b-2c1e-41b7-9a2b-4494cd4ae2ba,Stack 13 - Steel Plant 3,21.33,81.654,2026-03-13T01:00,SO2,10.7,ug/m3,open-meteo-cams
34627a9b-2c1e-41b7-9a2b-4494cd4ae2ba,Stack 13 - Steel Plant 3,21.33,81.654,2026-03-13T02:00,PM2.5,78.7,ug/m3,open-meteo-cams
34627a9b-2c1e-41b7-9a2b-4494cd4ae2ba,Stack 13 - Steel Plant 3,21.33,81.654,2026-03-13T02:00,NO2,48.0,ug/m3,open-meteo-cams
34627a9b-2c1e-41b7-9a2b-4494cd4ae2ba,Stack 13 - Steel Plant 3,21.33,81.654,2026-03-13T02:00,SO2,12.6,ug/m3,open-meteo-cams
34627a9b-2c1e-41b7-9a2b-4494cd4ae2ba,Stack 13 - Steel Plant 3,21.33,81.654,2026-03-13T03:00,PM2.5,73.8,ug/m3,open-meteo-cams
34627a9b-2c1e-41b7-9a2b-4494cd4ae2ba,Stack 13 - Steel Plant 3,21.33,81.654,2026-03-13T03:00,NO2,47.9,ug/m3,open-meteo-cams
34627a9b-2c1e-41b7-9a2b-4494cd4ae2ba,Stack 13 - Steel Plant 3,21.33,81.654,2026-03-13T03:00,SO2,13.9,ug/m3,open-meteo-cams
34627a9b-2c1e-41b7-9a2b-4494cd4ae2ba,Stack 13 - Steel Plant 3,21.33,81.654,2026-03-13T04:00,PM2.5,68.9,ug/m3,open-meteo-cams
34627a9b-2c1e-41b7-9a2b-4494cd4ae2ba,Stack 13 - Steel Plant 3,21.33,81.654,2026-03-13T04:00,NO2,38.1,ug/m3,open-meteo-cams
34627a9b-2c1e-41b7-9a2b-4494cd4ae2ba,Stack 13 - Steel Plant 3,21.33,81.654,2026-03-13T04:00,SO2,14.0,ug/m3,open-meteo-cams
34627a9b-2c1e-41b7-9a2b-4494cd4ae2ba,Stack 13 - Steel Plant 3,21.33,81.654,2026-03-13T05:00,PM2.5,46.1,ug/m3,open-meteo-cams
34627a9b-2c1e-41b7-9a2b-4494cd4ae2ba,Stack 13 - Steel Plant 3,21.33,81.654,2026-03-13T05:00,NO2,23.4,ug/m3,open-meteo-cams
34627a9b-2c1e-41b7-9a2b-4494cd4ae2ba,Stack 13 - Steel Plant 3,21.33,81.654,2026-03-13T05:00,SO2,13.4,ug/m3,open-meteo-cams
34627a9b-2c1e-41b7-9a2b-4494cd4ae2ba,Stack 13 - Steel Plant 3,21.33,81.654,2026-03-13T06:00,PM2.5,25.9,ug/m3,open-meteo-cams
34627a9b-2c1e-41b7-9a2b-4494cd4ae2ba,Stack 13 - Steel Plant 3,21.33,81.654,2026-03-13T06:00,NO2,12.2,ug/m3,open-meteo-cams
34627a9b-2c1e-41b7-9a2b-4494cd4ae2ba,Stack 13 - Steel Plant 3,21.33,81.654,2026-03-13T06:00,SO2,12.6,ug/m3,open-meteo-cams
34627a9b-2c1e-41b7-9a2b-4494cd4ae2ba,Stack 13 - Steel Plant 3,21.33,81.654,2026-03-13T07:00,PM2.5,21.5,ug/m3,open-meteo-cams
34627a9b-2c1e-41b7-9a2b-4494cd4ae2ba,Stack 13 - Steel Plant 3,21.33,81.654,2026-03-13T07:00,NO2,8.0,ug/m3,open-meteo-cams
34627a9b-2c1e-41b7-9a2b-4494cd4ae2ba,Stack 13 - Steel Plant 3,21.33,81.654,2026-03-13T07:00,SO2,11.3,ug/m3,open-meteo-cams
34627a9b-2c1e-41b7-9a2b-4494cd4ae2ba,Stack 13 - Steel Plant 3,21.33,81.654,2026-03-13T08:00,PM2.5,21.0,ug/m3,open-meteo-cams
34627a9b-2c1e-41b7-9a2b-4494cd4ae2ba,Stack 13 - Steel Plant 3,21.33,81.654,2026-03-13T08:00,NO2,7.4,ug/m3,open-meteo-cams
34627a9b-2c1e-41b7-9a2b-4494cd4ae2ba,Stack 13 - Steel Plant 3,21.33,81.654,2026-03-13T08:00,SO2,9.8,ug/m3,open-meteo-cams
34627a9b-2c1e-41b7-9a2b-4494cd4ae2ba,Stack 13 - Steel Plant 3,21.33,81.654,2026-03-13T09:00,PM2.5,21.1,ug/m3,open-meteo-cams
34627a9b-2c1e-41b7-9a2b-4494cd4ae2ba,Stack 13 - Steel Plant 3,21.33,81.654,2026-03-13T09:00,NO2,8.5,ug/m3,open-meteo-cams
34627a9b-2c1e-41b7-9a2b-4494cd4ae2ba,Stack 13 - Steel Plant 3,21.33,81.654,2026-03-13T09:00,SO2,8.7,ug/m3,open-meteo-cams
34627a9b-2c1e-41b7-9a2b-4494cd4ae2ba,Stack 13 - Steel Plant 3,21.33,81.654,2026-03-13T10:00,PM2.5,21.1,ug/m3,open-meteo-cams
34627a9b-2c1e-41b7-9a2b-4494cd4ae2ba,Stack 13 - Steel Plant 3,21.33,81.654,2026-03-13T10:00,NO2,11.5,ug/m3,open-meteo-cams
34627a9b-2c1e-41b7-9a2b-4494cd4ae2ba,Stack 13 - Steel Plant 3,21.33,81.654,2026-03-13T10:00,SO2,8.4,ug/m3,open-meteo-cams
34627a9b-2c1e-41b7-9a2b-4494cd4ae2ba,Stack 13 - Steel Plant 3,21.33,81.654,2026-03-13T11:00,PM2.5,21.4,ug/m3,open-meteo-cams
34627a9b-2c1e-41b7-9a2b-4494cd4ae2ba,Stack 13 - Steel Plant 3,21.33,81.654,2026-03-13T11:00,NO2,16.2,ug/m3,open-meteo-cams
34627a9b-2c1e-41b7-9a2b-4494cd4ae2ba,Stack 13 - Steel Plant 3,21.33,81.654,2026-03-13T11:00,SO2,8.5,ug/m3,open-meteo-cams
34627a9b-2c1e-41b7-9a2b-4494cd4ae2ba,Stack 13 - Steel Plant 3,21.33,81.654,2026-03-13T12:00,PM2.5,29.5,ug/m3,open-meteo-cams
34627a9b-2c1e-41b7-9a2b-4494cd4ae2ba,Stack 13 - Steel Plant 3,21.33,81.654,2026-03-13T12:00,NO2,20.2,ug/m3,open-meteo-cams
34627a9b-2c1e-41b7-9a2b-4494cd4ae2ba,Stack 13 - Steel Plant 3,21.33,81.654,2026-03-13T12:00,SO2,8.9,ug/m3,open-meteo-cams
34627a9b-2c1e-41b7-9a2b-4494cd4ae2ba,Stack 13 - Steel Plant 3,21.33,81.654,2026-03-13T13:00,PM2.5,42.5,ug/m3,open-meteo-cams
34627a9b-2c1e-41b7-9a2b-4494cd4ae2ba,Stack 13 - Steel Plant 3,21.33,81.654,2026-03-13T13:00,NO2,22.7,ug/m3,open-meteo-cams
34627a9b-2c1e-41b7-9a2b-4494cd4ae2ba,Stack 13 - Steel Plant 3,21.33,81.654,2026-03-13T13:00,SO2,9.8,ug/m3,open-meteo-cams
34627a9b-2c1e-41b7-9a2b-4494cd4ae2ba,Stack 13 - Steel Plant 3,21.33,81.654,2026-03-13T14:00,PM2.5,45.5,ug/m3,open-meteo-cams
34627a9b-2c1e-41b7-9a2b-4494cd4ae2ba,Stack 13 - Steel Plant 3,21.33,81.654,2026-03-13T14:00,NO2,24.5,ug/m3,open-meteo-cams
34627a9b-2c1e-41b7-9a2b-4494cd4ae2ba,Stack 13 - Steel Plant 3,21.33,81.654,2026-03-13T14:00,SO2,10.9,ug/m3,open-meteo-cams
34627a9b-2c1e-41b7-9a2b-4494cd4ae2ba,Stack 13 - Steel Plant 3,21.33,81.654,2026-03-13T15:00,PM2.5,43.8,ug/m3,open-meteo-cams
34627a9b-2c1e-41b7-9a2b-4494cd4ae2ba,Stack 13 - Steel Plant 3,21.33,81.654,2026-03-13T15:00,NO2,25.3,ug/m3,open-meteo-cams
34627a9b-2c1e-41b7-9a2b-4494cd4ae2ba,Stack 13 - Steel Plant 3,21.33,81.654,2026-03-13T15:00,SO2,11.5,ug/m3,open-meteo-cams
34627a9b-2c1e-41b7-9a2b-4494cd4ae2ba,Stack 13 - Steel Plant 3,21.33,81.654,2026-03-13T16:00,PM2.5,42.6,ug/m3,open-meteo-cams
34627a9b-2c1e-41b7-9a2b-4494cd4ae2ba,Stack 13 - Steel Plant 3,21.33,81.654,2026-03-13T16:00,NO2,24.3,ug/m3,open-meteo-cams
34627a9b-2c1e-41b7-9a2b-4494cd4ae2ba,Stack 13 - Steel Plant 3,21.33,81.654,2026-03-13T16:00,SO2,11.0,ug/m3,open-meteo-cams
34627a9b-2c1e-41b7-9a2b-4494cd4ae2ba,Stack 13 - Steel Plant 3,21.33,81.654,2026-03-13T17:00,PM2.5,42.4,ug/m3,open-meteo-cams
34627a9b-2c1e-41b7-9a2b-4494cd4ae2ba,Stack 13 - Steel Plant 3,21.33,81.654,2026-03-13T17:00,NO2,22.3,ug/m3,open-meteo-cams
34627a9b-2c1e-41b7-9a2b-4494cd4ae2ba,Stack 13 - Steel Plant 3,21.33,81.654,2026-03-13T17:00,SO2,9.9,ug/m3,open-meteo-cams
34627a9b-2c1e-41b7-9a2b-4494cd4ae2ba,Stack 13 - Steel Plant 3,21.33,81.654,2026-03-13T18:00,PM2.5,43.2,ug/m3,open-meteo-cams
34627a9b-2c1e-41b7-9a2b-4494cd4ae2ba,Stack 13 - Steel Plant 3,21.33,81.654,2026-03-13T18:00,NO2,21.9,ug/m3,open-meteo-cams
34627a9b-2c1e-41b7-9a2b-4494cd4ae2ba,Stack 13 - Steel Plant 3,21.33,81.654,2026-03-13T18:00,SO2,9.1,ug/m3,open-meteo-cams
34627a9b-2c1e-41b7-9a2b-4494cd4ae2ba,Stack 13 - Steel Plant 3,21.33,81.654,2026-03-13T19:00,PM2.5,45.4,ug/m3,open-meteo-cams
34627a9b-2c1e-41b7-9a2b-4494cd4ae2ba,Stack 13 - Steel Plant 3,21.33,81.654,2026-03-13T19:00,NO2,24.7,ug/m3,open-meteo-cams
34627a9b-2c1e-41b7-9a2b-4494cd4ae2ba,Stack 13 - Steel Plant 3,21.33,81.654,2026-03-13T19:00,SO2,9.0,ug/m3,open-meteo-cams
34627a9b-2c1e-41b7-9a2b-4494cd4ae2ba,Stack 13 - Steel Plant 3,21.33,81.654,2026-03-13T20:00,PM2.5,51.6,ug/m3,open-meteo-cams
34627a9b-2c1e-41b7-9a2b-4494cd4ae2ba,Stack 13 - Steel Plant 3,21.33,81.654,2026-03-13T20:00,NO2,29.0,ug/m3,open-meteo-cams
34627a9b-2c1e-41b7-9a2b-4494cd4ae2ba,Stack 13 - Steel Plant 3,21.33,81.654,2026-03-13T20:00,SO2,9.1,ug/m3,open-meteo-cams
34627a9b-2c1e-41b7-9a2b-4494cd4ae2ba,Stack 13 - Steel Plant 3,21.33,81.654,2026-03-13T21:00,PM2.5,57.5,ug/m3,open-meteo-cams
34627a9b-2c1e-41b7-9a2b-4494cd4ae2ba,Stack 13 - Steel Plant 3,21.33,81.654,2026-03-13T21:00,NO2,32.8,ug/m3,open-meteo-cams
34627a9b-2c1e-41b7-9a2b-4494cd4ae2ba,Stack 13 - Steel Plant 3,21.33,81.654,2026-03-13T21:00,SO2,9.3,ug/m3,open-meteo-cams
34627a9b-2c1e-41b7-9a2b-4494cd4ae2ba,Stack 13 - Steel Plant 3,21.33,81.654,2026-03-13T22:00,PM2.5,63.3,ug/m3,open-meteo-cams
34627a9b-2c1e-41b7-9a2b-4494cd4ae2ba,Stack 13 - Steel Plant 3,21.33,81.654,2026-03-13T22:00,NO2,35.6,ug/m3,open-meteo-cams
34627a9b-2c1e-41b7-9a2b-4494cd4ae2ba,Stack 13 - Steel Plant 3,21.33,81.654,2026-03-13T22:00,SO2,9.4,ug/m3,open-meteo-cams
34627a9b-2c1e-41b7-9a2b-4494cd4ae2ba,Stack 13 - Steel Plant 3,21.33,81.654,2026-03-13T23:00,PM2.5,67.8,ug/m3,open-meteo-cams
34627a9b-2c1e-41b7-9a2b-4494cd4ae2ba,Stack 13 - Steel Plant 3,21.33,81.654,2026-03-13T23:00,NO2,37.9,ug/m3,open-meteo-cams
34627a9b-2c1e-41b7-9a2b-4494cd4ae2ba,Stack 13 - Steel Plant 3,21.33,81.654,2026-03-13T23:00,SO2,9.4,ug/m3,open-meteo-cams
34627a9b-2c1e-41b7-9a2b-4494cd4ae2ba,Stack 13 - Steel Plant 3,21.33,81.654,2026-03-14T00:00,PM2.5,63.8,ug/m3,open-meteo-cams
34627a9b-2c1e-41b7-9a2b-4494cd4ae2ba,Stack 13 - Steel Plant 3,21.33,81.654,2026-03-14T00:00,NO2,38.7,ug/m3,open-meteo-cams
34627a9b-2c1e-41b7-9a2b-4494cd4ae2ba,Stack 13 - Steel Plant 3,21.33,81.654,2026-03-14T00:00,SO2,9.5,ug/m3,open-meteo-cams
34627a9b-2c1e-41b7-9a2b-4494cd4ae2ba,Stack 13 - Steel Plant 3,21.33,81.654,2026-03-14T01:00,PM2.5,55.5,ug/m3,open-meteo-cams
34627a9b-2c1e-41b7-9a2b-4494cd4ae2ba,Stack 13 - Steel Plant 3,21.33,81.654,2026-03-14T01:00,NO2,37.5,ug/m3,open-meteo-cams
34627a9b-2c1e-41b7-9a2b-4494cd4ae2ba,Stack 13 - Steel Plant 3,21.33,81.654,2026-03-14T01:00,SO2,9.6,ug/m3,open-meteo-cams
34627a9b-2c1e-41b7-9a2b-4494cd4ae2ba,Stack 13 - Steel Plant 3,21.33,81.654,2026-03-14T02:00,PM2.5,48.8,ug/m3,open-meteo-cams
34627a9b-2c1e-41b7-9a2b-4494cd4ae2ba,Stack 13 - Steel Plant 3,21.33,81.654,2026-03-14T02:00,NO2,34.9,ug/m3,open-meteo-cams
34627a9b-2c1e-41b7-9a2b-4494cd4ae2ba,Stack 13 - Steel Plant 3,21.33,81.654,2026-03-14T02:00,SO2,9.6,ug/m3,open-meteo-cams
34627a9b-2c1e-41b7-9a2b-4494cd4ae2ba,Stack 13 - Steel Plant 3,21.33,81.654,2026-03-14T03:00,PM2.5,48.1,ug/m3,open-meteo-cams
34627a9b-2c1e-41b7-9a2b-4494cd4ae2ba,Stack 13 - Steel Plant 3,21.33,81.654,2026-03-14T03:00,NO2,31.1,ug/m3,open-meteo-cams
34627a9b-2c1e-41b7-9a2b-4494cd4ae2ba,Stack 13 - Steel Plant 3,21.33,81.654,2026-03-14T03:00,SO2,10.1,ug/m3,open-meteo-cams
34627a9b-2c1e-41b7-9a2b-4494cd4ae2ba,Stack 13 - Steel Plant 3,21.33,81.654,2026-03-14T04:00,PM2.5,48.4,ug/m3,open-meteo-cams
34627a9b-2c1e-41b7-9a2b-4494cd4ae2ba,Stack 13 - Steel Plant 3,21.33,81.654,2026-03-14T04:00,NO2,25.5,ug/m3,open-meteo-cams
34627a9b-2c1e-41b7-9a2b-4494cd4ae2ba,Stack 13 - Steel Plant 3,21.33,81.654,2026-03-14T04:00,SO2,11.5,ug/m3,open-meteo-cams
34627a9b-2c1e-41b7-9a2b-4494cd4ae2ba,Stack 13 - Steel Plant 3,21.33,81.654,2026-03-14T05:00,PM2.5,45.8,ug/m3,open-meteo-cams
34627a9b-2c1e-41b7-9a2b-4494cd4ae2ba,Stack 13 - Steel Plant 3,21.33,81.654,2026-03-14T05:00,NO2,18.8,ug/m3,open-meteo-cams
34627a9b-2c1e-41b7-9a2b-4494cd4ae2ba,Stack 13 - Steel Plant 3,21.33,81.654,2026-03-14T05:00,SO2,13.2,ug/m3,open-meteo-cams
34627a9b-2c1e-41b7-9a2b-4494cd4ae2ba,Stack 13 - Steel Plant 3,21.33,81.654,2026-03-14T06:00,PM2.5,37.8,ug/m3,open-meteo-cams
34627a9b-2c1e-41b7-9a2b-4494cd4ae2ba,Stack 13 - Steel Plant 3,21.33,81.654,2026-03-14T06:00,NO2,13.2,ug/m3,open-meteo-cams
34627a9b-2c1e-41b7-9a2b-4494cd4ae2ba,Stack 13 - Steel Plant 3,21.33,81.654,2026-03-14T06:00,SO2,13.9,ug/m3,open-meteo-cams
34627a9b-2c1e-41b7-9a2b-4494cd4ae2ba,Stack 13 - Steel Plant 3,21.33,81.654,2026-03-14T07:00,PM2.5,31.8,ug/m3,open-meteo-cams
34627a9b-2c1e-41b7-9a2b-4494cd4ae2ba,Stack 13 - Steel Plant 3,21.33,81.654,2026-03-14T07:00,NO2,9.2,ug/m3,open-meteo-cams
34627a9b-2c1e-41b7-9a2b-4494cd4ae2ba,Stack 13 - Steel Plant 3,21.33,81.654,2026-03-14T07:00,SO2,12.5,ug/m3,open-meteo-cams
34627a9b-2c1e-41b7-9a2b-4494cd4ae2ba,Stack 13 - Steel Plant 3,21.33,81.654,2026-03-14T08:00,PM2.5,23.3,ug/m3,open-meteo-cams
34627a9b-2c1e-41b7-9a2b-4494cd4ae2ba,Stack 13 - Steel Plant 3,21.33,81.654,2026-03-14T08:00,NO2,6.5,ug/m3,open-meteo-cams
34627a9b-2c1e-41b7-9a2b-4494cd4ae2ba,Stack 13 - Steel Plant 3,21.33,81.654,2026-03-14T08:00,SO2,10.0,ug/m3,open-meteo-cams
34627a9b-2c1e-41b7-9a2b-4494cd4ae2ba,Stack 13 - Steel Plant 3,21.33,81.654,2026-03-14T09:00,PM2.5,20.7,ug/m3,open-meteo-cams
34627a9b-2c1e-41b7-9a2b-4494cd4ae2ba,Stack 13 - Steel Plant 3,21.33,81.654,2026-03-14T09:00,NO2,5.7,ug/m3,open-meteo-cams
34627a9b-2c1e-41b7-9a2b-4494cd4ae2ba,Stack 13 - Steel Plant 3,21.33,81.654,2026-03-14T09:00,SO2,8.2,ug/m3,open-meteo-cams
34627a9b-2c1e-41b7-9a2b-4494cd4ae2ba,Stack 13 - Steel Plant 3,21.33,81.654,2026-03-14T10:00,PM2.5,20.3,ug/m3,open-meteo-cams
34627a9b-2c1e-41b7-9a2b-4494cd4ae2ba,Stack 13 - Steel Plant 3,21.33,81.654,2026-03-14T10:00,NO2,7.9,ug/m3,open-meteo-cams
34627a9b-2c1e-41b7-9a2b-4494cd4ae2ba,Stack 13 - Steel Plant 3,21.33,81.654,2026-03-14T10:00,SO2,7.8,ug/m3,open-meteo-cams
34627a9b-2c1e-41b7-9a2b-4494cd4ae2ba,Stack 13 - Steel Plant 3,21.33,81.654,2026-03-14T11:00,PM2.5,20.8,ug/m3,open-meteo-cams
34627a9b-2c1e-41b7-9a2b-4494cd4ae2ba,Stack 13 - Steel Plant 3,21.33,81.654,2026-03-14T11:00,NO2,12.2,ug/m3,open-meteo-cams
34627a9b-2c1e-41b7-9a2b-4494cd4ae2ba,Stack 13 - Steel Plant 3,21.33,81.654,2026-03-14T11:00,SO2,8.1,ug/m3,open-meteo-cams
34627a9b-2c1e-41b7-9a2b-4494cd4ae2ba,Stack 13 - Steel Plant 3,21.33,81.654,2026-03-14T12:00,PM2.5,28.7,ug/m3,open-meteo-cams
34627a9b-2c1e-41b7-9a2b-4494cd4ae2ba,Stack 13 - Steel Plant 3,21.33,81.654,2026-03-14T12:00,NO2,16.6,ug/m3,open-meteo-cams
34627a9b-2c1e-41b7-9a2b-4494cd4ae2ba,Stack 13 - Steel Plant 3,21.33,81.654,2026-03-14T12:00,SO2,8.8,ug/m3,open-meteo-cams
34627a9b-2c1e-41b7-9a2b-4494cd4ae2ba,Stack 13 - Steel Plant 3,21.33,81.654,2026-03-14T13:00,PM2.5,41.1,ug/m3,open-meteo-cams
34627a9b-2c1e-41b7-9a2b-4494cd4ae2ba,Stack 13 - Steel Plant 3,21.33,81.654,2026-03-14T13:00,NO2,20.7,ug/m3,open-meteo-cams
34627a9b-2c1e-41b7-9a2b-4494cd4ae2ba,Stack 13 - Steel Plant 3,21.33,81.654,2026-03-14T13:00,SO2,10.1,ug/m3,open-meteo-cams
34627a9b-2c1e-41b7-9a2b-4494cd4ae2ba,Stack 13 - Steel Plant 3,21.33,81.654,2026-03-14T14:00,PM2.5,48.4,ug/m3,open-meteo-cams
34627a9b-2c1e-41b7-9a2b-4494cd4ae2ba,Stack 13 - Steel Plant 3,21.33,81.654,2026-03-14T14:00,NO2,24.8,ug/m3,open-meteo-cams
34627a9b-2c1e-41b7-9a2b-4494cd4ae2ba,Stack 13 - Steel Plant 3,21.33,81.654,2026-03-14T14:00,SO2,11.9,ug/m3,open-meteo-cams
34627a9b-2c1e-41b7-9a2b-4494cd4ae2ba,Stack 13 - Steel Plant 3,21.33,81.654,2026-03-14T15:00,PM2.5,51.9,ug/m3,open-meteo-cams
34627a9b-2c1e-41b7-9a2b-4494cd4ae2ba,Stack 13 - Steel Plant 3,21.33,81.654,2026-03-14T15:00,NO2,28.1,ug/m3,open-meteo-cams
34627a9b-2c1e-41b7-9a2b-4494cd4ae2ba,Stack 13 - Steel Plant 3,21.33,81.654,2026-03-14T15:00,SO2,13.1,ug/m3,open-meteo-cams
34627a9b-2c1e-41b7-9a2b-4494cd4ae2ba,Stack 13 - Steel Plant 3,21.33,81.654,2026-03-14T16:00,PM2.5,55.3,ug/m3,open-meteo-cams
34627a9b-2c1e-41b7-9a2b-4494cd4ae2ba,Stack 13 - Steel Plant 3,21.33,81.654,2026-03-14T16:00,NO2,30.2,ug/m3,open-meteo-cams
34627a9b-2c1e-41b7-9a2b-4494cd4ae2ba,Stack 13 - Steel Plant 3,21.33,81.654,2026-03-14T16:00,SO2,13.4,ug/m3,open-meteo-cams
34627a9b-2c1e-41b7-9a2b-4494cd4ae2ba,Stack 13 - Steel Plant 3,21.33,81.654,2026-03-14T17:00,PM2.5,59.3,ug/m3,open-meteo-cams
34627a9b-2c1e-41b7-9a2b-4494cd4ae2ba,Stack 13 - Steel Plant 3,21.33,81.654,2026-03-14T17:00,NO2,31.5,ug/m3,open-meteo-cams
34627a9b-2c1e-41b7-9a2b-4494cd4ae2ba,Stack 13 - Steel Plant 3,21.33,81.654,2026-03-14T17:00,SO2,13.2,ug/m3,open-meteo-cams
34627a9b-2c1e-41b7-9a2b-4494cd4ae2ba,Stack 13 - Steel Plant 3,21.33,81.654,2026-03-14T18:00,PM2.5,63.1,ug/m3,open-meteo-cams
34627a9b-2c1e-41b7-9a2b-4494cd4ae2ba,Stack 13 - Steel Plant 3,21.33,81.654,2026-03-14T18:00,NO2,32.3,ug/m3,open-meteo-cams
34627a9b-2c1e-41b7-9a2b-4494cd4ae2ba,Stack 13 - Steel Plant 3,21.33,81.654,2026-03-14T18:00,SO2,12.6,ug/m3,open-meteo-cams
34627a9b-2c1e-41b7-9a2b-4494cd4ae2ba,Stack 13 - Steel Plant 3,21.33,81.654,2026-03-14T19:00,PM2.5,62.2,ug/m3,open-meteo-cams
34627a9b-2c1e-41b7-9a2b-4494cd4ae2ba,Stack 13 - Steel Plant 3,21.33,81.654,2026-03-14T19:00,NO2,32.9,ug/m3,open-meteo-cams
34627a9b-2c1e-41b7-9a2b-4494cd4ae2ba,Stack 13 - Steel Plant 3,21.33,81.654,2026-03-14T19:00,SO2,11.6,ug/m3,open-meteo-cams
34627a9b-2c1e-41b7-9a2b-4494cd4ae2ba,Stack 13 - Steel Plant 3,21.33,81.654,2026-03-14T20:00,PM2.5,56.8,ug/m3,open-meteo-cams
34627a9b-2c1e-41b7-9a2b-4494cd4ae2ba,Stack 13 - Steel Plant 3,21.33,81.654,2026-03-14T20:00,NO2,33.0,ug/m3,open-meteo-cams
34627a9b-2c1e-41b7-9a2b-4494cd4ae2ba,Stack 13 - Steel Plant 3,21.33,81.654,2026-03-14T20:00,SO2,10.3,ug/m3,open-meteo-cams
34627a9b-2c1e-41b7-9a2b-4494cd4ae2ba,Stack 13 - Steel Plant 3,21.33,81.654,2026-03-14T21:00,PM2.5,51.8,ug/m3,open-meteo-cams
34627a9b-2c1e-41b7-9a2b-4494cd4ae2ba,Stack 13 - Steel Plant 3,21.33,81.654,2026-03-14T21:00,NO2,32.3,ug/m3,open-meteo-cams
34627a9b-2c1e-41b7-9a2b-4494cd4ae2ba,Stack 13 - Steel Plant 3,21.33,81.654,2026-03-14T21:00,SO2,9.3,ug/m3,open-meteo-cams
34627a9b-2c1e-41b7-9a2b-4494cd4ae2ba,Stack 13 - Steel Plant 3,21.33,81.654,2026-03-14T22:00,PM2.5,46.4,ug/m3,open-meteo-cams
34627a9b-2c1e-41b7-9a2b-4494cd4ae2ba,Stack 13 - Steel Plant 3,21.33,81.654,2026-03-14T22:00,NO2,30.2,ug/m3,open-meteo-cams
34627a9b-2c1e-41b7-9a2b-4494cd4ae2ba,Stack 13 - Steel Plant 3,21.33,81.654,2026-03-14T22:00,SO2,8.8,ug/m3,open-meteo-cams
34627a9b-2c1e-41b7-9a2b-4494cd4ae2ba,Stack 13 - Steel Plant 3,21.33,81.654,2026-03-14T23:00,PM2.5,42.6,ug/m3,open-meteo-cams
34627a9b-2c1e-41b7-9a2b-4494cd4ae2ba,Stack 13 - Steel Plant 3,21.33,81.654,2026-03-14T23:00,NO2,27.2,ug/m3,open-meteo-cams
34627a9b-2c1e-41b7-9a2b-4494cd4ae2ba,Stack 13 - Steel Plant 3,21.33,81.654,2026-03-14T23:00,SO2,8.6,ug/m3,open-meteo-cams
1538b872-f2d2-49b9-9315-c2b5d1966c5b,Stack 14 - Steel Plant 4,21.34,81.662,2026-03-13T00:00,PM2.5,64.7,ug/m3,open-meteo-cams
1538b872-f2d2-49b9-9315-c2b5d1966c5b,Stack 14 - Steel Plant 4,21.34,81.662,2026-03-13T00:00,NO2,39.4,ug/m3,open-meteo-cams
1538b872-f2d2-49b9-9315-c2b5d1966c5b,Stack 14 - Steel Plant 4,21.34,81.662,2026-03-13T00:00,SO2,9.3,ug/m3,open-meteo-cams
1538b872-f2d2-49b9-9315-c2b5d1966c5b,Stack 14 - Steel Plant 4,21.34,81.662,2026-03-13T01:00,PM2.5,72.6,ug/m3,open-meteo-cams
1538b872-f2d2-49b9-9315-c2b5d1966c5b,Stack 14 - Steel Plant 4,21.34,81.662,2026-03-13T01:00,NO2,43.2,ug/m3,open-meteo-cams
1538b872-f2d2-49b9-9315-c2b5d1966c5b,Stack 14 - Steel Plant 4,21.34,81.662,2026-03-13T01:00,SO2,10.7,ug/m3,open-meteo-cams
1538b872-f2d2-49b9-9315-c2b5d1966c5b,Stack 14 - Steel Plant 4,21.34,81.662,2026-03-13T02:00,PM2.5,78.7,ug/m3,open-meteo-cams
1538b872-f2d2-49b9-9315-c2b5d1966c5b,Stack 14 - Steel Plant 4,21.34,81.662,2026-03-13T02:00,NO2,48.0,ug/m3,open-meteo-cams
1538b872-f2d2-49b9-9315-c2b5d1966c5b,Stack 14 - Steel Plant 4,21.34,81.662,2026-03-13T02:00,SO2,12.6,ug/m3,open-meteo-cams
1538b872-f2d2-49b9-9315-c2b5d1966c5b,Stack 14 - Steel Plant 4,21.34,81.662,2026-03-13T03:00,PM2.5,73.8,ug/m3,open-meteo-cams
1538b872-f2d2-49b9-9315-c2b5d1966c5b,Stack 14 - Steel Plant 4,21.34,81.662,2026-03-13T03:00,NO2,47.9,ug/m3,open-meteo-cams
1538b872-f2d2-49b9-9315-c2b5d1966c5b,Stack 14 - Steel Plant 4,21.34,81.662,2026-03-13T03:00,SO2,13.9,ug/m3,open-meteo-cams
1538b872-f2d2-49b9-9315-c2b5d1966c5b,Stack 14 - Steel Plant 4,21.34,81.662,2026-03-13T04:00,PM2.5,68.9,ug/m3,open-meteo-cams
1538b872-f2d2-49b9-9315-c2b5d1966c5b,Stack 14 - Steel Plant 4,21.34,81.662,2026-03-13T04:00,NO2,38.1,ug/m3,open-meteo-cams
1538b872-f2d2-49b9-9315-c2b5d1966c5b,Stack 14 - Steel Plant 4,21.34,81.662,2026-03-13T04:00,SO2,14.0,ug/m3,open-meteo-cams
1538b872-f2d2-49b9-9315-c2b5d1966c5b,Stack 14 - Steel Plant 4,21.34,81.662,2026-03-13T05:00,PM2.5,46.1,ug/m3,open-meteo-cams
1538b872-f2d2-49b9-9315-c2b5d1966c5b,Stack 14 - Steel Plant 4,21.34,81.662,2026-03-13T05:00,NO2,23.4,ug/m3,open-meteo-cams
1538b872-f2d2-49b9-9315-c2b5d1966c5b,Stack 14 - Steel Plant 4,21.34,81.662,2026-03-13T05:00,SO2,13.4,ug/m3,open-meteo-cams
1538b872-f2d2-49b9-9315-c2b5d1966c5b,Stack 14 - Steel Plant 4,21.34,81.662,2026-03-13T06:00,PM2.5,25.9,ug/m3,open-meteo-cams
1538b872-f2d2-49b9-9315-c2b5d1966c5b,Stack 14 - Steel Plant 4,21.34,81.662,2026-03-13T06:00,NO2,12.2,ug/m3,open-meteo-cams
1538b872-f2d2-49b9-9315-c2b5d1966c5b,Stack 14 - Steel Plant 4,21.34,81.662,2026-03-13T06:00,SO2,12.6,ug/m3,open-meteo-cams
1538b872-f2d2-49b9-9315-c2b5d1966c5b,Stack 14 - Steel Plant 4,21.34,81.662,2026-03-13T07:00,PM2.5,21.5,ug/m3,open-meteo-cams
1538b872-f2d2-49b9-9315-c2b5d1966c5b,Stack 14 - Steel Plant 4,21.34,81.662,2026-03-13T07:00,NO2,8.0,ug/m3,open-meteo-cams
1538b872-f2d2-49b9-9315-c2b5d1966c5b,Stack 14 - Steel Plant 4,21.34,81.662,2026-03-13T07:00,SO2,11.3,ug/m3,open-meteo-cams
1538b872-f2d2-49b9-9315-c2b5d1966c5b,Stack 14 - Steel Plant 4,21.34,81.662,2026-03-13T08:00,PM2.5,21.0,ug/m3,open-meteo-cams
1538b872-f2d2-49b9-9315-c2b5d1966c5b,Stack 14 - Steel Plant 4,21.34,81.662,2026-03-13T08:00,NO2,7.4,ug/m3,open-meteo-cams
1538b872-f2d2-49b9-9315-c2b5d1966c5b,Stack 14 - Steel Plant 4,21.34,81.662,2026-03-13T08:00,SO2,9.8,ug/m3,open-meteo-cams
1538b872-f2d2-49b9-9315-c2b5d1966c5b,Stack 14 - Steel Plant 4,21.34,81.662,2026-03-13T09:00,PM2.5,21.1,ug/m3,open-meteo-cams
1538b872-f2d2-49b9-9315-c2b5d1966c5b,Stack 14 - Steel Plant 4,21.34,81.662,2026-03-13T09:00,NO2,8.5,ug/m3,open-meteo-cams
1538b872-f2d2-49b9-9315-c2b5d1966c5b,Stack 14 - Steel Plant 4,21.34,81.662,2026-03-13T09:00,SO2,8.7,ug/m3,open-meteo-cams
1538b872-f2d2-49b9-9315-c2b5d1966c5b,Stack 14 - Steel Plant 4,21.34,81.662,2026-03-13T10:00,PM2.5,21.1,ug/m3,open-meteo-cams
1538b872-f2d2-49b9-9315-c2b5d1966c5b,Stack 14 - Steel Plant 4,21.34,81.662,2026-03-13T10:00,NO2,11.5,ug/m3,open-meteo-cams
1538b872-f2d2-49b9-9315-c2b5d1966c5b,Stack 14 - Steel Plant 4,21.34,81.662,2026-03-13T10:00,SO2,8.4,ug/m3,open-meteo-cams
1538b872-f2d2-49b9-9315-c2b5d1966c5b,Stack 14 - Steel Plant 4,21.34,81.662,2026-03-13T11:00,PM2.5,21.4,ug/m3,open-meteo-cams
1538b872-f2d2-49b9-9315-c2b5d1966c5b,Stack 14 - Steel Plant 4,21.34,81.662,2026-03-13T11:00,NO2,16.2,ug/m3,open-meteo-cams
1538b872-f2d2-49b9-9315-c2b5d1966c5b,Stack 14 - Steel Plant 4,21.34,81.662,2026-03-13T11:00,SO2,8.5,ug/m3,open-meteo-cams
1538b872-f2d2-49b9-9315-c2b5d1966c5b,Stack 14 - Steel Plant 4,21.34,81.662,2026-03-13T12:00,PM2.5,29.5,ug/m3,open-meteo-cams
1538b872-f2d2-49b9-9315-c2b5d1966c5b,Stack 14 - Steel Plant 4,21.34,81.662,2026-03-13T12:00,NO2,20.2,ug/m3,open-meteo-cams
1538b872-f2d2-49b9-9315-c2b5d1966c5b,Stack 14 - Steel Plant 4,21.34,81.662,2026-03-13T12:00,SO2,8.9,ug/m3,open-meteo-cams
1538b872-f2d2-49b9-9315-c2b5d1966c5b,Stack 14 - Steel Plant 4,21.34,81.662,2026-03-13T13:00,PM2.5,42.5,ug/m3,open-meteo-cams
1538b872-f2d2-49b9-9315-c2b5d1966c5b,Stack 14 - Steel Plant 4,21.34,81.662,2026-03-13T13:00,NO2,22.7,ug/m3,open-meteo-cams
1538b872-f2d2-49b9-9315-c2b5d1966c5b,Stack 14 - Steel Plant 4,21.34,81.662,2026-03-13T13:00,SO2,9.8,ug/m3,open-meteo-cams
1538b872-f2d2-49b9-9315-c2b5d1966c5b,Stack 14 - Steel Plant 4,21.34,81.662,2026-03-13T14:00,PM2.5,45.5,ug/m3,open-meteo-cams
1538b872-f2d2-49b9-9315-c2b5d1966c5b,Stack 14 - Steel Plant 4,21.34,81.662,2026-03-13T14:00,NO2,24.5,ug/m3,open-meteo-cams
1538b872-f2d2-49b9-9315-c2b5d1966c5b,Stack 14 - Steel Plant 4,21.34,81.662,2026-03-13T14:00,SO2,10.9,ug/m3,open-meteo-cams
1538b872-f2d2-49b9-9315-c2b5d1966c5b,Stack 14 - Steel Plant 4,21.34,81.662,2026-03-13T15:00,PM2.5,43.8,ug/m3,open-meteo-cams
1538b872-f2d2-49b9-9315-c2b5d1966c5b,Stack 14 - Steel Plant 4,21.34,81.662,2026-03-13T15:00,NO2,25.3,ug/m3,open-meteo-cams
1538b872-f2d2-49b9-9315-c2b5d1966c5b,Stack 14 - Steel Plant 4,21.34,81.662,2026-03-13T15:00,SO2,11.5,ug/m3,open-meteo-cams
1538b872-f2d2-49b9-9315-c2b5d1966c5b,Stack 14 - Steel Plant 4,21.34,81.662,2026-03-13T16:00,PM2.5,42.6,ug/m3,open-meteo-cams
1538b872-f2d2-49b9-9315-c2b5d1966c5b,Stack 14 - Steel Plant 4,21.34,81.662,2026-03-13T16:00,NO2,24.3,ug/m3,open-meteo-cams
1538b872-f2d2-49b9-9315-c2b5d1966c5b,Stack 14 - Steel Plant 4,21.34,81.662,2026-03-13T16:00,SO2,11.0,ug/m3,open-meteo-cams
1538b872-f2d2-49b9-9315-c2b5d1966c5b,Stack 14 - Steel Plant 4,21.34,81.662,2026-03-13T17:00,PM2.5,42.4,ug/m3,open-meteo-cams
1538b872-f2d2-49b9-9315-c2b5d1966c5b,Stack 14 - Steel Plant 4,21.34,81.662,2026-03-13T17:00,NO2,22.3,ug/m3,open-meteo-cams
1538b872-f2d2-49b9-9315-c2b5d1966c5b,Stack 14 - Steel Plant 4,21.34,81.662,2026-03-13T17:00,SO2,9.9,ug/m3,open-meteo-cams
1538b872-f2d2-49b9-9315-c2b5d1966c5b,Stack 14 - Steel Plant 4,21.34,81.662,2026-03-13T18:00,PM2.5,43.2,ug/m3,open-meteo-cams
1538b872-f2d2-49b9-9315-c2b5d1966c5b,Stack 14 - Steel Plant 4,21.34,81.662,2026-03-13T18:00,NO2,21.9,ug/m3,open-meteo-cams
1538b872-f2d2-49b9-9315-c2b5d1966c5b,Stack 14 - Steel Plant 4,21.34,81.662,2026-03-13T18:00,SO2,9.1,ug/m3,open-meteo-cams
1538b872-f2d2-49b9-9315-c2b5d1966c5b,Stack 14 - Steel Plant 4,21.34,81.662,2026-03-13T19:00,PM2.5,45.4,ug/m3,open-meteo-cams
1538b872-f2d2-49b9-9315-c2b5d1966c5b,Stack 14 - Steel Plant 4,21.34,81.662,2026-03-13T19:00,NO2,24.7,ug/m3,open-meteo-cams
1538b872-f2d2-49b9-9315-c2b5d1966c5b,Stack 14 - Steel Plant 4,21.34,81.662,2026-03-13T19:00,SO2,9.0,ug/m3,open-meteo-cams
1538b872-f2d2-49b9-9315-c2b5d1966c5b,Stack 14 - Steel Plant 4,21.34,81.662,2026-03-13T20:00,PM2.5,51.6,ug/m3,open-meteo-cams
1538b872-f2d2-49b9-9315-c2b5d1966c5b,Stack 14 - Steel Plant 4,21.34,81.662,2026-03-13T20:00,NO2,29.0,ug/m3,open-meteo-cams
1538b872-f2d2-49b9-9315-c2b5d1966c5b,Stack 14 - Steel Plant 4,21.34,81.662,2026-03-13T20:00,SO2,9.1,ug/m3,open-meteo-cams
1538b872-f2d2-49b9-9315-c2b5d1966c5b,Stack 14 - Steel Plant 4,21.34,81.662,2026-03-13T21:00,PM2.5,57.5,ug/m3,open-meteo-cams
1538b872-f2d2-49b9-9315-c2b5d1966c5b,Stack 14 - Steel Plant 4,21.34,81.662,2026-03-13T21:00,NO2,32.8,ug/m3,open-meteo-cams
1538b872-f2d2-49b9-9315-c2b5d1966c5b,Stack 14 - Steel Plant 4,21.34,81.662,2026-03-13T21:00,SO2,9.3,ug/m3,open-meteo-cams
1538b872-f2d2-49b9-9315-c2b5d1966c5b,Stack 14 - Steel Plant 4,21.34,81.662,2026-03-13T22:00,PM2.5,63.3,ug/m3,open-meteo-cams
1538b872-f2d2-49b9-9315-c2b5d1966c5b,Stack 14 - Steel Plant 4,21.34,81.662,2026-03-13T22:00,NO2,35.6,ug/m3,open-meteo-cams
1538b872-f2d2-49b9-9315-c2b5d1966c5b,Stack 14 - Steel Plant 4,21.34,81.662,2026-03-13T22:00,SO2,9.4,ug/m3,open-meteo-cams
1538b872-f2d2-49b9-9315-c2b5d1966c5b,Stack 14 - Steel Plant 4,21.34,81.662,2026-03-13T23:00,PM2.5,67.8,ug/m3,open-meteo-cams
1538b872-f2d2-49b9-9315-c2b5d1966c5b,Stack 14 - Steel Plant 4,21.34,81.662,2026-03-13T23:00,NO2,37.9,ug/m3,open-meteo-cams
1538b872-f2d2-49b9-9315-c2b5d1966c5b,Stack 14 - Steel Plant 4,21.34,81.662,2026-03-13T23:00,SO2,9.4,ug/m3,open-meteo-cams
1538b872-f2d2-49b9-9315-c2b5d1966c5b,Stack 14 - Steel Plant 4,21.34,81.662,2026-03-14T00:00,PM2.5,63.8,ug/m3,open-meteo-cams
1538b872-f2d2-49b9-9315-c2b5d1966c5b,Stack 14 - Steel Plant 4,21.34,81.662,2026-03-14T00:00,NO2,38.7,ug/m3,open-meteo-cams
1538b872-f2d2-49b9-9315-c2b5d1966c5b,Stack 14 - Steel Plant 4,21.34,81.662,2026-03-14T00:00,SO2,9.5,ug/m3,open-meteo-cams
1538b872-f2d2-49b9-9315-c2b5d1966c5b,Stack 14 - Steel Plant 4,21.34,81.662,2026-03-14T01:00,PM2.5,55.5,ug/m3,open-meteo-cams
1538b872-f2d2-49b9-9315-c2b5d1966c5b,Stack 14 - Steel Plant 4,21.34,81.662,2026-03-14T01:00,NO2,37.5,ug/m3,open-meteo-cams
1538b872-f2d2-49b9-9315-c2b5d1966c5b,Stack 14 - Steel Plant 4,21.34,81.662,2026-03-14T01:00,SO2,9.6,ug/m3,open-meteo-cams
1538b872-f2d2-49b9-9315-c2b5d1966c5b,Stack 14 - Steel Plant 4,21.34,81.662,2026-03-14T02:00,PM2.5,48.8,ug/m3,open-meteo-cams
1538b872-f2d2-49b9-9315-c2b5d1966c5b,Stack 14 - Steel Plant 4,21.34,81.662,2026-03-14T02:00,NO2,34.9,ug/m3,open-meteo-cams
1538b872-f2d2-49b9-9315-c2b5d1966c5b,Stack 14 - Steel Plant 4,21.34,81.662,2026-03-14T02:00,SO2,9.6,ug/m3,open-meteo-cams
1538b872-f2d2-49b9-9315-c2b5d1966c5b,Stack 14 - Steel Plant 4,21.34,81.662,2026-03-14T03:00,PM2.5,48.1,ug/m3,open-meteo-cams
1538b872-f2d2-49b9-9315-c2b5d1966c5b,Stack 14 - Steel Plant 4,21.34,81.662,2026-03-14T03:00,NO2,31.1,ug/m3,open-meteo-cams
1538b872-f2d2-49b9-9315-c2b5d1966c5b,Stack 14 - Steel Plant 4,21.34,81.662,2026-03-14T03:00,SO2,10.1,ug/m3,open-meteo-cams
1538b872-f2d2-49b9-9315-c2b5d1966c5b,Stack 14 - Steel Plant 4,21.34,81.662,2026-03-14T04:00,PM2.5,48.4,ug/m3,open-meteo-cams
1538b872-f2d2-49b9-9315-c2b5d1966c5b,Stack 14 - Steel Plant 4,21.34,81.662,2026-03-14T04:00,NO2,25.5,ug/m3,open-meteo-cams
1538b872-f2d2-49b9-9315-c2b5d1966c5b,Stack 14 - Steel Plant 4,21.34,81.662,2026-03-14T04:00,SO2,11.5,ug/m3,open-meteo-cams
1538b872-f2d2-49b9-9315-c2b5d1966c5b,Stack 14 - Steel Plant 4,21.34,81.662,2026-03-14T05:00,PM2.5,45.8,ug/m3,open-meteo-cams
1538b872-f2d2-49b9-9315-c2b5d1966c5b,Stack 14 - Steel Plant 4,21.34,81.662,2026-03-14T05:00,NO2,18.8,ug/m3,open-meteo-cams
1538b872-f2d2-49b9-9315-c2b5d1966c5b,Stack 14 - Steel Plant 4,21.34,81.662,2026-03-14T05:00,SO2,13.2,ug/m3,open-meteo-cams
1538b872-f2d2-49b9-9315-c2b5d1966c5b,Stack 14 - Steel Plant 4,21.34,81.662,2026-03-14T06:00,PM2.5,37.8,ug/m3,open-meteo-cams
1538b872-f2d2-49b9-9315-c2b5d1966c5b,Stack 14 - Steel Plant 4,21.34,81.662,2026-03-14T06:00,NO2,13.2,ug/m3,open-meteo-cams
1538b872-f2d2-49b9-9315-c2b5d1966c5b,Stack 14 - Steel Plant 4,21.34,81.662,2026-03-14T06:00,SO2,13.9,ug/m3,open-meteo-cams
1538b872-f2d2-49b9-9315-c2b5d1966c5b,Stack 14 - Steel Plant 4,21.34,81.662,2026-03-14T07:00,PM2.5,31.8,ug/m3,open-meteo-cams
1538b872-f2d2-49b9-9315-c2b5d1966c5b,Stack 14 - Steel Plant 4,21.34,81.662,2026-03-14T07:00,NO2,9.2,ug/m3,open-meteo-cams
1538b872-f2d2-49b9-9315-c2b5d1966c5b,Stack 14 - Steel Plant 4,21.34,81.662,2026-03-14T07:00,SO2,12.5,ug/m3,open-meteo-cams
1538b872-f2d2-49b9-9315-c2b5d1966c5b,Stack 14 - Steel Plant 4,21.34,81.662,2026-03-14T08:00,PM2.5,23.3,ug/m3,open-meteo-cams
1538b872-f2d2-49b9-9315-c2b5d1966c5b,Stack 14 - Steel Plant 4,21.34,81.662,2026-03-14T08:00,NO2,6.5,ug/m3,open-meteo-cams
1538b872-f2d2-49b9-9315-c2b5d1966c5b,Stack 14 - Steel Plant 4,21.34,81.662,2026-03-14T08:00,SO2,10.0,ug/m3,open-meteo-cams
1538b872-f2d2-49b9-9315-c2b5d1966c5b,Stack 14 - Steel Plant 4,21.34,81.662,2026-03-14T09:00,PM2.5,20.7,ug/m3,open-meteo-cams
1538b872-f2d2-49b9-9315-c2b5d1966c5b,Stack 14 - Steel Plant 4,21.34,81.662,2026-03-14T09:00,NO2,5.7,ug/m3,open-meteo-cams
1538b872-f2d2-49b9-9315-c2b5d1966c5b,Stack 14 - Steel Plant 4,21.34,81.662,2026-03-14T09:00,SO2,8.2,ug/m3,open-meteo-cams
1538b872-f2d2-49b9-9315-c2b5d1966c5b,Stack 14 - Steel Plant 4,21.34,81.662,2026-03-14T10:00,PM2.5,20.3,ug/m3,open-meteo-cams
1538b872-f2d2-49b9-9315-c2b5d1966c5b,Stack 14 - Steel Plant 4,21.34,81.662,2026-03-14T10:00,NO2,7.9,ug/m3,open-meteo-cams
1538b872-f2d2-49b9-9315-c2b5d1966c5b,Stack 14 - Steel Plant 4,21.34,81.662,2026-03-14T10:00,SO2,7.8,ug/m3,open-meteo-cams
1538b872-f2d2-49b9-9315-c2b5d1966c5b,Stack 14 - Steel Plant 4,21.34,81.662,2026-03-14T11:00,PM2.5,20.8,ug/m3,open-meteo-cams
1538b872-f2d2-49b9-9315-c2b5d1966c5b,Stack 14 - Steel Plant 4,21.34,81.662,2026-03-14T11:00,NO2,12.2,ug/m3,open-meteo-cams
1538b872-f2d2-49b9-9315-c2b5d1966c5b,Stack 14 - Steel Plant 4,21.34,81.662,2026-03-14T11:00,SO2,8.1,ug/m3,open-meteo-cams
1538b872-f2d2-49b9-9315-c2b5d1966c5b,Stack 14 - Steel Plant 4,21.34,81.662,2026-03-14T12:00,PM2.5,28.7,ug/m3,open-meteo-cams
1538b872-f2d2-49b9-9315-c2b5d1966c5b,Stack 14 - Steel Plant 4,21.34,81.662,2026-03-14T12:00,NO2,16.6,ug/m3,open-meteo-cams
1538b872-f2d2-49b9-9315-c2b5d1966c5b,Stack 14 - Steel Plant 4,21.34,81.662,2026-03-14T12:00,SO2,8.8,ug/m3,open-meteo-cams
1538b872-f2d2-49b9-9315-c2b5d1966c5b,Stack 14 - Steel Plant 4,21.34,81.662,2026-03-14T13:00,PM2.5,41.1,ug/m3,open-meteo-cams
1538b872-f2d2-49b9-9315-c2b5d1966c5b,Stack 14 - Steel Plant 4,21.34,81.662,2026-03-14T13:00,NO2,20.7,ug/m3,open-meteo-cams
1538b872-f2d2-49b9-9315-c2b5d1966c5b,Stack 14 - Steel Plant 4,21.34,81.662,2026-03-14T13:00,SO2,10.1,ug/m3,open-meteo-cams
1538b872-f2d2-49b9-9315-c2b5d1966c5b,Stack 14 - Steel Plant 4,21.34,81.662,2026-03-14T14:00,PM2.5,48.4,ug/m3,open-meteo-cams
1538b872-f2d2-49b9-9315-c2b5d1966c5b,Stack 14 - Steel Plant 4,21.34,81.662,2026-03-14T14:00,NO2,24.8,ug/m3,open-meteo-cams
1538b872-f2d2-49b9-9315-c2b5d1966c5b,Stack 14 - Steel Plant 4,21.34,81.662,2026-03-14T14:00,SO2,11.9,ug/m3,open-meteo-cams
1538b872-f2d2-49b9-9315-c2b5d1966c5b,Stack 14 - Steel Plant 4,21.34,81.662,2026-03-14T15:00,PM2.5,51.9,ug/m3,open-meteo-cams
1538b872-f2d2-49b9-9315-c2b5d1966c5b,Stack 14 - Steel Plant 4,21.34,81.662,2026-03-14T15:00,NO2,28.1,ug/m3,open-meteo-cams
1538b872-f2d2-49b9-9315-c2b5d1966c5b,Stack 14 - Steel Plant 4,21.34,81.662,2026-03-14T15:00,SO2,13.1,ug/m3,open-meteo-cams
1538b872-f2d2-49b9-9315-c2b5d1966c5b,Stack 14 - Steel Plant 4,21.34,81.662,2026-03-14T16:00,PM2.5,55.3,ug/m3,open-meteo-cams
1538b872-f2d2-49b9-9315-c2b5d1966c5b,Stack 14 - Steel Plant 4,21.34,81.662,2026-03-14T16:00,NO2,30.2,ug/m3,open-meteo-cams
1538b872-f2d2-49b9-9315-c2b5d1966c5b,Stack 14 - Steel Plant 4,21.34,81.662,2026-03-14T16:00,SO2,13.4,ug/m3,open-meteo-cams
1538b872-f2d2-49b9-9315-c2b5d1966c5b,Stack 14 - Steel Plant 4,21.34,81.662,2026-03-14T17:00,PM2.5,59.3,ug/m3,open-meteo-cams
1538b872-f2d2-49b9-9315-c2b5d1966c5b,Stack 14 - Steel Plant 4,21.34,81.662,2026-03-14T17:00,NO2,31.5,ug/m3,open-meteo-cams
1538b872-f2d2-49b9-9315-c2b5d1966c5b,Stack 14 - Steel Plant 4,21.34,81.662,2026-03-14T17:00,SO2,13.2,ug/m3,open-meteo-cams
1538b872-f2d2-49b9-9315-c2b5d1966c5b,Stack 14 - Steel Plant 4,21.34,81.662,2026-03-14T18:00,PM2.5,63.1,ug/m3,open-meteo-cams
1538b872-f2d2-49b9-9315-c2b5d1966c5b,Stack 14 - Steel Plant 4,21.34,81.662,2026-03-14T18:00,NO2,32.3,ug/m3,open-meteo-cams
1538b872-f2d2-49b9-9315-c2b5d1966c5b,Stack 14 - Steel Plant 4,21.34,81.662,2026-03-14T18:00,SO2,12.6,ug/m3,open-meteo-cams
1538b872-f2d2-49b9-9315-c2b5d1966c5b,Stack 14 - Steel Plant 4,21.34,81.662,2026-03-14T19:00,PM2.5,62.2,ug/m3,open-meteo-cams
1538b872-f2d2-49b9-9315-c2b5d1966c5b,Stack 14 - Steel Plant 4,21.34,81.662,2026-03-14T19:00,NO2,32.9,ug/m3,open-meteo-cams
1538b872-f2d2-49b9-9315-c2b5d1966c5b,Stack 14 - Steel Plant 4,21.34,81.662,2026-03-14T19:00,SO2,11.6,ug/m3,open-meteo-cams
1538b872-f2d2-49b9-9315-c2b5d1966c5b,Stack 14 - Steel Plant 4,21.34,81.662,2026-03-14T20:00,PM2.5,56.8,ug/m3,open-meteo-cams
1538b872-f2d2-49b9-9315-c2b5d1966c5b,Stack 14 - Steel Plant 4,21.34,81.662,2026-03-14T20:00,NO2,33.0,ug/m3,open-meteo-cams
1538b872-f2d2-49b9-9315-c2b5d1966c5b,Stack 14 - Steel Plant 4,21.34,81.662,2026-03-14T20:00,SO2,10.3,ug/m3,open-meteo-cams
1538b872-f2d2-49b9-9315-c2b5d1966c5b,Stack 14 - Steel Plant 4,21.34,81.662,2026-03-14T21:00,PM2.5,51.8,ug/m3,open-meteo-cams
1538b872-f2d2-49b9-9315-c2b5d1966c5b,Stack 14 - Steel Plant 4,21.34,81.662,2026-03-14T21:00,NO2,32.3,ug/m3,open-meteo-cams
1538b872-f2d2-49b9-9315-c2b5d1966c5b,Stack 14 - Steel Plant 4,21.34,81.662,2026-03-14T21:00,SO2,9.3,ug/m3,open-meteo-cams
1538b872-f2d2-49b9-9315-c2b5d1966c5b,Stack 14 - Steel Plant 4,21.34,81.662,2026-03-14T22:00,PM2.5,46.4,ug/m3,open-meteo-cams
1538b872-f2d2-49b9-9315-c2b5d1966c5b,Stack 14 - Steel Plant 4,21.34,81.662,2026-03-14T22:00,NO2,30.2,ug/m3,open-meteo-cams
1538b872-f2d2-49b9-9315-c2b5d1966c5b,Stack 14 - Steel Plant 4,21.34,81.662,2026-03-14T22:00,SO2,8.8,ug/m3,open-meteo-cams
1538b872-f2d2-49b9-9315-c2b5d1966c5b,Stack 14 - Steel Plant 4,21.34,81.662,2026-03-14T23:00,PM2.5,42.6,ug/m3,open-meteo-cams
1538b872-f2d2-49b9-9315-c2b5d1966c5b,Stack 14 - Steel Plant 4,21.34,81.662,2026-03-14T23:00,NO2,27.2,ug/m3,open-meteo-cams
1538b872-f2d2-49b9-9315-c2b5d1966c5b,Stack 14 - Steel Plant 4,21.34,81.662,2026-03-14T23:00,SO2,8.6,ug/m3,open-meteo-cams
07fb618a-a0b5-47bd-9ef9-a92e3813ac0c,Stack 15 - Steel Plant 5,21.35,81.67,2026-03-13T00:00,PM2.5,64.7,ug/m3,open-meteo-cams
07fb618a-a0b5-47bd-9ef9-a92e3813ac0c,Stack 15 - Steel Plant 5,21.35,81.67,2026-03-13T00:00,NO2,39.4,ug/m3,open-meteo-cams
07fb618a-a0b5-47bd-9ef9-a92e3813ac0c,Stack 15 - Steel Plant 5,21.35,81.67,2026-03-13T00:00,SO2,9.3,ug/m3,open-meteo-cams
07fb618a-a0b5-47bd-9ef9-a92e3813ac0c,Stack 15 - Steel Plant 5,21.35,81.67,2026-03-13T01:00,PM2.5,72.6,ug/m3,open-meteo-cams
07fb618a-a0b5-47bd-9ef9-a92e3813ac0c,Stack 15 - Steel Plant 5,21.35,81.67,2026-03-13T01:00,NO2,43.2,ug/m3,open-meteo-cams
07fb618a-a0b5-47bd-9ef9-a92e3813ac0c,Stack 15 - Steel Plant 5,21.35,81.67,2026-03-13T01:00,SO2,10.7,ug/m3,open-meteo-cams
07fb618a-a0b5-47bd-9ef9-a92e3813ac0c,Stack 15 - Steel Plant 5,21.35,81.67,2026-03-13T02:00,PM2.5,78.7,ug/m3,open-meteo-cams
07fb618a-a0b5-47bd-9ef9-a92e3813ac0c,Stack 15 - Steel Plant 5,21.35,81.67,2026-03-13T02:00,NO2,48.0,ug/m3,open-meteo-cams
07fb618a-a0b5-47bd-9ef9-a92e3813ac0c,Stack 15 - Steel Plant 5,21.35,81.67,2026-03-13T02:00,SO2,12.6,ug/m3,open-meteo-cams
07fb618a-a0b5-47bd-9ef9-a92e3813ac0c,Stack 15 - Steel Plant 5,21.35,81.67,2026-03-13T03:00,PM2.5,73.8,ug/m3,open-meteo-cams
07fb618a-a0b5-47bd-9ef9-a92e3813ac0c,Stack 15 - Steel Plant 5,21.35,81.67,2026-03-13T03:00,NO2,47.9,ug/m3,open-meteo-cams
07fb618a-a0b5-47bd-9ef9-a92e3813ac0c,Stack 15 - Steel Plant 5,21.35,81.67,2026-03-13T03:00,SO2,13.9,ug/m3,open-meteo-cams
07fb618a-a0b5-47bd-9ef9-a92e3813ac0c,Stack 15 - Steel Plant 5,21.35,81.67,2026-03-13T04:00,PM2.5,68.9,ug/m3,open-meteo-cams
07fb618a-a0b5-47bd-9ef9-a92e3813ac0c,Stack 15 - Steel Plant 5,21.35,81.67,2026-03-13T04:00,NO2,38.1,ug/m3,open-meteo-cams
07fb618a-a0b5-47bd-9ef9-a92e3813ac0c,Stack 15 - Steel Plant 5,21.35,81.67,2026-03-13T04:00,SO2,14.0,ug/m3,open-meteo-cams
07fb618a-a0b5-47bd-9ef9-a92e3813ac0c,Stack 15 - Steel Plant 5,21.35,81.67,2026-03-13T05:00,PM2.5,46.1,ug/m3,open-meteo-cams
07fb618a-a0b5-47bd-9ef9-a92e3813ac0c,Stack 15 - Steel Plant 5,21.35,81.67,2026-03-13T05:00,NO2,23.4,ug/m3,open-meteo-cams
07fb618a-a0b5-47bd-9ef9-a92e3813ac0c,Stack 15 - Steel Plant 5,21.35,81.67,2026-03-13T05:00,SO2,13.4,ug/m3,open-meteo-cams
07fb618a-a0b5-47bd-9ef9-a92e3813ac0c,Stack 15 - Steel Plant 5,21.35,81.67,2026-03-13T06:00,PM2.5,25.9,ug/m3,open-meteo-cams
07fb618a-a0b5-47bd-9ef9-a92e3813ac0c,Stack 15 - Steel Plant 5,21.35,81.67,2026-03-13T06:00,NO2,12.2,ug/m3,open-meteo-cams
07fb618a-a0b5-47bd-9ef9-a92e3813ac0c,Stack 15 - Steel Plant 5,21.35,81.67,2026-03-13T06:00,SO2,12.6,ug/m3,open-meteo-cams
07fb618a-a0b5-47bd-9ef9-a92e3813ac0c,Stack 15 - Steel Plant 5,21.35,81.67,2026-03-13T07:00,PM2.5,21.5,ug/m3,open-meteo-cams
07fb618a-a0b5-47bd-9ef9-a92e3813ac0c,Stack 15 - Steel Plant 5,21.35,81.67,2026-03-13T07:00,NO2,8.0,ug/m3,open-meteo-cams
07fb618a-a0b5-47bd-9ef9-a92e3813ac0c,Stack 15 - Steel Plant 5,21.35,81.67,2026-03-13T07:00,SO2,11.3,ug/m3,open-meteo-cams
07fb618a-a0b5-47bd-9ef9-a92e3813ac0c,Stack 15 - Steel Plant 5,21.35,81.67,2026-03-13T08:00,PM2.5,21.0,ug/m3,open-meteo-cams
07fb618a-a0b5-47bd-9ef9-a92e3813ac0c,Stack 15 - Steel Plant 5,21.35,81.67,2026-03-13T08:00,NO2,7.4,ug/m3,open-meteo-cams
07fb618a-a0b5-47bd-9ef9-a92e3813ac0c,Stack 15 - Steel Plant 5,21.35,81.67,2026-03-13T08:00,SO2,9.8,ug/m3,open-meteo-cams
07fb618a-a0b5-47bd-9ef9-a92e3813ac0c,Stack 15 - Steel Plant 5,21.35,81.67,2026-03-13T09:00,PM2.5,21.1,ug/m3,open-meteo-cams
07fb618a-a0b5-47bd-9ef9-a92e3813ac0c,Stack 15 - Steel Plant 5,21.35,81.67,2026-03-13T09:00,NO2,8.5,ug/m3,open-meteo-cams
07fb618a-a0b5-47bd-9ef9-a92e3813ac0c,Stack 15 - Steel Plant 5,21.35,81.67,2026-03-13T09:00,SO2,8.7,ug/m3,open-meteo-cams
07fb618a-a0b5-47bd-9ef9-a92e3813ac0c,Stack 15 - Steel Plant 5,21.35,81.67,2026-03-13T10:00,PM2.5,21.1,ug/m3,open-meteo-cams
07fb618a-a0b5-47bd-9ef9-a92e3813ac0c,Stack 15 - Steel Plant 5,21.35,81.67,2026-03-13T10:00,NO2,11.5,ug/m3,open-meteo-cams
07fb618a-a0b5-47bd-9ef9-a92e3813ac0c,Stack 15 - Steel Plant 5,21.35,81.67,2026-03-13T10:00,SO2,8.4,ug/m3,open-meteo-cams
07fb618a-a0b5-47bd-9ef9-a92e3813ac0c,Stack 15 - Steel Plant 5,21.35,81.67,2026-03-13T11:00,PM2.5,21.4,ug/m3,open-meteo-cams
07fb618a-a0b5-47bd-9ef9-a92e3813ac0c,Stack 15 - Steel Plant 5,21.35,81.67,2026-03-13T11:00,NO2,16.2,ug/m3,open-meteo-cams
07fb618a-a0b5-47bd-9ef9-a92e3813ac0c,Stack 15 - Steel Plant 5,21.35,81.67,2026-03-13T11:00,SO2,8.5,ug/m3,open-meteo-cams
07fb618a-a0b5-47bd-9ef9-a92e3813ac0c,Stack 15 - Steel Plant 5,21.35,81.67,2026-03-13T12:00,PM2.5,29.5,ug/m3,open-meteo-cams
07fb618a-a0b5-47bd-9ef9-a92e3813ac0c,Stack 15 - Steel Plant 5,21.35,81.67,2026-03-13T12:00,NO2,20.2,ug/m3,open-meteo-cams
07fb618a-a0b5-47bd-9ef9-a92e3813ac0c,Stack 15 - Steel Plant 5,21.35,81.67,2026-03-13T12:00,SO2,8.9,ug/m3,open-meteo-cams
07fb618a-a0b5-47bd-9ef9-a92e3813ac0c,Stack 15 - Steel Plant 5,21.35,81.67,2026-03-13T13:00,PM2.5,42.5,ug/m3,open-meteo-cams
07fb618a-a0b5-47bd-9ef9-a92e3813ac0c,Stack 15 - Steel Plant 5,21.35,81.67,2026-03-13T13:00,NO2,22.7,ug/m3,open-meteo-cams
07fb618a-a0b5-47bd-9ef9-a92e3813ac0c,Stack 15 - Steel Plant 5,21.35,81.67,2026-03-13T13:00,SO2,9.8,ug/m3,open-meteo-cams
07fb618a-a0b5-47bd-9ef9-a92e3813ac0c,Stack 15 - Steel Plant 5,21.35,81.67,2026-03-13T14:00,PM2.5,45.5,ug/m3,open-meteo-cams
07fb618a-a0b5-47bd-9ef9-a92e3813ac0c,Stack 15 - Steel Plant 5,21.35,81.67,2026-03-13T14:00,NO2,24.5,ug/m3,open-meteo-cams
07fb618a-a0b5-47bd-9ef9-a92e3813ac0c,Stack 15 - Steel Plant 5,21.35,81.67,2026-03-13T14:00,SO2,10.9,ug/m3,open-meteo-cams
07fb618a-a0b5-47bd-9ef9-a92e3813ac0c,Stack 15 - Steel Plant 5,21.35,81.67,2026-03-13T15:00,PM2.5,43.8,ug/m3,open-meteo-cams
07fb618a-a0b5-47bd-9ef9-a92e3813ac0c,Stack 15 - Steel Plant 5,21.35,81.67,2026-03-13T15:00,NO2,25.3,ug/m3,open-meteo-cams
07fb618a-a0b5-47bd-9ef9-a92e3813ac0c,Stack 15 - Steel Plant 5,21.35,81.67,2026-03-13T15:00,SO2,11.5,ug/m3,open-meteo-cams
07fb618a-a0b5-47bd-9ef9-a92e3813ac0c,Stack 15 - Steel Plant 5,21.35,81.67,2026-03-13T16:00,PM2.5,42.6,ug/m3,open-meteo-cams
07fb618a-a0b5-47bd-9ef9-a92e3813ac0c,Stack 15 - Steel Plant 5,21.35,81.67,2026-03-13T16:00,NO2,24.3,ug/m3,open-meteo-cams
07fb618a-a0b5-47bd-9ef9-a92e3813ac0c,Stack 15 - Steel Plant 5,21.35,81.67,2026-03-13T16:00,SO2,11.0,ug/m3,open-meteo-cams
07fb618a-a0b5-47bd-9ef9-a92e3813ac0c,Stack 15 - Steel Plant 5,21.35,81.67,2026-03-13T17:00,PM2.5,42.4,ug/m3,open-meteo-cams
07fb618a-a0b5-47bd-9ef9-a92e3813ac0c,Stack 15 - Steel Plant 5,21.35,81.67,2026-03-13T17:00,NO2,22.3,ug/m3,open-meteo-cams
07fb618a-a0b5-47bd-9ef9-a92e3813ac0c,Stack 15 - Steel Plant 5,21.35,81.67,2026-03-13T17:00,SO2,9.9,ug/m3,open-meteo-cams
07fb618a-a0b5-47bd-9ef9-a92e3813ac0c,Stack 15 - Steel Plant 5,21.35,81.67,2026-03-13T18:00,PM2.5,43.2,ug/m3,open-meteo-cams
07fb618a-a0b5-47bd-9ef9-a92e3813ac0c,Stack 15 - Steel Plant 5,21.35,81.67,2026-03-13T18:00,NO2,21.9,ug/m3,open-meteo-cams
07fb618a-a0b5-47bd-9ef9-a92e3813ac0c,Stack 15 - Steel Plant 5,21.35,81.67,2026-03-13T18:00,SO2,9.1,ug/m3,open-meteo-cams
07fb618a-a0b5-47bd-9ef9-a92e3813ac0c,Stack 15 - Steel Plant 5,21.35,81.67,2026-03-13T19:00,PM2.5,45.4,ug/m3,open-meteo-cams
07fb618a-a0b5-47bd-9ef9-a92e3813ac0c,Stack 15 - Steel Plant 5,21.35,81.67,2026-03-13T19:00,NO2,24.7,ug/m3,open-meteo-cams
07fb618a-a0b5-47bd-9ef9-a92e3813ac0c,Stack 15 - Steel Plant 5,21.35,81.67,2026-03-13T19:00,SO2,9.0,ug/m3,open-meteo-cams
07fb618a-a0b5-47bd-9ef9-a92e3813ac0c,Stack 15 - Steel Plant 5,21.35,81.67,2026-03-13T20:00,PM2.5,51.6,ug/m3,open-meteo-cams
07fb618a-a0b5-47bd-9ef9-a92e3813ac0c,Stack 15 - Steel Plant 5,21.35,81.67,2026-03-13T20:00,NO2,29.0,ug/m3,open-meteo-cams
07fb618a-a0b5-47bd-9ef9-a92e3813ac0c,Stack 15 - Steel Plant 5,21.35,81.67,2026-03-13T20:00,SO2,9.1,ug/m3,open-meteo-cams
07fb618a-a0b5-47bd-9ef9-a92e3813ac0c,Stack 15 - Steel Plant 5,21.35,81.67,2026-03-13T21:00,PM2.5,57.5,ug/m3,open-meteo-cams
07fb618a-a0b5-47bd-9ef9-a92e3813ac0c,Stack 15 - Steel Plant 5,21.35,81.67,2026-03-13T21:00,NO2,32.8,ug/m3,open-meteo-cams
07fb618a-a0b5-47bd-9ef9-a92e3813ac0c,Stack 15 - Steel Plant 5,21.35,81.67,2026-03-13T21:00,SO2,9.3,ug/m3,open-meteo-cams
07fb618a-a0b5-47bd-9ef9-a92e3813ac0c,Stack 15 - Steel Plant 5,21.35,81.67,2026-03-13T22:00,PM2.5,63.3,ug/m3,open-meteo-cams
07fb618a-a0b5-47bd-9ef9-a92e3813ac0c,Stack 15 - Steel Plant 5,21.35,81.67,2026-03-13T22:00,NO2,35.6,ug/m3,open-meteo-cams
07fb618a-a0b5-47bd-9ef9-a92e3813ac0c,Stack 15 - Steel Plant 5,21.35,81.67,2026-03-13T22:00,SO2,9.4,ug/m3,open-meteo-cams
07fb618a-a0b5-47bd-9ef9-a92e3813ac0c,Stack 15 - Steel Plant 5,21.35,81.67,2026-03-13T23:00,PM2.5,67.8,ug/m3,open-meteo-cams
07fb618a-a0b5-47bd-9ef9-a92e3813ac0c,Stack 15 - Steel Plant 5,21.35,81.67,2026-03-13T23:00,NO2,37.9,ug/m3,open-meteo-cams
07fb618a-a0b5-47bd-9ef9-a92e3813ac0c,Stack 15 - Steel Plant 5,21.35,81.67,2026-03-13T23:00,SO2,9.4,ug/m3,open-meteo-cams
07fb618a-a0b5-47bd-9ef9-a92e3813ac0c,Stack 15 - Steel Plant 5,21.35,81.67,2026-03-14T00:00,PM2.5,63.8,ug/m3,open-meteo-cams
07fb618a-a0b5-47bd-9ef9-a92e3813ac0c,Stack 15 - Steel Plant 5,21.35,81.67,2026-03-14T00:00,NO2,38.7,ug/m3,open-meteo-cams
07fb618a-a0b5-47bd-9ef9-a92e3813ac0c,Stack 15 - Steel Plant 5,21.35,81.67,2026-03-14T00:00,SO2,9.5,ug/m3,open-meteo-cams
07fb618a-a0b5-47bd-9ef9-a92e3813ac0c,Stack 15 - Steel Plant 5,21.35,81.67,2026-03-14T01:00,PM2.5,55.5,ug/m3,open-meteo-cams
07fb618a-a0b5-47bd-9ef9-a92e3813ac0c,Stack 15 - Steel Plant 5,21.35,81.67,2026-03-14T01:00,NO2,37.5,ug/m3,open-meteo-cams
07fb618a-a0b5-47bd-9ef9-a92e3813ac0c,Stack 15 - Steel Plant 5,21.35,81.67,2026-03-14T01:00,SO2,9.6,ug/m3,open-meteo-cams
07fb618a-a0b5-47bd-9ef9-a92e3813ac0c,Stack 15 - Steel Plant 5,21.35,81.67,2026-03-14T02:00,PM2.5,48.8,ug/m3,open-meteo-cams
07fb618a-a0b5-47bd-9ef9-a92e3813ac0c,Stack 15 - Steel Plant 5,21.35,81.67,2026-03-14T02:00,NO2,34.9,ug/m3,open-meteo-cams
07fb618a-a0b5-47bd-9ef9-a92e3813ac0c,Stack 15 - Steel Plant 5,21.35,81.67,2026-03-14T02:00,SO2,9.6,ug/m3,open-meteo-cams
07fb618a-a0b5-47bd-9ef9-a92e3813ac0c,Stack 15 - Steel Plant 5,21.35,81.67,2026-03-14T03:00,PM2.5,48.1,ug/m3,open-meteo-cams
07fb618a-a0b5-47bd-9ef9-a92e3813ac0c,Stack 15 - Steel Plant 5,21.35,81.67,2026-03-14T03:00,NO2,31.1,ug/m3,open-meteo-cams
07fb618a-a0b5-47bd-9ef9-a92e3813ac0c,Stack 15 - Steel Plant 5,21.35,81.67,2026-03-14T03:00,SO2,10.1,ug/m3,open-meteo-cams
07fb618a-a0b5-47bd-9ef9-a92e3813ac0c,Stack 15 - Steel Plant 5,21.35,81.67,2026-03-14T04:00,PM2.5,48.4,ug/m3,open-meteo-cams
07fb618a-a0b5-47bd-9ef9-a92e3813ac0c,Stack 15 - Steel Plant 5,21.35,81.67,2026-03-14T04:00,NO2,25.5,ug/m3,open-meteo-cams
07fb618a-a0b5-47bd-9ef9-a92e3813ac0c,Stack 15 - Steel Plant 5,21.35,81.67,2026-03-14T04:00,SO2,11.5,ug/m3,open-meteo-cams
07fb618a-a0b5-47bd-9ef9-a92e3813ac0c,Stack 15 - Steel Plant 5,21.35,81.67,2026-03-14T05:00,PM2.5,45.8,ug/m3,open-meteo-cams
07fb618a-a0b5-47bd-9ef9-a92e3813ac0c,Stack 15 - Steel Plant 5,21.35,81.67,2026-03-14T05:00,NO2,18.8,ug/m3,open-meteo-cams
07fb618a-a0b5-47bd-9ef9-a92e3813ac0c,Stack 15 - Steel Plant 5,21.35,81.67,2026-03-14T05:00,SO2,13.2,ug/m3,open-meteo-cams
07fb618a-a0b5-47bd-9ef9-a92e3813ac0c,Stack 15 - Steel Plant 5,21.35,81.67,2026-03-14T06:00,PM2.5,37.8,ug/m3,open-meteo-cams
07fb618a-a0b5-47bd-9ef9-a92e3813ac0c,Stack 15 - Steel Plant 5,21.35,81.67,2026-03-14T06:00,NO2,13.2,ug/m3,open-meteo-cams
07fb618a-a0b5-47bd-9ef9-a92e3813ac0c,Stack 15 - Steel Plant 5,21.35,81.67,2026-03-14T06:00,SO2,13.9,ug/m3,open-meteo-cams
07fb618a-a0b5-47bd-9ef9-a92e3813ac0c,Stack 15 - Steel Plant 5,21.35,81.67,2026-03-14T07:00,PM2.5,31.8,ug/m3,open-meteo-cams
07fb618a-a0b5-47bd-9ef9-a92e3813ac0c,Stack 15 - Steel Plant 5,21.35,81.67,2026-03-14T07:00,NO2,9.2,ug/m3,open-meteo-cams
07fb618a-a0b5-47bd-9ef9-a92e3813ac0c,Stack 15 - Steel Plant 5,21.35,81.67,2026-03-14T07:00,SO2,12.5,ug/m3,open-meteo-cams
07fb618a-a0b5-47bd-9ef9-a92e3813ac0c,Stack 15 - Steel Plant 5,21.35,81.67,2026-03-14T08:00,PM2.5,23.3,ug/m3,open-meteo-cams
07fb618a-a0b5-47bd-9ef9-a92e3813ac0c,Stack 15 - Steel Plant 5,21.35,81.67,2026-03-14T08:00,NO2,6.5,ug/m3,open-meteo-cams
07fb618a-a0b5-47bd-9ef9-a92e3813ac0c,Stack 15 - Steel Plant 5,21.35,81.67,2026-03-14T08:00,SO2,10.0,ug/m3,open-meteo-cams
07fb618a-a0b5-47bd-9ef9-a92e3813ac0c,Stack 15 - Steel Plant 5,21.35,81.67,2026-03-14T09:00,PM2.5,20.7,ug/m3,open-meteo-cams
07fb618a-a0b5-47bd-9ef9-a92e3813ac0c,Stack 15 - Steel Plant 5,21.35,81.67,2026-03-14T09:00,NO2,5.7,ug/m3,open-meteo-cams
07fb618a-a0b5-47bd-9ef9-a92e3813ac0c,Stack 15 - Steel Plant 5,21.35,81.67,2026-03-14T09:00,SO2,8.2,ug/m3,open-meteo-cams
07fb618a-a0b5-47bd-9ef9-a92e3813ac0c,Stack 15 - Steel Plant 5,21.35,81.67,2026-03-14T10:00,PM2.5,20.3,ug/m3,open-meteo-cams
07fb618a-a0b5-47bd-9ef9-a92e3813ac0c,Stack 15 - Steel Plant 5,21.35,81.67,2026-03-14T10:00,NO2,7.9,ug/m3,open-meteo-cams
07fb618a-a0b5-47bd-9ef9-a92e3813ac0c,Stack 15 - Steel Plant 5,21.35,81.67,2026-03-14T10:00,SO2,7.8,ug/m3,open-meteo-cams
07fb618a-a0b5-47bd-9ef9-a92e3813ac0c,Stack 15 - Steel Plant 5,21.35,81.67,2026-03-14T11:00,PM2.5,20.8,ug/m3,open-meteo-cams
07fb618a-a0b5-47bd-9ef9-a92e3813ac0c,Stack 15 - Steel Plant 5,21.35,81.67,2026-03-14T11:00,NO2,12.2,ug/m3,open-meteo-cams
07fb618a-a0b5-47bd-9ef9-a92e3813ac0c,Stack 15 - Steel Plant 5,21.35,81.67,2026-03-14T11:00,SO2,8.1,ug/m3,open-meteo-cams
07fb618a-a0b5-47bd-9ef9-a92e3813ac0c,Stack 15 - Steel Plant 5,21.35,81.67,2026-03-14T12:00,PM2.5,28.7,ug/m3,open-meteo-cams
07fb618a-a0b5-47bd-9ef9-a92e3813ac0c,Stack 15 - Steel Plant 5,21.35,81.67,2026-03-14T12:00,NO2,16.6,ug/m3,open-meteo-cams
07fb618a-a0b5-47bd-9ef9-a92e3813ac0c,Stack 15 - Steel Plant 5,21.35,81.67,2026-03-14T12:00,SO2,8.8,ug/m3,open-meteo-cams
07fb618a-a0b5-47bd-9ef9-a92e3813ac0c,Stack 15 - Steel Plant 5,21.35,81.67,2026-03-14T13:00,PM2.5,41.1,ug/m3,open-meteo-cams
07fb618a-a0b5-47bd-9ef9-a92e3813ac0c,Stack 15 - Steel Plant 5,21.35,81.67,2026-03-14T13:00,NO2,20.7,ug/m3,open-meteo-cams
07fb618a-a0b5-47bd-9ef9-a92e3813ac0c,Stack 15 - Steel Plant 5,21.35,81.67,2026-03-14T13:00,SO2,10.1,ug/m3,open-meteo-cams
07fb618a-a0b5-47bd-9ef9-a92e3813ac0c,Stack 15 - Steel Plant 5,21.35,81.67,2026-03-14T14:00,PM2.5,48.4,ug/m3,open-meteo-cams
07fb618a-a0b5-47bd-9ef9-a92e3813ac0c,Stack 15 - Steel Plant 5,21.35,81.67,2026-03-14T14:00,NO2,24.8,ug/m3,open-meteo-cams
07fb618a-a0b5-47bd-9ef9-a92e3813ac0c,Stack 15 - Steel Plant 5,21.35,81.67,2026-03-14T14:00,SO2,11.9,ug/m3,open-meteo-cams
07fb618a-a0b5-47bd-9ef9-a92e3813ac0c,Stack 15 - Steel Plant 5,21.35,81.67,2026-03-14T15:00,PM2.5,51.9,ug/m3,open-meteo-cams
07fb618a-a0b5-47bd-9ef9-a92e3813ac0c,Stack 15 - Steel Plant 5,21.35,81.67,2026-03-14T15:00,NO2,28.1,ug/m3,open-meteo-cams
07fb618a-a0b5-47bd-9ef9-a92e3813ac0c,Stack 15 - Steel Plant 5,21.35,81.67,2026-03-14T15:00,SO2,13.1,ug/m3,open-meteo-cams
07fb618a-a0b5-47bd-9ef9-a92e3813ac0c,Stack 15 - Steel Plant 5,21.35,81.67,2026-03-14T16:00,PM2.5,55.3,ug/m3,open-meteo-cams
07fb618a-a0b5-47bd-9ef9-a92e3813ac0c,Stack 15 - Steel Plant 5,21.35,81.67,2026-03-14T16:00,NO2,30.2,ug/m3,open-meteo-cams
07fb618a-a0b5-47bd-9ef9-a92e3813ac0c,Stack 15 - Steel Plant 5,21.35,81.67,2026-03-14T16:00,SO2,13.4,ug/m3,open-meteo-cams
07fb618a-a0b5-47bd-9ef9-a92e3813ac0c,Stack 15 - Steel Plant 5,21.35,81.67,2026-03-14T17:00,PM2.5,59.3,ug/m3,open-meteo-cams
07fb618a-a0b5-47bd-9ef9-a92e3813ac0c,Stack 15 - Steel Plant 5,21.35,81.67,2026-03-14T17:00,NO2,31.5,ug/m3,open-meteo-cams
07fb618a-a0b5-47bd-9ef9-a92e3813ac0c,Stack 15 - Steel Plant 5,21.35,81.67,2026-03-14T17:00,SO2,13.2,ug/m3,open-meteo-cams
07fb618a-a0b5-47bd-9ef9-a92e3813ac0c,Stack 15 - Steel Plant 5,21.35,81.67,2026-03-14T18:00,PM2.5,63.1,ug/m3,open-meteo-cams
07fb618a-a0b5-47bd-9ef9-a92e3813ac0c,Stack 15 - Steel Plant 5,21.35,81.67,2026-03-14T18:00,NO2,32.3,ug/m3,open-meteo-cams
07fb618a-a0b5-47bd-9ef9-a92e3813ac0c,Stack 15 - Steel Plant 5,21.35,81.67,2026-03-14T18:00,SO2,12.6,ug/m3,open-meteo-cams
07fb618a-a0b5-47bd-9ef9-a92e3813ac0c,Stack 15 - Steel Plant 5,21.35,81.67,2026-03-14T19:00,PM2.5,62.2,ug/m3,open-meteo-cams
07fb618a-a0b5-47bd-9ef9-a92e3813ac0c,Stack 15 - Steel Plant 5,21.35,81.67,2026-03-14T19:00,NO2,32.9,ug/m3,open-meteo-cams
07fb618a-a0b5-47bd-9ef9-a92e3813ac0c,Stack 15 - Steel Plant 5,21.35,81.67,2026-03-14T19:00,SO2,11.6,ug/m3,open-meteo-cams
07fb618a-a0b5-47bd-9ef9-a92e3813ac0c,Stack 15 - Steel Plant 5,21.35,81.67,2026-03-14T20:00,PM2.5,56.8,ug/m3,open-meteo-cams
07fb618a-a0b5-47bd-9ef9-a92e3813ac0c,Stack 15 - Steel Plant 5,21.35,81.67,2026-03-14T20:00,NO2,33.0,ug/m3,open-meteo-cams
07fb618a-a0b5-47bd-9ef9-a92e3813ac0c,Stack 15 - Steel Plant 5,21.35,81.67,2026-03-14T20:00,SO2,10.3,ug/m3,open-meteo-cams
07fb618a-a0b5-47bd-9ef9-a92e3813ac0c,Stack 15 - Steel Plant 5,21.35,81.67,2026-03-14T21:00,PM2.5,51.8,ug/m3,open-meteo-cams
07fb618a-a0b5-47bd-9ef9-a92e3813ac0c,Stack 15 - Steel Plant 5,21.35,81.67,2026-03-14T21:00,NO2,32.3,ug/m3,open-meteo-cams
07fb618a-a0b5-47bd-9ef9-a92e3813ac0c,Stack 15 - Steel Plant 5,21.35,81.67,2026-03-14T21:00,SO2,9.3,ug/m3,open-meteo-cams
07fb618a-a0b5-47bd-9ef9-a92e3813ac0c,Stack 15 - Steel Plant 5,21.35,81.67,2026-03-14T22:00,PM2.5,46.4,ug/m3,open-meteo-cams
07fb618a-a0b5-47bd-9ef9-a92e3813ac0c,Stack 15 - Steel Plant 5,21.35,81.67,2026-03-14T22:00,NO2,30.2,ug/m3,open-meteo-cams
07fb618a-a0b5-47bd-9ef9-a92e3813ac0c,Stack 15 - Steel Plant 5,21.35,81.67,2026-03-14T22:00,SO2,8.8,ug/m3,open-meteo-cams
07fb618a-a0b5-47bd-9ef9-a92e3813ac0c,Stack 15 - Steel Plant 5,21.35,81.67,2026-03-14T23:00,PM2.5,42.6,ug/m3,open-meteo-cams
07fb618a-a0b5-47bd-9ef9-a92e3813ac0c,Stack 15 - Steel Plant 5,21.35,81.67,2026-03-14T23:00,NO2,27.2,ug/m3,open-meteo-cams
07fb618a-a0b5-47bd-9ef9-a92e3813ac0c,Stack 15 - Steel Plant 5,21.35,81.67,2026-03-14T23:00,SO2,8.6,ug/m3,open-meteo-cams
ab055517-bcd8-4834-8a9a-864346db8c6e,Stack 16 - Cement Plant 6,21.36,81.678,2026-03-13T00:00,PM2.5,64.7,ug/m3,open-meteo-cams
ab055517-bcd8-4834-8a9a-864346db8c6e,Stack 16 - Cement Plant 6,21.36,81.678,2026-03-13T00:00,NO2,39.4,ug/m3,open-meteo-cams
ab055517-bcd8-4834-8a9a-864346db8c6e,Stack 16 - Cement Plant 6,21.36,81.678,2026-03-13T00:00,SO2,9.3,ug/m3,open-meteo-cams
ab055517-bcd8-4834-8a9a-864346db8c6e,Stack 16 - Cement Plant 6,21.36,81.678,2026-03-13T01:00,PM2.5,72.6,ug/m3,open-meteo-cams
ab055517-bcd8-4834-8a9a-864346db8c6e,Stack 16 - Cement Plant 6,21.36,81.678,2026-03-13T01:00,NO2,43.2,ug/m3,open-meteo-cams
ab055517-bcd8-4834-8a9a-864346db8c6e,Stack 16 - Cement Plant 6,21.36,81.678,2026-03-13T01:00,SO2,10.7,ug/m3,open-meteo-cams
ab055517-bcd8-4834-8a9a-864346db8c6e,Stack 16 - Cement Plant 6,21.36,81.678,2026-03-13T02:00,PM2.5,78.7,ug/m3,open-meteo-cams
ab055517-bcd8-4834-8a9a-864346db8c6e,Stack 16 - Cement Plant 6,21.36,81.678,2026-03-13T02:00,NO2,48.0,ug/m3,open-meteo-cams
ab055517-bcd8-4834-8a9a-864346db8c6e,Stack 16 - Cement Plant 6,21.36,81.678,2026-03-13T02:00,SO2,12.6,ug/m3,open-meteo-cams
ab055517-bcd8-4834-8a9a-864346db8c6e,Stack 16 - Cement Plant 6,21.36,81.678,2026-03-13T03:00,PM2.5,73.8,ug/m3,open-meteo-cams
ab055517-bcd8-4834-8a9a-864346db8c6e,Stack 16 - Cement Plant 6,21.36,81.678,2026-03-13T03:00,NO2,47.9,ug/m3,open-meteo-cams
ab055517-bcd8-4834-8a9a-864346db8c6e,Stack 16 - Cement Plant 6,21.36,81.678,2026-03-13T03:00,SO2,13.9,ug/m3,open-meteo-cams
ab055517-bcd8-4834-8a9a-864346db8c6e,Stack 16 - Cement Plant 6,21.36,81.678,2026-03-13T04:00,PM2.5,68.9,ug/m3,open-meteo-cams
ab055517-bcd8-4834-8a9a-864346db8c6e,Stack 16 - Cement Plant 6,21.36,81.678,2026-03-13T04:00,NO2,38.1,ug/m3,open-meteo-cams
ab055517-bcd8-4834-8a9a-864346db8c6e,Stack 16 - Cement Plant 6,21.36,81.678,2026-03-13T04:00,SO2,14.0,ug/m3,open-meteo-cams
ab055517-bcd8-4834-8a9a-864346db8c6e,Stack 16 - Cement Plant 6,21.36,81.678,2026-03-13T05:00,PM2.5,46.1,ug/m3,open-meteo-cams
ab055517-bcd8-4834-8a9a-864346db8c6e,Stack 16 - Cement Plant 6,21.36,81.678,2026-03-13T05:00,NO2,23.4,ug/m3,open-meteo-cams
ab055517-bcd8-4834-8a9a-864346db8c6e,Stack 16 - Cement Plant 6,21.36,81.678,2026-03-13T05:00,SO2,13.4,ug/m3,open-meteo-cams
ab055517-bcd8-4834-8a9a-864346db8c6e,Stack 16 - Cement Plant 6,21.36,81.678,2026-03-13T06:00,PM2.5,25.9,ug/m3,open-meteo-cams
ab055517-bcd8-4834-8a9a-864346db8c6e,Stack 16 - Cement Plant 6,21.36,81.678,2026-03-13T06:00,NO2,12.2,ug/m3,open-meteo-cams
ab055517-bcd8-4834-8a9a-864346db8c6e,Stack 16 - Cement Plant 6,21.36,81.678,2026-03-13T06:00,SO2,12.6,ug/m3,open-meteo-cams
ab055517-bcd8-4834-8a9a-864346db8c6e,Stack 16 - Cement Plant 6,21.36,81.678,2026-03-13T07:00,PM2.5,21.5,ug/m3,open-meteo-cams
ab055517-bcd8-4834-8a9a-864346db8c6e,Stack 16 - Cement Plant 6,21.36,81.678,2026-03-13T07:00,NO2,8.0,ug/m3,open-meteo-cams
ab055517-bcd8-4834-8a9a-864346db8c6e,Stack 16 - Cement Plant 6,21.36,81.678,2026-03-13T07:00,SO2,11.3,ug/m3,open-meteo-cams
ab055517-bcd8-4834-8a9a-864346db8c6e,Stack 16 - Cement Plant 6,21.36,81.678,2026-03-13T08:00,PM2.5,21.0,ug/m3,open-meteo-cams
ab055517-bcd8-4834-8a9a-864346db8c6e,Stack 16 - Cement Plant 6,21.36,81.678,2026-03-13T08:00,NO2,7.4,ug/m3,open-meteo-cams
ab055517-bcd8-4834-8a9a-864346db8c6e,Stack 16 - Cement Plant 6,21.36,81.678,2026-03-13T08:00,SO2,9.8,ug/m3,open-meteo-cams
ab055517-bcd8-4834-8a9a-864346db8c6e,Stack 16 - Cement Plant 6,21.36,81.678,2026-03-13T09:00,PM2.5,21.1,ug/m3,open-meteo-cams
ab055517-bcd8-4834-8a9a-864346db8c6e,Stack 16 - Cement Plant 6,21.36,81.678,2026-03-13T09:00,NO2,8.5,ug/m3,open-meteo-cams
ab055517-bcd8-4834-8a9a-864346db8c6e,Stack 16 - Cement Plant 6,21.36,81.678,2026-03-13T09:00,SO2,8.7,ug/m3,open-meteo-cams
ab055517-bcd8-4834-8a9a-864346db8c6e,Stack 16 - Cement Plant 6,21.36,81.678,2026-03-13T10:00,PM2.5,21.1,ug/m3,open-meteo-cams
ab055517-bcd8-4834-8a9a-864346db8c6e,Stack 16 - Cement Plant 6,21.36,81.678,2026-03-13T10:00,NO2,11.5,ug/m3,open-meteo-cams
ab055517-bcd8-4834-8a9a-864346db8c6e,Stack 16 - Cement Plant 6,21.36,81.678,2026-03-13T10:00,SO2,8.4,ug/m3,open-meteo-cams
ab055517-bcd8-4834-8a9a-864346db8c6e,Stack 16 - Cement Plant 6,21.36,81.678,2026-03-13T11:00,PM2.5,21.4,ug/m3,open-meteo-cams
ab055517-bcd8-4834-8a9a-864346db8c6e,Stack 16 - Cement Plant 6,21.36,81.678,2026-03-13T11:00,NO2,16.2,ug/m3,open-meteo-cams
ab055517-bcd8-4834-8a9a-864346db8c6e,Stack 16 - Cement Plant 6,21.36,81.678,2026-03-13T11:00,SO2,8.5,ug/m3,open-meteo-cams
ab055517-bcd8-4834-8a9a-864346db8c6e,Stack 16 - Cement Plant 6,21.36,81.678,2026-03-13T12:00,PM2.5,29.5,ug/m3,open-meteo-cams
ab055517-bcd8-4834-8a9a-864346db8c6e,Stack 16 - Cement Plant 6,21.36,81.678,2026-03-13T12:00,NO2,20.2,ug/m3,open-meteo-cams
ab055517-bcd8-4834-8a9a-864346db8c6e,Stack 16 - Cement Plant 6,21.36,81.678,2026-03-13T12:00,SO2,8.9,ug/m3,open-meteo-cams
ab055517-bcd8-4834-8a9a-864346db8c6e,Stack 16 - Cement Plant 6,21.36,81.678,2026-03-13T13:00,PM2.5,42.5,ug/m3,open-meteo-cams
ab055517-bcd8-4834-8a9a-864346db8c6e,Stack 16 - Cement Plant 6,21.36,81.678,2026-03-13T13:00,NO2,22.7,ug/m3,open-meteo-cams
ab055517-bcd8-4834-8a9a-864346db8c6e,Stack 16 - Cement Plant 6,21.36,81.678,2026-03-13T13:00,SO2,9.8,ug/m3,open-meteo-cams
ab055517-bcd8-4834-8a9a-864346db8c6e,Stack 16 - Cement Plant 6,21.36,81.678,2026-03-13T14:00,PM2.5,45.5,ug/m3,open-meteo-cams
ab055517-bcd8-4834-8a9a-864346db8c6e,Stack 16 - Cement Plant 6,21.36,81.678,2026-03-13T14:00,NO2,24.5,ug/m3,open-meteo-cams
ab055517-bcd8-4834-8a9a-864346db8c6e,Stack 16 - Cement Plant 6,21.36,81.678,2026-03-13T14:00,SO2,10.9,ug/m3,open-meteo-cams
ab055517-bcd8-4834-8a9a-864346db8c6e,Stack 16 - Cement Plant 6,21.36,81.678,2026-03-13T15:00,PM2.5,43.8,ug/m3,open-meteo-cams
ab055517-bcd8-4834-8a9a-864346db8c6e,Stack 16 - Cement Plant 6,21.36,81.678,2026-03-13T15:00,NO2,25.3,ug/m3,open-meteo-cams
ab055517-bcd8-4834-8a9a-864346db8c6e,Stack 16 - Cement Plant 6,21.36,81.678,2026-03-13T15:00,SO2,11.5,ug/m3,open-meteo-cams
ab055517-bcd8-4834-8a9a-864346db8c6e,Stack 16 - Cement Plant 6,21.36,81.678,2026-03-13T16:00,PM2.5,42.6,ug/m3,open-meteo-cams
ab055517-bcd8-4834-8a9a-864346db8c6e,Stack 16 - Cement Plant 6,21.36,81.678,2026-03-13T16:00,NO2,24.3,ug/m3,open-meteo-cams
ab055517-bcd8-4834-8a9a-864346db8c6e,Stack 16 - Cement Plant 6,21.36,81.678,2026-03-13T16:00,SO2,11.0,ug/m3,open-meteo-cams
ab055517-bcd8-4834-8a9a-864346db8c6e,Stack 16 - Cement Plant 6,21.36,81.678,2026-03-13T17:00,PM2.5,42.4,ug/m3,open-meteo-cams
ab055517-bcd8-4834-8a9a-864346db8c6e,Stack 16 - Cement Plant 6,21.36,81.678,2026-03-13T17:00,NO2,22.3,ug/m3,open-meteo-cams
ab055517-bcd8-4834-8a9a-864346db8c6e,Stack 16 - Cement Plant 6,21.36,81.678,2026-03-13T17:00,SO2,9.9,ug/m3,open-meteo-cams
ab055517-bcd8-4834-8a9a-864346db8c6e,Stack 16 - Cement Plant 6,21.36,81.678,2026-03-13T18:00,PM2.5,43.2,ug/m3,open-meteo-cams
ab055517-bcd8-4834-8a9a-864346db8c6e,Stack 16 - Cement Plant 6,21.36,81.678,2026-03-13T18:00,NO2,21.9,ug/m3,open-meteo-cams
ab055517-bcd8-4834-8a9a-864346db8c6e,Stack 16 - Cement Plant 6,21.36,81.678,2026-03-13T18:00,SO2,9.1,ug/m3,open-meteo-cams
ab055517-bcd8-4834-8a9a-864346db8c6e,Stack 16 - Cement Plant 6,21.36,81.678,2026-03-13T19:00,PM2.5,45.4,ug/m3,open-meteo-cams
ab055517-bcd8-4834-8a9a-864346db8c6e,Stack 16 - Cement Plant 6,21.36,81.678,2026-03-13T19:00,NO2,24.7,ug/m3,open-meteo-cams
ab055517-bcd8-4834-8a9a-864346db8c6e,Stack 16 - Cement Plant 6,21.36,81.678,2026-03-13T19:00,SO2,9.0,ug/m3,open-meteo-cams
ab055517-bcd8-4834-8a9a-864346db8c6e,Stack 16 - Cement Plant 6,21.36,81.678,2026-03-13T20:00,PM2.5,51.6,ug/m3,open-meteo-cams
ab055517-bcd8-4834-8a9a-864346db8c6e,Stack 16 - Cement Plant 6,21.36,81.678,2026-03-13T20:00,NO2,29.0,ug/m3,open-meteo-cams
ab055517-bcd8-4834-8a9a-864346db8c6e,Stack 16 - Cement Plant 6,21.36,81.678,2026-03-13T20:00,SO2,9.1,ug/m3,open-meteo-cams
ab055517-bcd8-4834-8a9a-864346db8c6e,Stack 16 - Cement Plant 6,21.36,81.678,2026-03-13T21:00,PM2.5,57.5,ug/m3,open-meteo-cams
ab055517-bcd8-4834-8a9a-864346db8c6e,Stack 16 - Cement Plant 6,21.36,81.678,2026-03-13T21:00,NO2,32.8,ug/m3,open-meteo-cams
ab055517-bcd8-4834-8a9a-864346db8c6e,Stack 16 - Cement Plant 6,21.36,81.678,2026-03-13T21:00,SO2,9.3,ug/m3,open-meteo-cams
ab055517-bcd8-4834-8a9a-864346db8c6e,Stack 16 - Cement Plant 6,21.36,81.678,2026-03-13T22:00,PM2.5,63.3,ug/m3,open-meteo-cams
ab055517-bcd8-4834-8a9a-864346db8c6e,Stack 16 - Cement Plant 6,21.36,81.678,2026-03-13T22:00,NO2,35.6,ug/m3,open-meteo-cams
ab055517-bcd8-4834-8a9a-864346db8c6e,Stack 16 - Cement Plant 6,21.36,81.678,2026-03-13T22:00,SO2,9.4,ug/m3,open-meteo-cams
ab055517-bcd8-4834-8a9a-864346db8c6e,Stack 16 - Cement Plant 6,21.36,81.678,2026-03-13T23:00,PM2.5,67.8,ug/m3,open-meteo-cams
ab055517-bcd8-4834-8a9a-864346db8c6e,Stack 16 - Cement Plant 6,21.36,81.678,2026-03-13T23:00,NO2,37.9,ug/m3,open-meteo-cams
ab055517-bcd8-4834-8a9a-864346db8c6e,Stack 16 - Cement Plant 6,21.36,81.678,2026-03-13T23:00,SO2,9.4,ug/m3,open-meteo-cams
ab055517-bcd8-4834-8a9a-864346db8c6e,Stack 16 - Cement Plant 6,21.36,81.678,2026-03-14T00:00,PM2.5,63.8,ug/m3,open-meteo-cams
ab055517-bcd8-4834-8a9a-864346db8c6e,Stack 16 - Cement Plant 6,21.36,81.678,2026-03-14T00:00,NO2,38.7,ug/m3,open-meteo-cams
ab055517-bcd8-4834-8a9a-864346db8c6e,Stack 16 - Cement Plant 6,21.36,81.678,2026-03-14T00:00,SO2,9.5,ug/m3,open-meteo-cams
ab055517-bcd8-4834-8a9a-864346db8c6e,Stack 16 - Cement Plant 6,21.36,81.678,2026-03-14T01:00,PM2.5,55.5,ug/m3,open-meteo-cams
ab055517-bcd8-4834-8a9a-864346db8c6e,Stack 16 - Cement Plant 6,21.36,81.678,2026-03-14T01:00,NO2,37.5,ug/m3,open-meteo-cams
ab055517-bcd8-4834-8a9a-864346db8c6e,Stack 16 - Cement Plant 6,21.36,81.678,2026-03-14T01:00,SO2,9.6,ug/m3,open-meteo-cams
ab055517-bcd8-4834-8a9a-864346db8c6e,Stack 16 - Cement Plant 6,21.36,81.678,2026-03-14T02:00,PM2.5,48.8,ug/m3,open-meteo-cams
ab055517-bcd8-4834-8a9a-864346db8c6e,Stack 16 - Cement Plant 6,21.36,81.678,2026-03-14T02:00,NO2,34.9,ug/m3,open-meteo-cams
ab055517-bcd8-4834-8a9a-864346db8c6e,Stack 16 - Cement Plant 6,21.36,81.678,2026-03-14T02:00,SO2,9.6,ug/m3,open-meteo-cams
ab055517-bcd8-4834-8a9a-864346db8c6e,Stack 16 - Cement Plant 6,21.36,81.678,2026-03-14T03:00,PM2.5,48.1,ug/m3,open-meteo-cams
ab055517-bcd8-4834-8a9a-864346db8c6e,Stack 16 - Cement Plant 6,21.36,81.678,2026-03-14T03:00,NO2,31.1,ug/m3,open-meteo-cams
ab055517-bcd8-4834-8a9a-864346db8c6e,Stack 16 - Cement Plant 6,21.36,81.678,2026-03-14T03:00,SO2,10.1,ug/m3,open-meteo-cams
ab055517-bcd8-4834-8a9a-864346db8c6e,Stack 16 - Cement Plant 6,21.36,81.678,2026-03-14T04:00,PM2.5,48.4,ug/m3,open-meteo-cams
ab055517-bcd8-4834-8a9a-864346db8c6e,Stack 16 - Cement Plant 6,21.36,81.678,2026-03-14T04:00,NO2,25.5,ug/m3,open-meteo-cams
ab055517-bcd8-4834-8a9a-864346db8c6e,Stack 16 - Cement Plant 6,21.36,81.678,2026-03-14T04:00,SO2,11.5,ug/m3,open-meteo-cams
ab055517-bcd8-4834-8a9a-864346db8c6e,Stack 16 - Cement Plant 6,21.36,81.678,2026-03-14T05:00,PM2.5,45.8,ug/m3,open-meteo-cams
ab055517-bcd8-4834-8a9a-864346db8c6e,Stack 16 - Cement Plant 6,21.36,81.678,2026-03-14T05:00,NO2,18.8,ug/m3,open-meteo-cams
ab055517-bcd8-4834-8a9a-864346db8c6e,Stack 16 - Cement Plant 6,21.36,81.678,2026-03-14T05:00,SO2,13.2,ug/m3,open-meteo-cams
ab055517-bcd8-4834-8a9a-864346db8c6e,Stack 16 - Cement Plant 6,21.36,81.678,2026-03-14T06:00,PM2.5,37.8,ug/m3,open-meteo-cams
ab055517-bcd8-4834-8a9a-864346db8c6e,Stack 16 - Cement Plant 6,21.36,81.678,2026-03-14T06:00,NO2,13.2,ug/m3,open-meteo-cams
ab055517-bcd8-4834-8a9a-864346db8c6e,Stack 16 - Cement Plant 6,21.36,81.678,2026-03-14T06:00,SO2,13.9,ug/m3,open-meteo-cams
ab055517-bcd8-4834-8a9a-864346db8c6e,Stack 16 - Cement Plant 6,21.36,81.678,2026-03-14T07:00,PM2.5,31.8,ug/m3,open-meteo-cams
ab055517-bcd8-4834-8a9a-864346db8c6e,Stack 16 - Cement Plant 6,21.36,81.678,2026-03-14T07:00,NO2,9.2,ug/m3,open-meteo-cams
ab055517-bcd8-4834-8a9a-864346db8c6e,Stack 16 - Cement Plant 6,21.36,81.678,2026-03-14T07:00,SO2,12.5,ug/m3,open-meteo-cams
ab055517-bcd8-4834-8a9a-864346db8c6e,Stack 16 - Cement Plant 6,21.36,81.678,2026-03-14T08:00,PM2.5,23.3,ug/m3,open-meteo-cams
ab055517-bcd8-4834-8a9a-864346db8c6e,Stack 16 - Cement Plant 6,21.36,81.678,2026-03-14T08:00,NO2,6.5,ug/m3,open-meteo-cams
ab055517-bcd8-4834-8a9a-864346db8c6e,Stack 16 - Cement Plant 6,21.36,81.678,2026-03-14T08:00,SO2,10.0,ug/m3,open-meteo-cams
ab055517-bcd8-4834-8a9a-864346db8c6e,Stack 16 - Cement Plant 6,21.36,81.678,2026-03-14T09:00,PM2.5,20.7,ug/m3,open-meteo-cams
ab055517-bcd8-4834-8a9a-864346db8c6e,Stack 16 - Cement Plant 6,21.36,81.678,2026-03-14T09:00,NO2,5.7,ug/m3,open-meteo-cams
ab055517-bcd8-4834-8a9a-864346db8c6e,Stack 16 - Cement Plant 6,21.36,81.678,2026-03-14T09:00,SO2,8.2,ug/m3,open-meteo-cams
ab055517-bcd8-4834-8a9a-864346db8c6e,Stack 16 - Cement Plant 6,21.36,81.678,2026-03-14T10:00,PM2.5,20.3,ug/m3,open-meteo-cams
ab055517-bcd8-4834-8a9a-864346db8c6e,Stack 16 - Cement Plant 6,21.36,81.678,2026-03-14T10:00,NO2,7.9,ug/m3,open-meteo-cams
ab055517-bcd8-4834-8a9a-864346db8c6e,Stack 16 - Cement Plant 6,21.36,81.678,2026-03-14T10:00,SO2,7.8,ug/m3,open-meteo-cams
ab055517-bcd8-4834-8a9a-864346db8c6e,Stack 16 - Cement Plant 6,21.36,81.678,2026-03-14T11:00,PM2.5,20.8,ug/m3,open-meteo-cams
ab055517-bcd8-4834-8a9a-864346db8c6e,Stack 16 - Cement Plant 6,21.36,81.678,2026-03-14T11:00,NO2,12.2,ug/m3,open-meteo-cams
ab055517-bcd8-4834-8a9a-864346db8c6e,Stack 16 - Cement Plant 6,21.36,81.678,2026-03-14T11:00,SO2,8.1,ug/m3,open-meteo-cams
ab055517-bcd8-4834-8a9a-864346db8c6e,Stack 16 - Cement Plant 6,21.36,81.678,2026-03-14T12:00,PM2.5,28.7,ug/m3,open-meteo-cams
ab055517-bcd8-4834-8a9a-864346db8c6e,Stack 16 - Cement Plant 6,21.36,81.678,2026-03-14T12:00,NO2,16.6,ug/m3,open-meteo-cams
ab055517-bcd8-4834-8a9a-864346db8c6e,Stack 16 - Cement Plant 6,21.36,81.678,2026-03-14T12:00,SO2,8.8,ug/m3,open-meteo-cams
ab055517-bcd8-4834-8a9a-864346db8c6e,Stack 16 - Cement Plant 6,21.36,81.678,2026-03-14T13:00,PM2.5,41.1,ug/m3,open-meteo-cams
ab055517-bcd8-4834-8a9a-864346db8c6e,Stack 16 - Cement Plant 6,21.36,81.678,2026-03-14T13:00,NO2,20.7,ug/m3,open-meteo-cams
ab055517-bcd8-4834-8a9a-864346db8c6e,Stack 16 - Cement Plant 6,21.36,81.678,2026-03-14T13:00,SO2,10.1,ug/m3,open-meteo-cams
ab055517-bcd8-4834-8a9a-864346db8c6e,Stack 16 - Cement Plant 6,21.36,81.678,2026-03-14T14:00,PM2.5,48.4,ug/m3,open-meteo-cams
ab055517-bcd8-4834-8a9a-864346db8c6e,Stack 16 - Cement Plant 6,21.36,81.678,2026-03-14T14:00,NO2,24.8,ug/m3,open-meteo-cams
ab055517-bcd8-4834-8a9a-864346db8c6e,Stack 16 - Cement Plant 6,21.36,81.678,2026-03-14T14:00,SO2,11.9,ug/m3,open-meteo-cams
ab055517-bcd8-4834-8a9a-864346db8c6e,Stack 16 - Cement Plant 6,21.36,81.678,2026-03-14T15:00,PM2.5,51.9,ug/m3,open-meteo-cams
ab055517-bcd8-4834-8a9a-864346db8c6e,Stack 16 - Cement Plant 6,21.36,81.678,2026-03-14T15:00,NO2,28.1,ug/m3,open-meteo-cams
ab055517-bcd8-4834-8a9a-864346db8c6e,Stack 16 - Cement Plant 6,21.36,81.678,2026-03-14T15:00,SO2,13.1,ug/m3,open-meteo-cams
ab055517-bcd8-4834-8a9a-864346db8c6e,Stack 16 - Cement Plant 6,21.36,81.678,2026-03-14T16:00,PM2.5,55.3,ug/m3,open-meteo-cams
ab055517-bcd8-4834-8a9a-864346db8c6e,Stack 16 - Cement Plant 6,21.36,81.678,2026-03-14T16:00,NO2,30.2,ug/m3,open-meteo-cams
ab055517-bcd8-4834-8a9a-864346db8c6e,Stack 16 - Cement Plant 6,21.36,81.678,2026-03-14T16:00,SO2,13.4,ug/m3,open-meteo-cams
ab055517-bcd8-4834-8a9a-864346db8c6e,Stack 16 - Cement Plant 6,21.36,81.678,2026-03-14T17:00,PM2.5,59.3,ug/m3,open-meteo-cams
ab055517-bcd8-4834-8a9a-864346db8c6e,Stack 16 - Cement Plant 6,21.36,81.678,2026-03-14T17:00,NO2,31.5,ug/m3,open-meteo-cams
ab055517-bcd8-4834-8a9a-864346db8c6e,Stack 16 - Cement Plant 6,21.36,81.678,2026-03-14T17:00,SO2,13.2,ug/m3,open-meteo-cams
ab055517-bcd8-4834-8a9a-864346db8c6e,Stack 16 - Cement Plant 6,21.36,81.678,2026-03-14T18:00,PM2.5,63.1,ug/m3,open-meteo-cams
ab055517-bcd8-4834-8a9a-864346db8c6e,Stack 16 - Cement Plant 6,21.36,81.678,2026-03-14T18:00,NO2,32.3,ug/m3,open-meteo-cams
ab055517-bcd8-4834-8a9a-864346db8c6e,Stack 16 - Cement Plant 6,21.36,81.678,2026-03-14T18:00,SO2,12.6,ug/m3,open-meteo-cams
ab055517-bcd8-4834-8a9a-864346db8c6e,Stack 16 - Cement Plant 6,21.36,81.678,2026-03-14T19:00,PM2.5,62.2,ug/m3,open-meteo-cams
ab055517-bcd8-4834-8a9a-864346db8c6e,Stack 16 - Cement Plant 6,21.36,81.678,2026-03-14T19:00,NO2,32.9,ug/m3,open-meteo-cams
ab055517-bcd8-4834-8a9a-864346db8c6e,Stack 16 - Cement Plant 6,21.36,81.678,2026-03-14T19:00,SO2,11.6,ug/m3,open-meteo-cams
ab055517-bcd8-4834-8a9a-864346db8c6e,Stack 16 - Cement Plant 6,21.36,81.678,2026-03-14T20:00,PM2.5,56.8,ug/m3,open-meteo-cams
ab055517-bcd8-4834-8a9a-864346db8c6e,Stack 16 - Cement Plant 6,21.36,81.678,2026-03-14T20:00,NO2,33.0,ug/m3,open-meteo-cams
ab055517-bcd8-4834-8a9a-864346db8c6e,Stack 16 - Cement Plant 6,21.36,81.678,2026-03-14T20:00,SO2,10.3,ug/m3,open-meteo-cams
ab055517-bcd8-4834-8a9a-864346db8c6e,Stack 16 - Cement Plant 6,21.36,81.678,2026-03-14T21:00,PM2.5,51.8,ug/m3,open-meteo-cams
ab055517-bcd8-4834-8a9a-864346db8c6e,Stack 16 - Cement Plant 6,21.36,81.678,2026-03-14T21:00,NO2,32.3,ug/m3,open-meteo-cams
ab055517-bcd8-4834-8a9a-864346db8c6e,Stack 16 - Cement Plant 6,21.36,81.678,2026-03-14T21:00,SO2,9.3,ug/m3,open-meteo-cams
ab055517-bcd8-4834-8a9a-864346db8c6e,Stack 16 - Cement Plant 6,21.36,81.678,2026-03-14T22:00,PM2.5,46.4,ug/m3,open-meteo-cams
ab055517-bcd8-4834-8a9a-864346db8c6e,Stack 16 - Cement Plant 6,21.36,81.678,2026-03-14T22:00,NO2,30.2,ug/m3,open-meteo-cams
ab055517-bcd8-4834-8a9a-864346db8c6e,Stack 16 - Cement Plant 6,21.36,81.678,2026-03-14T22:00,SO2,8.8,ug/m3,open-meteo-cams
ab055517-bcd8-4834-8a9a-864346db8c6e,Stack 16 - Cement Plant 6,21.36,81.678,2026-03-14T23:00,PM2.5,42.6,ug/m3,open-meteo-cams
ab055517-bcd8-4834-8a9a-864346db8c6e,Stack 16 - Cement Plant 6,21.36,81.678,2026-03-14T23:00,NO2,27.2,ug/m3,open-meteo-cams
ab055517-bcd8-4834-8a9a-864346db8c6e,Stack 16 - Cement Plant 6,21.36,81.678,2026-03-14T23:00,SO2,8.6,ug/m3,open-meteo-cams
843f7f5c-d1a8-4041-a299-402efec64c99,Stack 17 - Cement Plant 7,21.37,81.686,2026-03-13T00:00,PM2.5,64.7,ug/m3,open-meteo-cams
843f7f5c-d1a8-4041-a299-402efec64c99,Stack 17 - Cement Plant 7,21.37,81.686,2026-03-13T00:00,NO2,39.4,ug/m3,open-meteo-cams
843f7f5c-d1a8-4041-a299-402efec64c99,Stack 17 - Cement Plant 7,21.37,81.686,2026-03-13T00:00,SO2,9.3,ug/m3,open-meteo-cams
843f7f5c-d1a8-4041-a299-402efec64c99,Stack 17 - Cement Plant 7,21.37,81.686,2026-03-13T01:00,PM2.5,72.6,ug/m3,open-meteo-cams
843f7f5c-d1a8-4041-a299-402efec64c99,Stack 17 - Cement Plant 7,21.37,81.686,2026-03-13T01:00,NO2,43.2,ug/m3,open-meteo-cams
843f7f5c-d1a8-4041-a299-402efec64c99,Stack 17 - Cement Plant 7,21.37,81.686,2026-03-13T01:00,SO2,10.7,ug/m3,open-meteo-cams
843f7f5c-d1a8-4041-a299-402efec64c99,Stack 17 - Cement Plant 7,21.37,81.686,2026-03-13T02:00,PM2.5,78.7,ug/m3,open-meteo-cams
843f7f5c-d1a8-4041-a299-402efec64c99,Stack 17 - Cement Plant 7,21.37,81.686,2026-03-13T02:00,NO2,48.0,ug/m3,open-meteo-cams
843f7f5c-d1a8-4041-a299-402efec64c99,Stack 17 - Cement Plant 7,21.37,81.686,2026-03-13T02:00,SO2,12.6,ug/m3,open-meteo-cams
843f7f5c-d1a8-4041-a299-402efec64c99,Stack 17 - Cement Plant 7,21.37,81.686,2026-03-13T03:00,PM2.5,73.8,ug/m3,open-meteo-cams
843f7f5c-d1a8-4041-a299-402efec64c99,Stack 17 - Cement Plant 7,21.37,81.686,2026-03-13T03:00,NO2,47.9,ug/m3,open-meteo-cams
843f7f5c-d1a8-4041-a299-402efec64c99,Stack 17 - Cement Plant 7,21.37,81.686,2026-03-13T03:00,SO2,13.9,ug/m3,open-meteo-cams
843f7f5c-d1a8-4041-a299-402efec64c99,Stack 17 - Cement Plant 7,21.37,81.686,2026-03-13T04:00,PM2.5,68.9,ug/m3,open-meteo-cams
843f7f5c-d1a8-4041-a299-402efec64c99,Stack 17 - Cement Plant 7,21.37,81.686,2026-03-13T04:00,NO2,38.1,ug/m3,open-meteo-cams
843f7f5c-d1a8-4041-a299-402efec64c99,Stack 17 - Cement Plant 7,21.37,81.686,2026-03-13T04:00,SO2,14.0,ug/m3,open-meteo-cams
843f7f5c-d1a8-4041-a299-402efec64c99,Stack 17 - Cement Plant 7,21.37,81.686,2026-03-13T05:00,PM2.5,46.1,ug/m3,open-meteo-cams
843f7f5c-d1a8-4041-a299-402efec64c99,Stack 17 - Cement Plant 7,21.37,81.686,2026-03-13T05:00,NO2,23.4,ug/m3,open-meteo-cams
843f7f5c-d1a8-4041-a299-402efec64c99,Stack 17 - Cement Plant 7,21.37,81.686,2026-03-13T05:00,SO2,13.4,ug/m3,open-meteo-cams
843f7f5c-d1a8-4041-a299-402efec64c99,Stack 17 - Cement Plant 7,21.37,81.686,2026-03-13T06:00,PM2.5,25.9,ug/m3,open-meteo-cams
843f7f5c-d1a8-4041-a299-402efec64c99,Stack 17 - Cement Plant 7,21.37,81.686,2026-03-13T06:00,NO2,12.2,ug/m3,open-meteo-cams
843f7f5c-d1a8-4041-a299-402efec64c99,Stack 17 - Cement Plant 7,21.37,81.686,2026-03-13T06:00,SO2,12.6,ug/m3,open-meteo-cams
843f7f5c-d1a8-4041-a299-402efec64c99,Stack 17 - Cement Plant 7,21.37,81.686,2026-03-13T07:00,PM2.5,21.5,ug/m3,open-meteo-cams
843f7f5c-d1a8-4041-a299-402efec64c99,Stack 17 - Cement Plant 7,21.37,81.686,2026-03-13T07:00,NO2,8.0,ug/m3,open-meteo-cams
843f7f5c-d1a8-4041-a299-402efec64c99,Stack 17 - Cement Plant 7,21.37,81.686,2026-03-13T07:00,SO2,11.3,ug/m3,open-meteo-cams
843f7f5c-d1a8-4041-a299-402efec64c99,Stack 17 - Cement Plant 7,21.37,81.686,2026-03-13T08:00,PM2.5,21.0,ug/m3,open-meteo-cams
843f7f5c-d1a8-4041-a299-402efec64c99,Stack 17 - Cement Plant 7,21.37,81.686,2026-03-13T08:00,NO2,7.4,ug/m3,open-meteo-cams
843f7f5c-d1a8-4041-a299-402efec64c99,Stack 17 - Cement Plant 7,21.37,81.686,2026-03-13T08:00,SO2,9.8,ug/m3,open-meteo-cams
843f7f5c-d1a8-4041-a299-402efec64c99,Stack 17 - Cement Plant 7,21.37,81.686,2026-03-13T09:00,PM2.5,21.1,ug/m3,open-meteo-cams
843f7f5c-d1a8-4041-a299-402efec64c99,Stack 17 - Cement Plant 7,21.37,81.686,2026-03-13T09:00,NO2,8.5,ug/m3,open-meteo-cams
843f7f5c-d1a8-4041-a299-402efec64c99,Stack 17 - Cement Plant 7,21.37,81.686,2026-03-13T09:00,SO2,8.7,ug/m3,open-meteo-cams
843f7f5c-d1a8-4041-a299-402efec64c99,Stack 17 - Cement Plant 7,21.37,81.686,2026-03-13T10:00,PM2.5,21.1,ug/m3,open-meteo-cams
843f7f5c-d1a8-4041-a299-402efec64c99,Stack 17 - Cement Plant 7,21.37,81.686,2026-03-13T10:00,NO2,11.5,ug/m3,open-meteo-cams
843f7f5c-d1a8-4041-a299-402efec64c99,Stack 17 - Cement Plant 7,21.37,81.686,2026-03-13T10:00,SO2,8.4,ug/m3,open-meteo-cams
843f7f5c-d1a8-4041-a299-402efec64c99,Stack 17 - Cement Plant 7,21.37,81.686,2026-03-13T11:00,PM2.5,21.4,ug/m3,open-meteo-cams
843f7f5c-d1a8-4041-a299-402efec64c99,Stack 17 - Cement Plant 7,21.37,81.686,2026-03-13T11:00,NO2,16.2,ug/m3,open-meteo-cams
843f7f5c-d1a8-4041-a299-402efec64c99,Stack 17 - Cement Plant 7,21.37,81.686,2026-03-13T11:00,SO2,8.5,ug/m3,open-meteo-cams
843f7f5c-d1a8-4041-a299-402efec64c99,Stack 17 - Cement Plant 7,21.37,81.686,2026-03-13T12:00,PM2.5,29.5,ug/m3,open-meteo-cams
843f7f5c-d1a8-4041-a299-402efec64c99,Stack 17 - Cement Plant 7,21.37,81.686,2026-03-13T12:00,NO2,20.2,ug/m3,open-meteo-cams
843f7f5c-d1a8-4041-a299-402efec64c99,Stack 17 - Cement Plant 7,21.37,81.686,2026-03-13T12:00,SO2,8.9,ug/m3,open-meteo-cams
843f7f5c-d1a8-4041-a299-402efec64c99,Stack 17 - Cement Plant 7,21.37,81.686,2026-03-13T13:00,PM2.5,42.5,ug/m3,open-meteo-cams
843f7f5c-d1a8-4041-a299-402efec64c99,Stack 17 - Cement Plant 7,21.37,81.686,2026-03-13T13:00,NO2,22.7,ug/m3,open-meteo-cams
843f7f5c-d1a8-4041-a299-402efec64c99,Stack 17 - Cement Plant 7,21.37,81.686,2026-03-13T13:00,SO2,9.8,ug/m3,open-meteo-cams
843f7f5c-d1a8-4041-a299-402efec64c99,Stack 17 - Cement Plant 7,21.37,81.686,2026-03-13T14:00,PM2.5,45.5,ug/m3,open-meteo-cams
843f7f5c-d1a8-4041-a299-402efec64c99,Stack 17 - Cement Plant 7,21.37,81.686,2026-03-13T14:00,NO2,24.5,ug/m3,open-meteo-cams
843f7f5c-d1a8-4041-a299-402efec64c99,Stack 17 - Cement Plant 7,21.37,81.686,2026-03-13T14:00,SO2,10.9,ug/m3,open-meteo-cams
843f7f5c-d1a8-4041-a299-402efec64c99,Stack 17 - Cement Plant 7,21.37,81.686,2026-03-13T15:00,PM2.5,43.8,ug/m3,open-meteo-cams
843f7f5c-d1a8-4041-a299-402efec64c99,Stack 17 - Cement Plant 7,21.37,81.686,2026-03-13T15:00,NO2,25.3,ug/m3,open-meteo-cams
843f7f5c-d1a8-4041-a299-402efec64c99,Stack 17 - Cement Plant 7,21.37,81.686,2026-03-13T15:00,SO2,11.5,ug/m3,open-meteo-cams
843f7f5c-d1a8-4041-a299-402efec64c99,Stack 17 - Cement Plant 7,21.37,81.686,2026-03-13T16:00,PM2.5,42.6,ug/m3,open-meteo-cams
843f7f5c-d1a8-4041-a299-402efec64c99,Stack 17 - Cement Plant 7,21.37,81.686,2026-03-13T16:00,NO2,24.3,ug/m3,open-meteo-cams
843f7f5c-d1a8-4041-a299-402efec64c99,Stack 17 - Cement Plant 7,21.37,81.686,2026-03-13T16:00,SO2,11.0,ug/m3,open-meteo-cams
843f7f5c-d1a8-4041-a299-402efec64c99,Stack 17 - Cement Plant 7,21.37,81.686,2026-03-13T17:00,PM2.5,42.4,ug/m3,open-meteo-cams
843f7f5c-d1a8-4041-a299-402efec64c99,Stack 17 - Cement Plant 7,21.37,81.686,2026-03-13T17:00,NO2,22.3,ug/m3,open-meteo-cams
843f7f5c-d1a8-4041-a299-402efec64c99,Stack 17 - Cement Plant 7,21.37,81.686,2026-03-13T17:00,SO2,9.9,ug/m3,open-meteo-cams
843f7f5c-d1a8-4041-a299-402efec64c99,Stack 17 - Cement Plant 7,21.37,81.686,2026-03-13T18:00,PM2.5,43.2,ug/m3,open-meteo-cams
843f7f5c-d1a8-4041-a299-402efec64c99,Stack 17 - Cement Plant 7,21.37,81.686,2026-03-13T18:00,NO2,21.9,ug/m3,open-meteo-cams
843f7f5c-d1a8-4041-a299-402efec64c99,Stack 17 - Cement Plant 7,21.37,81.686,2026-03-13T18:00,SO2,9.1,ug/m3,open-meteo-cams
843f7f5c-d1a8-4041-a299-402efec64c99,Stack 17 - Cement Plant 7,21.37,81.686,2026-03-13T19:00,PM2.5,45.4,ug/m3,open-meteo-cams
843f7f5c-d1a8-4041-a299-402efec64c99,Stack 17 - Cement Plant 7,21.37,81.686,2026-03-13T19:00,NO2,24.7,ug/m3,open-meteo-cams
843f7f5c-d1a8-4041-a299-402efec64c99,Stack 17 - Cement Plant 7,21.37,81.686,2026-03-13T19:00,SO2,9.0,ug/m3,open-meteo-cams
843f7f5c-d1a8-4041-a299-402efec64c99,Stack 17 - Cement Plant 7,21.37,81.686,2026-03-13T20:00,PM2.5,51.6,ug/m3,open-meteo-cams
843f7f5c-d1a8-4041-a299-402efec64c99,Stack 17 - Cement Plant 7,21.37,81.686,2026-03-13T20:00,NO2,29.0,ug/m3,open-meteo-cams
843f7f5c-d1a8-4041-a299-402efec64c99,Stack 17 - Cement Plant 7,21.37,81.686,2026-03-13T20:00,SO2,9.1,ug/m3,open-meteo-cams
843f7f5c-d1a8-4041-a299-402efec64c99,Stack 17 - Cement Plant 7,21.37,81.686,2026-03-13T21:00,PM2.5,57.5,ug/m3,open-meteo-cams
843f7f5c-d1a8-4041-a299-402efec64c99,Stack 17 - Cement Plant 7,21.37,81.686,2026-03-13T21:00,NO2,32.8,ug/m3,open-meteo-cams
843f7f5c-d1a8-4041-a299-402efec64c99,Stack 17 - Cement Plant 7,21.37,81.686,2026-03-13T21:00,SO2,9.3,ug/m3,open-meteo-cams
843f7f5c-d1a8-4041-a299-402efec64c99,Stack 17 - Cement Plant 7,21.37,81.686,2026-03-13T22:00,PM2.5,63.3,ug/m3,open-meteo-cams
843f7f5c-d1a8-4041-a299-402efec64c99,Stack 17 - Cement Plant 7,21.37,81.686,2026-03-13T22:00,NO2,35.6,ug/m3,open-meteo-cams
843f7f5c-d1a8-4041-a299-402efec64c99,Stack 17 - Cement Plant 7,21.37,81.686,2026-03-13T22:00,SO2,9.4,ug/m3,open-meteo-cams
843f7f5c-d1a8-4041-a299-402efec64c99,Stack 17 - Cement Plant 7,21.37,81.686,2026-03-13T23:00,PM2.5,67.8,ug/m3,open-meteo-cams
843f7f5c-d1a8-4041-a299-402efec64c99,Stack 17 - Cement Plant 7,21.37,81.686,2026-03-13T23:00,NO2,37.9,ug/m3,open-meteo-cams
843f7f5c-d1a8-4041-a299-402efec64c99,Stack 17 - Cement Plant 7,21.37,81.686,2026-03-13T23:00,SO2,9.4,ug/m3,open-meteo-cams
843f7f5c-d1a8-4041-a299-402efec64c99,Stack 17 - Cement Plant 7,21.37,81.686,2026-03-14T00:00,PM2.5,63.8,ug/m3,open-meteo-cams
843f7f5c-d1a8-4041-a299-402efec64c99,Stack 17 - Cement Plant 7,21.37,81.686,2026-03-14T00:00,NO2,38.7,ug/m3,open-meteo-cams
843f7f5c-d1a8-4041-a299-402efec64c99,Stack 17 - Cement Plant 7,21.37,81.686,2026-03-14T00:00,SO2,9.5,ug/m3,open-meteo-cams
843f7f5c-d1a8-4041-a299-402efec64c99,Stack 17 - Cement Plant 7,21.37,81.686,2026-03-14T01:00,PM2.5,55.5,ug/m3,open-meteo-cams
843f7f5c-d1a8-4041-a299-402efec64c99,Stack 17 - Cement Plant 7,21.37,81.686,2026-03-14T01:00,NO2,37.5,ug/m3,open-meteo-cams
843f7f5c-d1a8-4041-a299-402efec64c99,Stack 17 - Cement Plant 7,21.37,81.686,2026-03-14T01:00,SO2,9.6,ug/m3,open-meteo-cams
843f7f5c-d1a8-4041-a299-402efec64c99,Stack 17 - Cement Plant 7,21.37,81.686,2026-03-14T02:00,PM2.5,48.8,ug/m3,open-meteo-cams
843f7f5c-d1a8-4041-a299-402efec64c99,Stack 17 - Cement Plant 7,21.37,81.686,2026-03-14T02:00,NO2,34.9,ug/m3,open-meteo-cams
843f7f5c-d1a8-4041-a299-402efec64c99,Stack 17 - Cement Plant 7,21.37,81.686,2026-03-14T02:00,SO2,9.6,ug/m3,open-meteo-cams
843f7f5c-d1a8-4041-a299-402efec64c99,Stack 17 - Cement Plant 7,21.37,81.686,2026-03-14T03:00,PM2.5,48.1,ug/m3,open-meteo-cams
843f7f5c-d1a8-4041-a299-402efec64c99,Stack 17 - Cement Plant 7,21.37,81.686,2026-03-14T03:00,NO2,31.1,ug/m3,open-meteo-cams
843f7f5c-d1a8-4041-a299-402efec64c99,Stack 17 - Cement Plant 7,21.37,81.686,2026-03-14T03:00,SO2,10.1,ug/m3,open-meteo-cams
843f7f5c-d1a8-4041-a299-402efec64c99,Stack 17 - Cement Plant 7,21.37,81.686,2026-03-14T04:00,PM2.5,48.4,ug/m3,open-meteo-cams
843f7f5c-d1a8-4041-a299-402efec64c99,Stack 17 - Cement Plant 7,21.37,81.686,2026-03-14T04:00,NO2,25.5,ug/m3,open-meteo-cams
843f7f5c-d1a8-4041-a299-402efec64c99,Stack 17 - Cement Plant 7,21.37,81.686,2026-03-14T04:00,SO2,11.5,ug/m3,open-meteo-cams
843f7f5c-d1a8-4041-a299-402efec64c99,Stack 17 - Cement Plant 7,21.37,81.686,2026-03-14T05:00,PM2.5,45.8,ug/m3,open-meteo-cams
843f7f5c-d1a8-4041-a299-402efec64c99,Stack 17 - Cement Plant 7,21.37,81.686,2026-03-14T05:00,NO2,18.8,ug/m3,open-meteo-cams
843f7f5c-d1a8-4041-a299-402efec64c99,Stack 17 - Cement Plant 7,21.37,81.686,2026-03-14T05:00,SO2,13.2,ug/m3,open-meteo-cams
843f7f5c-d1a8-4041-a299-402efec64c99,Stack 17 - Cement Plant 7,21.37,81.686,2026-03-14T06:00,PM2.5,37.8,ug/m3,open-meteo-cams
843f7f5c-d1a8-4041-a299-402efec64c99,Stack 17 - Cement Plant 7,21.37,81.686,2026-03-14T06:00,NO2,13.2,ug/m3,open-meteo-cams
843f7f5c-d1a8-4041-a299-402efec64c99,Stack 17 - Cement Plant 7,21.37,81.686,2026-03-14T06:00,SO2,13.9,ug/m3,open-meteo-cams
843f7f5c-d1a8-4041-a299-402efec64c99,Stack 17 - Cement Plant 7,21.37,81.686,2026-03-14T07:00,PM2.5,31.8,ug/m3,open-meteo-cams
843f7f5c-d1a8-4041-a299-402efec64c99,Stack 17 - Cement Plant 7,21.37,81.686,2026-03-14T07:00,NO2,9.2,ug/m3,open-meteo-cams
843f7f5c-d1a8-4041-a299-402efec64c99,Stack 17 - Cement Plant 7,21.37,81.686,2026-03-14T07:00,SO2,12.5,ug/m3,open-meteo-cams
843f7f5c-d1a8-4041-a299-402efec64c99,Stack 17 - Cement Plant 7,21.37,81.686,2026-03-14T08:00,PM2.5,23.3,ug/m3,open-meteo-cams
843f7f5c-d1a8-4041-a299-402efec64c99,Stack 17 - Cement Plant 7,21.37,81.686,2026-03-14T08:00,NO2,6.5,ug/m3,open-meteo-cams
843f7f5c-d1a8-4041-a299-402efec64c99,Stack 17 - Cement Plant 7,21.37,81.686,2026-03-14T08:00,SO2,10.0,ug/m3,open-meteo-cams
843f7f5c-d1a8-4041-a299-402efec64c99,Stack 17 - Cement Plant 7,21.37,81.686,2026-03-14T09:00,PM2.5,20.7,ug/m3,open-meteo-cams
843f7f5c-d1a8-4041-a299-402efec64c99,Stack 17 - Cement Plant 7,21.37,81.686,2026-03-14T09:00,NO2,5.7,ug/m3,open-meteo-cams
843f7f5c-d1a8-4041-a299-402efec64c99,Stack 17 - Cement Plant 7,21.37,81.686,2026-03-14T09:00,SO2,8.2,ug/m3,open-meteo-cams
843f7f5c-d1a8-4041-a299-402efec64c99,Stack 17 - Cement Plant 7,21.37,81.686,2026-03-14T10:00,PM2.5,20.3,ug/m3,open-meteo-cams
843f7f5c-d1a8-4041-a299-402efec64c99,Stack 17 - Cement Plant 7,21.37,81.686,2026-03-14T10:00,NO2,7.9,ug/m3,open-meteo-cams
843f7f5c-d1a8-4041-a299-402efec64c99,Stack 17 - Cement Plant 7,21.37,81.686,2026-03-14T10:00,SO2,7.8,ug/m3,open-meteo-cams
843f7f5c-d1a8-4041-a299-402efec64c99,Stack 17 - Cement Plant 7,21.37,81.686,2026-03-14T11:00,PM2.5,20.8,ug/m3,open-meteo-cams
843f7f5c-d1a8-4041-a299-402efec64c99,Stack 17 - Cement Plant 7,21.37,81.686,2026-03-14T11:00,NO2,12.2,ug/m3,open-meteo-cams
843f7f5c-d1a8-4041-a299-402efec64c99,Stack 17 - Cement Plant 7,21.37,81.686,2026-03-14T11:00,SO2,8.1,ug/m3,open-meteo-cams
843f7f5c-d1a8-4041-a299-402efec64c99,Stack 17 - Cement Plant 7,21.37,81.686,2026-03-14T12:00,PM2.5,28.7,ug/m3,open-meteo-cams
843f7f5c-d1a8-4041-a299-402efec64c99,Stack 17 - Cement Plant 7,21.37,81.686,2026-03-14T12:00,NO2,16.6,ug/m3,open-meteo-cams
843f7f5c-d1a8-4041-a299-402efec64c99,Stack 17 - Cement Plant 7,21.37,81.686,2026-03-14T12:00,SO2,8.8,ug/m3,open-meteo-cams
843f7f5c-d1a8-4041-a299-402efec64c99,Stack 17 - Cement Plant 7,21.37,81.686,2026-03-14T13:00,PM2.5,41.1,ug/m3,open-meteo-cams
843f7f5c-d1a8-4041-a299-402efec64c99,Stack 17 - Cement Plant 7,21.37,81.686,2026-03-14T13:00,NO2,20.7,ug/m3,open-meteo-cams
843f7f5c-d1a8-4041-a299-402efec64c99,Stack 17 - Cement Plant 7,21.37,81.686,2026-03-14T13:00,SO2,10.1,ug/m3,open-meteo-cams
843f7f5c-d1a8-4041-a299-402efec64c99,Stack 17 - Cement Plant 7,21.37,81.686,2026-03-14T14:00,PM2.5,48.4,ug/m3,open-meteo-cams
843f7f5c-d1a8-4041-a299-402efec64c99,Stack 17 - Cement Plant 7,21.37,81.686,2026-03-14T14:00,NO2,24.8,ug/m3,open-meteo-cams
843f7f5c-d1a8-4041-a299-402efec64c99,Stack 17 - Cement Plant 7,21.37,81.686,2026-03-14T14:00,SO2,11.9,ug/m3,open-meteo-cams
843f7f5c-d1a8-4041-a299-402efec64c99,Stack 17 - Cement Plant 7,21.37,81.686,2026-03-14T15:00,PM2.5,51.9,ug/m3,open-meteo-cams
843f7f5c-d1a8-4041-a299-402efec64c99,Stack 17 - Cement Plant 7,21.37,81.686,2026-03-14T15:00,NO2,28.1,ug/m3,open-meteo-cams
843f7f5c-d1a8-4041-a299-402efec64c99,Stack 17 - Cement Plant 7,21.37,81.686,2026-03-14T15:00,SO2,13.1,ug/m3,open-meteo-cams
843f7f5c-d1a8-4041-a299-402efec64c99,Stack 17 - Cement Plant 7,21.37,81.686,2026-03-14T16:00,PM2.5,55.3,ug/m3,open-meteo-cams
843f7f5c-d1a8-4041-a299-402efec64c99,Stack 17 - Cement Plant 7,21.37,81.686,2026-03-14T16:00,NO2,30.2,ug/m3,open-meteo-cams
843f7f5c-d1a8-4041-a299-402efec64c99,Stack 17 - Cement Plant 7,21.37,81.686,2026-03-14T16:00,SO2,13.4,ug/m3,open-meteo-cams
843f7f5c-d1a8-4041-a299-402efec64c99,Stack 17 - Cement Plant 7,21.37,81.686,2026-03-14T17:00,PM2.5,59.3,ug/m3,open-meteo-cams
843f7f5c-d1a8-4041-a299-402efec64c99,Stack 17 - Cement Plant 7,21.37,81.686,2026-03-14T17:00,NO2,31.5,ug/m3,open-meteo-cams
843f7f5c-d1a8-4041-a299-402efec64c99,Stack 17 - Cement Plant 7,21.37,81.686,2026-03-14T17:00,SO2,13.2,ug/m3,open-meteo-cams
843f7f5c-d1a8-4041-a299-402efec64c99,Stack 17 - Cement Plant 7,21.37,81.686,2026-03-14T18:00,PM2.5,63.1,ug/m3,open-meteo-cams
843f7f5c-d1a8-4041-a299-402efec64c99,Stack 17 - Cement Plant 7,21.37,81.686,2026-03-14T18:00,NO2,32.3,ug/m3,open-meteo-cams
843f7f5c-d1a8-4041-a299-402efec64c99,Stack 17 - Cement Plant 7,21.37,81.686,2026-03-14T18:00,SO2,12.6,ug/m3,open-meteo-cams
843f7f5c-d1a8-4041-a299-402efec64c99,Stack 17 - Cement Plant 7,21.37,81.686,2026-03-14T19:00,PM2.5,62.2,ug/m3,open-meteo-cams
843f7f5c-d1a8-4041-a299-402efec64c99,Stack 17 - Cement Plant 7,21.37,81.686,2026-03-14T19:00,NO2,32.9,ug/m3,open-meteo-cams
843f7f5c-d1a8-4041-a299-402efec64c99,Stack 17 - Cement Plant 7,21.37,81.686,2026-03-14T19:00,SO2,11.6,ug/m3,open-meteo-cams
843f7f5c-d1a8-4041-a299-402efec64c99,Stack 17 - Cement Plant 7,21.37,81.686,2026-03-14T20:00,PM2.5,56.8,ug/m3,open-meteo-cams
843f7f5c-d1a8-4041-a299-402efec64c99,Stack 17 - Cement Plant 7,21.37,81.686,2026-03-14T20:00,NO2,33.0,ug/m3,open-meteo-cams
843f7f5c-d1a8-4041-a299-402efec64c99,Stack 17 - Cement Plant 7,21.37,81.686,2026-03-14T20:00,SO2,10.3,ug/m3,open-meteo-cams
843f7f5c-d1a8-4041-a299-402efec64c99,Stack 17 - Cement Plant 7,21.37,81.686,2026-03-14T21:00,PM2.5,51.8,ug/m3,open-meteo-cams
843f7f5c-d1a8-4041-a299-402efec64c99,Stack 17 - Cement Plant 7,21.37,81.686,2026-03-14T21:00,NO2,32.3,ug/m3,open-meteo-cams
843f7f5c-d1a8-4041-a299-402efec64c99,Stack 17 - Cement Plant 7,21.37,81.686,2026-03-14T21:00,SO2,9.3,ug/m3,open-meteo-cams
843f7f5c-d1a8-4041-a299-402efec64c99,Stack 17 - Cement Plant 7,21.37,81.686,2026-03-14T22:00,PM2.5,46.4,ug/m3,open-meteo-cams
843f7f5c-d1a8-4041-a299-402efec64c99,Stack 17 - Cement Plant 7,21.37,81.686,2026-03-14T22:00,NO2,30.2,ug/m3,open-meteo-cams
843f7f5c-d1a8-4041-a299-402efec64c99,Stack 17 - Cement Plant 7,21.37,81.686,2026-03-14T22:00,SO2,8.8,ug/m3,open-meteo-cams
843f7f5c-d1a8-4041-a299-402efec64c99,Stack 17 - Cement Plant 7,21.37,81.686,2026-03-14T23:00,PM2.5,42.6,ug/m3,open-meteo-cams
843f7f5c-d1a8-4041-a299-402efec64c99,Stack 17 - Cement Plant 7,21.37,81.686,2026-03-14T23:00,NO2,27.2,ug/m3,open-meteo-cams
843f7f5c-d1a8-4041-a299-402efec64c99,Stack 17 - Cement Plant 7,21.37,81.686,2026-03-14T23:00,SO2,8.6,ug/m3,open-meteo-cams
67fb1f53-c74d-4e13-b16f-e51974e7e078,Stack 18 - Cement Plant 8,21.38,81.694,2026-03-13T00:00,PM2.5,64.7,ug/m3,open-meteo-cams
67fb1f53-c74d-4e13-b16f-e51974e7e078,Stack 18 - Cement Plant 8,21.38,81.694,2026-03-13T00:00,NO2,39.4,ug/m3,open-meteo-cams
67fb1f53-c74d-4e13-b16f-e51974e7e078,Stack 18 - Cement Plant 8,21.38,81.694,2026-03-13T00:00,SO2,9.3,ug/m3,open-meteo-cams
67fb1f53-c74d-4e13-b16f-e51974e7e078,Stack 18 - Cement Plant 8,21.38,81.694,2026-03-13T01:00,PM2.5,72.6,ug/m3,open-meteo-cams
67fb1f53-c74d-4e13-b16f-e51974e7e078,Stack 18 - Cement Plant 8,21.38,81.694,2026-03-13T01:00,NO2,43.2,ug/m3,open-meteo-cams
67fb1f53-c74d-4e13-b16f-e51974e7e078,Stack 18 - Cement Plant 8,21.38,81.694,2026-03-13T01:00,SO2,10.7,ug/m3,open-meteo-cams
67fb1f53-c74d-4e13-b16f-e51974e7e078,Stack 18 - Cement Plant 8,21.38,81.694,2026-03-13T02:00,PM2.5,78.7,ug/m3,open-meteo-cams
67fb1f53-c74d-4e13-b16f-e51974e7e078,Stack 18 - Cement Plant 8,21.38,81.694,2026-03-13T02:00,NO2,48.0,ug/m3,open-meteo-cams
67fb1f53-c74d-4e13-b16f-e51974e7e078,Stack 18 - Cement Plant 8,21.38,81.694,2026-03-13T02:00,SO2,12.6,ug/m3,open-meteo-cams
67fb1f53-c74d-4e13-b16f-e51974e7e078,Stack 18 - Cement Plant 8,21.38,81.694,2026-03-13T03:00,PM2.5,73.8,ug/m3,open-meteo-cams
67fb1f53-c74d-4e13-b16f-e51974e7e078,Stack 18 - Cement Plant 8,21.38,81.694,2026-03-13T03:00,NO2,47.9,ug/m3,open-meteo-cams
67fb1f53-c74d-4e13-b16f-e51974e7e078,Stack 18 - Cement Plant 8,21.38,81.694,2026-03-13T03:00,SO2,13.9,ug/m3,open-meteo-cams
67fb1f53-c74d-4e13-b16f-e51974e7e078,Stack 18 - Cement Plant 8,21.38,81.694,2026-03-13T04:00,PM2.5,68.9,ug/m3,open-meteo-cams
67fb1f53-c74d-4e13-b16f-e51974e7e078,Stack 18 - Cement Plant 8,21.38,81.694,2026-03-13T04:00,NO2,38.1,ug/m3,open-meteo-cams
67fb1f53-c74d-4e13-b16f-e51974e7e078,Stack 18 - Cement Plant 8,21.38,81.694,2026-03-13T04:00,SO2,14.0,ug/m3,open-meteo-cams
67fb1f53-c74d-4e13-b16f-e51974e7e078,Stack 18 - Cement Plant 8,21.38,81.694,2026-03-13T05:00,PM2.5,46.1,ug/m3,open-meteo-cams
67fb1f53-c74d-4e13-b16f-e51974e7e078,Stack 18 - Cement Plant 8,21.38,81.694,2026-03-13T05:00,NO2,23.4,ug/m3,open-meteo-cams
67fb1f53-c74d-4e13-b16f-e51974e7e078,Stack 18 - Cement Plant 8,21.38,81.694,2026-03-13T05:00,SO2,13.4,ug/m3,open-meteo-cams
67fb1f53-c74d-4e13-b16f-e51974e7e078,Stack 18 - Cement Plant 8,21.38,81.694,2026-03-13T06:00,PM2.5,25.9,ug/m3,open-meteo-cams
67fb1f53-c74d-4e13-b16f-e51974e7e078,Stack 18 - Cement Plant 8,21.38,81.694,2026-03-13T06:00,NO2,12.2,ug/m3,open-meteo-cams
67fb1f53-c74d-4e13-b16f-e51974e7e078,Stack 18 - Cement Plant 8,21.38,81.694,2026-03-13T06:00,SO2,12.6,ug/m3,open-meteo-cams
67fb1f53-c74d-4e13-b16f-e51974e7e078,Stack 18 - Cement Plant 8,21.38,81.694,2026-03-13T07:00,PM2.5,21.5,ug/m3,open-meteo-cams
67fb1f53-c74d-4e13-b16f-e51974e7e078,Stack 18 - Cement Plant 8,21.38,81.694,2026-03-13T07:00,NO2,8.0,ug/m3,open-meteo-cams
67fb1f53-c74d-4e13-b16f-e51974e7e078,Stack 18 - Cement Plant 8,21.38,81.694,2026-03-13T07:00,SO2,11.3,ug/m3,open-meteo-cams
67fb1f53-c74d-4e13-b16f-e51974e7e078,Stack 18 - Cement Plant 8,21.38,81.694,2026-03-13T08:00,PM2.5,21.0,ug/m3,open-meteo-cams
67fb1f53-c74d-4e13-b16f-e51974e7e078,Stack 18 - Cement Plant 8,21.38,81.694,2026-03-13T08:00,NO2,7.4,ug/m3,open-meteo-cams
67fb1f53-c74d-4e13-b16f-e51974e7e078,Stack 18 - Cement Plant 8,21.38,81.694,2026-03-13T08:00,SO2,9.8,ug/m3,open-meteo-cams
67fb1f53-c74d-4e13-b16f-e51974e7e078,Stack 18 - Cement Plant 8,21.38,81.694,2026-03-13T09:00,PM2.5,21.1,ug/m3,open-meteo-cams
67fb1f53-c74d-4e13-b16f-e51974e7e078,Stack 18 - Cement Plant 8,21.38,81.694,2026-03-13T09:00,NO2,8.5,ug/m3,open-meteo-cams
67fb1f53-c74d-4e13-b16f-e51974e7e078,Stack 18 - Cement Plant 8,21.38,81.694,2026-03-13T09:00,SO2,8.7,ug/m3,open-meteo-cams
67fb1f53-c74d-4e13-b16f-e51974e7e078,Stack 18 - Cement Plant 8,21.38,81.694,2026-03-13T10:00,PM2.5,21.1,ug/m3,open-meteo-cams
67fb1f53-c74d-4e13-b16f-e51974e7e078,Stack 18 - Cement Plant 8,21.38,81.694,2026-03-13T10:00,NO2,11.5,ug/m3,open-meteo-cams
67fb1f53-c74d-4e13-b16f-e51974e7e078,Stack 18 - Cement Plant 8,21.38,81.694,2026-03-13T10:00,SO2,8.4,ug/m3,open-meteo-cams
67fb1f53-c74d-4e13-b16f-e51974e7e078,Stack 18 - Cement Plant 8,21.38,81.694,2026-03-13T11:00,PM2.5,21.4,ug/m3,open-meteo-cams
67fb1f53-c74d-4e13-b16f-e51974e7e078,Stack 18 - Cement Plant 8,21.38,81.694,2026-03-13T11:00,NO2,16.2,ug/m3,open-meteo-cams
67fb1f53-c74d-4e13-b16f-e51974e7e078,Stack 18 - Cement Plant 8,21.38,81.694,2026-03-13T11:00,SO2,8.5,ug/m3,open-meteo-cams
67fb1f53-c74d-4e13-b16f-e51974e7e078,Stack 18 - Cement Plant 8,21.38,81.694,2026-03-13T12:00,PM2.5,29.5,ug/m3,open-meteo-cams
67fb1f53-c74d-4e13-b16f-e51974e7e078,Stack 18 - Cement Plant 8,21.38,81.694,2026-03-13T12:00,NO2,20.2,ug/m3,open-meteo-cams
67fb1f53-c74d-4e13-b16f-e51974e7e078,Stack 18 - Cement Plant 8,21.38,81.694,2026-03-13T12:00,SO2,8.9,ug/m3,open-meteo-cams
67fb1f53-c74d-4e13-b16f-e51974e7e078,Stack 18 - Cement Plant 8,21.38,81.694,2026-03-13T13:00,PM2.5,42.5,ug/m3,open-meteo-cams
67fb1f53-c74d-4e13-b16f-e51974e7e078,Stack 18 - Cement Plant 8,21.38,81.694,2026-03-13T13:00,NO2,22.7,ug/m3,open-meteo-cams
67fb1f53-c74d-4e13-b16f-e51974e7e078,Stack 18 - Cement Plant 8,21.38,81.694,2026-03-13T13:00,SO2,9.8,ug/m3,open-meteo-cams
67fb1f53-c74d-4e13-b16f-e51974e7e078,Stack 18 - Cement Plant 8,21.38,81.694,2026-03-13T14:00,PM2.5,45.5,ug/m3,open-meteo-cams
67fb1f53-c74d-4e13-b16f-e51974e7e078,Stack 18 - Cement Plant 8,21.38,81.694,2026-03-13T14:00,NO2,24.5,ug/m3,open-meteo-cams
67fb1f53-c74d-4e13-b16f-e51974e7e078,Stack 18 - Cement Plant 8,21.38,81.694,2026-03-13T14:00,SO2,10.9,ug/m3,open-meteo-cams
67fb1f53-c74d-4e13-b16f-e51974e7e078,Stack 18 - Cement Plant 8,21.38,81.694,2026-03-13T15:00,PM2.5,43.8,ug/m3,open-meteo-cams
67fb1f53-c74d-4e13-b16f-e51974e7e078,Stack 18 - Cement Plant 8,21.38,81.694,2026-03-13T15:00,NO2,25.3,ug/m3,open-meteo-cams
67fb1f53-c74d-4e13-b16f-e51974e7e078,Stack 18 - Cement Plant 8,21.38,81.694,2026-03-13T15:00,SO2,11.5,ug/m3,open-meteo-cams
67fb1f53-c74d-4e13-b16f-e51974e7e078,Stack 18 - Cement Plant 8,21.38,81.694,2026-03-13T16:00,PM2.5,42.6,ug/m3,open-meteo-cams
67fb1f53-c74d-4e13-b16f-e51974e7e078,Stack 18 - Cement Plant 8,21.38,81.694,2026-03-13T16:00,NO2,24.3,ug/m3,open-meteo-cams
67fb1f53-c74d-4e13-b16f-e51974e7e078,Stack 18 - Cement Plant 8,21.38,81.694,2026-03-13T16:00,SO2,11.0,ug/m3,open-meteo-cams
67fb1f53-c74d-4e13-b16f-e51974e7e078,Stack 18 - Cement Plant 8,21.38,81.694,2026-03-13T17:00,PM2.5,42.4,ug/m3,open-meteo-cams
67fb1f53-c74d-4e13-b16f-e51974e7e078,Stack 18 - Cement Plant 8,21.38,81.694,2026-03-13T17:00,NO2,22.3,ug/m3,open-meteo-cams
67fb1f53-c74d-4e13-b16f-e51974e7e078,Stack 18 - Cement Plant 8,21.38,81.694,2026-03-13T17:00,SO2,9.9,ug/m3,open-meteo-cams
67fb1f53-c74d-4e13-b16f-e51974e7e078,Stack 18 - Cement Plant 8,21.38,81.694,2026-03-13T18:00,PM2.5,43.2,ug/m3,open-meteo-cams
67fb1f53-c74d-4e13-b16f-e51974e7e078,Stack 18 - Cement Plant 8,21.38,81.694,2026-03-13T18:00,NO2,21.9,ug/m3,open-meteo-cams
67fb1f53-c74d-4e13-b16f-e51974e7e078,Stack 18 - Cement Plant 8,21.38,81.694,2026-03-13T18:00,SO2,9.1,ug/m3,open-meteo-cams
67fb1f53-c74d-4e13-b16f-e51974e7e078,Stack 18 - Cement Plant 8,21.38,81.694,2026-03-13T19:00,PM2.5,45.4,ug/m3,open-meteo-cams
67fb1f53-c74d-4e13-b16f-e51974e7e078,Stack 18 - Cement Plant 8,21.38,81.694,2026-03-13T19:00,NO2,24.7,ug/m3,open-meteo-cams
67fb1f53-c74d-4e13-b16f-e51974e7e078,Stack 18 - Cement Plant 8,21.38,81.694,2026-03-13T19:00,SO2,9.0,ug/m3,open-meteo-cams
67fb1f53-c74d-4e13-b16f-e51974e7e078,Stack 18 - Cement Plant 8,21.38,81.694,2026-03-13T20:00,PM2.5,51.6,ug/m3,open-meteo-cams
67fb1f53-c74d-4e13-b16f-e51974e7e078,Stack 18 - Cement Plant 8,21.38,81.694,2026-03-13T20:00,NO2,29.0,ug/m3,open-meteo-cams
67fb1f53-c74d-4e13-b16f-e51974e7e078,Stack 18 - Cement Plant 8,21.38,81.694,2026-03-13T20:00,SO2,9.1,ug/m3,open-meteo-cams
67fb1f53-c74d-4e13-b16f-e51974e7e078,Stack 18 - Cement Plant 8,21.38,81.694,2026-03-13T21:00,PM2.5,57.5,ug/m3,open-meteo-cams
67fb1f53-c74d-4e13-b16f-e51974e7e078,Stack 18 - Cement Plant 8,21.38,81.694,2026-03-13T21:00,NO2,32.8,ug/m3,open-meteo-cams
67fb1f53-c74d-4e13-b16f-e51974e7e078,Stack 18 - Cement Plant 8,21.38,81.694,2026-03-13T21:00,SO2,9.3,ug/m3,open-meteo-cams
67fb1f53-c74d-4e13-b16f-e51974e7e078,Stack 18 - Cement Plant 8,21.38,81.694,2026-03-13T22:00,PM2.5,63.3,ug/m3,open-meteo-cams
67fb1f53-c74d-4e13-b16f-e51974e7e078,Stack 18 - Cement Plant 8,21.38,81.694,2026-03-13T22:00,NO2,35.6,ug/m3,open-meteo-cams
67fb1f53-c74d-4e13-b16f-e51974e7e078,Stack 18 - Cement Plant 8,21.38,81.694,2026-03-13T22:00,SO2,9.4,ug/m3,open-meteo-cams
67fb1f53-c74d-4e13-b16f-e51974e7e078,Stack 18 - Cement Plant 8,21.38,81.694,2026-03-13T23:00,PM2.5,67.8,ug/m3,open-meteo-cams
67fb1f53-c74d-4e13-b16f-e51974e7e078,Stack 18 - Cement Plant 8,21.38,81.694,2026-03-13T23:00,NO2,37.9,ug/m3,open-meteo-cams
67fb1f53-c74d-4e13-b16f-e51974e7e078,Stack 18 - Cement Plant 8,21.38,81.694,2026-03-13T23:00,SO2,9.4,ug/m3,open-meteo-cams
67fb1f53-c74d-4e13-b16f-e51974e7e078,Stack 18 - Cement Plant 8,21.38,81.694,2026-03-14T00:00,PM2.5,63.8,ug/m3,open-meteo-cams
67fb1f53-c74d-4e13-b16f-e51974e7e078,Stack 18 - Cement Plant 8,21.38,81.694,2026-03-14T00:00,NO2,38.7,ug/m3,open-meteo-cams
67fb1f53-c74d-4e13-b16f-e51974e7e078,Stack 18 - Cement Plant 8,21.38,81.694,2026-03-14T00:00,SO2,9.5,ug/m3,open-meteo-cams
67fb1f53-c74d-4e13-b16f-e51974e7e078,Stack 18 - Cement Plant 8,21.38,81.694,2026-03-14T01:00,PM2.5,55.5,ug/m3,open-meteo-cams
67fb1f53-c74d-4e13-b16f-e51974e7e078,Stack 18 - Cement Plant 8,21.38,81.694,2026-03-14T01:00,NO2,37.5,ug/m3,open-meteo-cams
67fb1f53-c74d-4e13-b16f-e51974e7e078,Stack 18 - Cement Plant 8,21.38,81.694,2026-03-14T01:00,SO2,9.6,ug/m3,open-meteo-cams
67fb1f53-c74d-4e13-b16f-e51974e7e078,Stack 18 - Cement Plant 8,21.38,81.694,2026-03-14T02:00,PM2.5,48.8,ug/m3,open-meteo-cams
67fb1f53-c74d-4e13-b16f-e51974e7e078,Stack 18 - Cement Plant 8,21.38,81.694,2026-03-14T02:00,NO2,34.9,ug/m3,open-meteo-cams
67fb1f53-c74d-4e13-b16f-e51974e7e078,Stack 18 - Cement Plant 8,21.38,81.694,2026-03-14T02:00,SO2,9.6,ug/m3,open-meteo-cams
67fb1f53-c74d-4e13-b16f-e51974e7e078,Stack 18 - Cement Plant 8,21.38,81.694,2026-03-14T03:00,PM2.5,48.1,ug/m3,open-meteo-cams
67fb1f53-c74d-4e13-b16f-e51974e7e078,Stack 18 - Cement Plant 8,21.38,81.694,2026-03-14T03:00,NO2,31.1,ug/m3,open-meteo-cams
67fb1f53-c74d-4e13-b16f-e51974e7e078,Stack 18 - Cement Plant 8,21.38,81.694,2026-03-14T03:00,SO2,10.1,ug/m3,open-meteo-cams
67fb1f53-c74d-4e13-b16f-e51974e7e078,Stack 18 - Cement Plant 8,21.38,81.694,2026-03-14T04:00,PM2.5,48.4,ug/m3,open-meteo-cams
67fb1f53-c74d-4e13-b16f-e51974e7e078,Stack 18 - Cement Plant 8,21.38,81.694,2026-03-14T04:00,NO2,25.5,ug/m3,open-meteo-cams
67fb1f53-c74d-4e13-b16f-e51974e7e078,Stack 18 - Cement Plant 8,21.38,81.694,2026-03-14T04:00,SO2,11.5,ug/m3,open-meteo-cams
67fb1f53-c74d-4e13-b16f-e51974e7e078,Stack 18 - Cement Plant 8,21.38,81.694,2026-03-14T05:00,PM2.5,45.8,ug/m3,open-meteo-cams
67fb1f53-c74d-4e13-b16f-e51974e7e078,Stack 18 - Cement Plant 8,21.38,81.694,2026-03-14T05:00,NO2,18.8,ug/m3,open-meteo-cams
67fb1f53-c74d-4e13-b16f-e51974e7e078,Stack 18 - Cement Plant 8,21.38,81.694,2026-03-14T05:00,SO2,13.2,ug/m3,open-meteo-cams
67fb1f53-c74d-4e13-b16f-e51974e7e078,Stack 18 - Cement Plant 8,21.38,81.694,2026-03-14T06:00,PM2.5,37.8,ug/m3,open-meteo-cams
67fb1f53-c74d-4e13-b16f-e51974e7e078,Stack 18 - Cement Plant 8,21.38,81.694,2026-03-14T06:00,NO2,13.2,ug/m3,open-meteo-cams
67fb1f53-c74d-4e13-b16f-e51974e7e078,Stack 18 - Cement Plant 8,21.38,81.694,2026-03-14T06:00,SO2,13.9,ug/m3,open-meteo-cams
67fb1f53-c74d-4e13-b16f-e51974e7e078,Stack 18 - Cement Plant 8,21.38,81.694,2026-03-14T07:00,PM2.5,31.8,ug/m3,open-meteo-cams
67fb1f53-c74d-4e13-b16f-e51974e7e078,Stack 18 - Cement Plant 8,21.38,81.694,2026-03-14T07:00,NO2,9.2,ug/m3,open-meteo-cams
67fb1f53-c74d-4e13-b16f-e51974e7e078,Stack 18 - Cement Plant 8,21.38,81.694,2026-03-14T07:00,SO2,12.5,ug/m3,open-meteo-cams
67fb1f53-c74d-4e13-b16f-e51974e7e078,Stack 18 - Cement Plant 8,21.38,81.694,2026-03-14T08:00,PM2.5,23.3,ug/m3,open-meteo-cams
67fb1f53-c74d-4e13-b16f-e51974e7e078,Stack 18 - Cement Plant 8,21.38,81.694,2026-03-14T08:00,NO2,6.5,ug/m3,open-meteo-cams
67fb1f53-c74d-4e13-b16f-e51974e7e078,Stack 18 - Cement Plant 8,21.38,81.694,2026-03-14T08:00,SO2,10.0,ug/m3,open-meteo-cams
67fb1f53-c74d-4e13-b16f-e51974e7e078,Stack 18 - Cement Plant 8,21.38,81.694,2026-03-14T09:00,PM2.5,20.7,ug/m3,open-meteo-cams
67fb1f53-c74d-4e13-b16f-e51974e7e078,Stack 18 - Cement Plant 8,21.38,81.694,2026-03-14T09:00,NO2,5.7,ug/m3,open-meteo-cams
67fb1f53-c74d-4e13-b16f-e51974e7e078,Stack 18 - Cement Plant 8,21.38,81.694,2026-03-14T09:00,SO2,8.2,ug/m3,open-meteo-cams
67fb1f53-c74d-4e13-b16f-e51974e7e078,Stack 18 - Cement Plant 8,21.38,81.694,2026-03-14T10:00,PM2.5,20.3,ug/m3,open-meteo-cams
67fb1f53-c74d-4e13-b16f-e51974e7e078,Stack 18 - Cement Plant 8,21.38,81.694,2026-03-14T10:00,NO2,7.9,ug/m3,open-meteo-cams
67fb1f53-c74d-4e13-b16f-e51974e7e078,Stack 18 - Cement Plant 8,21.38,81.694,2026-03-14T10:00,SO2,7.8,ug/m3,open-meteo-cams
67fb1f53-c74d-4e13-b16f-e51974e7e078,Stack 18 - Cement Plant 8,21.38,81.694,2026-03-14T11:00,PM2.5,20.8,ug/m3,open-meteo-cams
67fb1f53-c74d-4e13-b16f-e51974e7e078,Stack 18 - Cement Plant 8,21.38,81.694,2026-03-14T11:00,NO2,12.2,ug/m3,open-meteo-cams
67fb1f53-c74d-4e13-b16f-e51974e7e078,Stack 18 - Cement Plant 8,21.38,81.694,2026-03-14T11:00,SO2,8.1,ug/m3,open-meteo-cams
67fb1f53-c74d-4e13-b16f-e51974e7e078,Stack 18 - Cement Plant 8,21.38,81.694,2026-03-14T12:00,PM2.5,28.7,ug/m3,open-meteo-cams
67fb1f53-c74d-4e13-b16f-e51974e7e078,Stack 18 - Cement Plant 8,21.38,81.694,2026-03-14T12:00,NO2,16.6,ug/m3,open-meteo-cams
67fb1f53-c74d-4e13-b16f-e51974e7e078,Stack 18 - Cement Plant 8,21.38,81.694,2026-03-14T12:00,SO2,8.8,ug/m3,open-meteo-cams
67fb1f53-c74d-4e13-b16f-e51974e7e078,Stack 18 - Cement Plant 8,21.38,81.694,2026-03-14T13:00,PM2.5,41.1,ug/m3,open-meteo-cams
67fb1f53-c74d-4e13-b16f-e51974e7e078,Stack 18 - Cement Plant 8,21.38,81.694,2026-03-14T13:00,NO2,20.7,ug/m3,open-meteo-cams
67fb1f53-c74d-4e13-b16f-e51974e7e078,Stack 18 - Cement Plant 8,21.38,81.694,2026-03-14T13:00,SO2,10.1,ug/m3,open-meteo-cams
67fb1f53-c74d-4e13-b16f-e51974e7e078,Stack 18 - Cement Plant 8,21.38,81.694,2026-03-14T14:00,PM2.5,48.4,ug/m3,open-meteo-cams
67fb1f53-c74d-4e13-b16f-e51974e7e078,Stack 18 - Cement Plant 8,21.38,81.694,2026-03-14T14:00,NO2,24.8,ug/m3,open-meteo-cams
67fb1f53-c74d-4e13-b16f-e51974e7e078,Stack 18 - Cement Plant 8,21.38,81.694,2026-03-14T14:00,SO2,11.9,ug/m3,open-meteo-cams
67fb1f53-c74d-4e13-b16f-e51974e7e078,Stack 18 - Cement Plant 8,21.38,81.694,2026-03-14T15:00,PM2.5,51.9,ug/m3,open-meteo-cams
67fb1f53-c74d-4e13-b16f-e51974e7e078,Stack 18 - Cement Plant 8,21.38,81.694,2026-03-14T15:00,NO2,28.1,ug/m3,open-meteo-cams
67fb1f53-c74d-4e13-b16f-e51974e7e078,Stack 18 - Cement Plant 8,21.38,81.694,2026-03-14T15:00,SO2,13.1,ug/m3,open-meteo-cams
67fb1f53-c74d-4e13-b16f-e51974e7e078,Stack 18 - Cement Plant 8,21.38,81.694,2026-03-14T16:00,PM2.5,55.3,ug/m3,open-meteo-cams
67fb1f53-c74d-4e13-b16f-e51974e7e078,Stack 18 - Cement Plant 8,21.38,81.694,2026-03-14T16:00,NO2,30.2,ug/m3,open-meteo-cams
67fb1f53-c74d-4e13-b16f-e51974e7e078,Stack 18 - Cement Plant 8,21.38,81.694,2026-03-14T16:00,SO2,13.4,ug/m3,open-meteo-cams
67fb1f53-c74d-4e13-b16f-e51974e7e078,Stack 18 - Cement Plant 8,21.38,81.694,2026-03-14T17:00,PM2.5,59.3,ug/m3,open-meteo-cams
67fb1f53-c74d-4e13-b16f-e51974e7e078,Stack 18 - Cement Plant 8,21.38,81.694,2026-03-14T17:00,NO2,31.5,ug/m3,open-meteo-cams
67fb1f53-c74d-4e13-b16f-e51974e7e078,Stack 18 - Cement Plant 8,21.38,81.694,2026-03-14T17:00,SO2,13.2,ug/m3,open-meteo-cams
67fb1f53-c74d-4e13-b16f-e51974e7e078,Stack 18 - Cement Plant 8,21.38,81.694,2026-03-14T18:00,PM2.5,63.1,ug/m3,open-meteo-cams
67fb1f53-c74d-4e13-b16f-e51974e7e078,Stack 18 - Cement Plant 8,21.38,81.694,2026-03-14T18:00,NO2,32.3,ug/m3,open-meteo-cams
67fb1f53-c74d-4e13-b16f-e51974e7e078,Stack 18 - Cement Plant 8,21.38,81.694,2026-03-14T18:00,SO2,12.6,ug/m3,open-meteo-cams
67fb1f53-c74d-4e13-b16f-e51974e7e078,Stack 18 - Cement Plant 8,21.38,81.694,2026-03-14T19:00,PM2.5,62.2,ug/m3,open-meteo-cams
67fb1f53-c74d-4e13-b16f-e51974e7e078,Stack 18 - Cement Plant 8,21.38,81.694,2026-03-14T19:00,NO2,32.9,ug/m3,open-meteo-cams
67fb1f53-c74d-4e13-b16f-e51974e7e078,Stack 18 - Cement Plant 8,21.38,81.694,2026-03-14T19:00,SO2,11.6,ug/m3,open-meteo-cams
67fb1f53-c74d-4e13-b16f-e51974e7e078,Stack 18 - Cement Plant 8,21.38,81.694,2026-03-14T20:00,PM2.5,56.8,ug/m3,open-meteo-cams
67fb1f53-c74d-4e13-b16f-e51974e7e078,Stack 18 - Cement Plant 8,21.38,81.694,2026-03-14T20:00,NO2,33.0,ug/m3,open-meteo-cams
67fb1f53-c74d-4e13-b16f-e51974e7e078,Stack 18 - Cement Plant 8,21.38,81.694,2026-03-14T20:00,SO2,10.3,ug/m3,open-meteo-cams
67fb1f53-c74d-4e13-b16f-e51974e7e078,Stack 18 - Cement Plant 8,21.38,81.694,2026-03-14T21:00,PM2.5,51.8,ug/m3,open-meteo-cams
67fb1f53-c74d-4e13-b16f-e51974e7e078,Stack 18 - Cement Plant 8,21.38,81.694,2026-03-14T21:00,NO2,32.3,ug/m3,open-meteo-cams
67fb1f53-c74d-4e13-b16f-e51974e7e078,Stack 18 - Cement Plant 8,21.38,81.694,2026-03-14T21:00,SO2,9.3,ug/m3,open-meteo-cams
67fb1f53-c74d-4e13-b16f-e51974e7e078,Stack 18 - Cement Plant 8,21.38,81.694,2026-03-14T22:00,PM2.5,46.4,ug/m3,open-meteo-cams
67fb1f53-c74d-4e13-b16f-e51974e7e078,Stack 18 - Cement Plant 8,21.38,81.694,2026-03-14T22:00,NO2,30.2,ug/m3,open-meteo-cams
67fb1f53-c74d-4e13-b16f-e51974e7e078,Stack 18 - Cement Plant 8,21.38,81.694,2026-03-14T22:00,SO2,8.8,ug/m3,open-meteo-cams
67fb1f53-c74d-4e13-b16f-e51974e7e078,Stack 18 - Cement Plant 8,21.38,81.694,2026-03-14T23:00,PM2.5,42.6,ug/m3,open-meteo-cams
67fb1f53-c74d-4e13-b16f-e51974e7e078,Stack 18 - Cement Plant 8,21.38,81.694,2026-03-14T23:00,NO2,27.2,ug/m3,open-meteo-cams
67fb1f53-c74d-4e13-b16f-e51974e7e078,Stack 18 - Cement Plant 8,21.38,81.694,2026-03-14T23:00,SO2,8.6,ug/m3,open-meteo-cams
16a92c83-6b53-4746-b337-49d3840a32ff,Stack 19 - Cement Plant 9,21.39,81.702,2026-03-13T00:00,PM2.5,64.7,ug/m3,open-meteo-cams
16a92c83-6b53-4746-b337-49d3840a32ff,Stack 19 - Cement Plant 9,21.39,81.702,2026-03-13T00:00,NO2,39.4,ug/m3,open-meteo-cams
16a92c83-6b53-4746-b337-49d3840a32ff,Stack 19 - Cement Plant 9,21.39,81.702,2026-03-13T00:00,SO2,9.3,ug/m3,open-meteo-cams
16a92c83-6b53-4746-b337-49d3840a32ff,Stack 19 - Cement Plant 9,21.39,81.702,2026-03-13T01:00,PM2.5,72.6,ug/m3,open-meteo-cams
16a92c83-6b53-4746-b337-49d3840a32ff,Stack 19 - Cement Plant 9,21.39,81.702,2026-03-13T01:00,NO2,43.2,ug/m3,open-meteo-cams
16a92c83-6b53-4746-b337-49d3840a32ff,Stack 19 - Cement Plant 9,21.39,81.702,2026-03-13T01:00,SO2,10.7,ug/m3,open-meteo-cams
16a92c83-6b53-4746-b337-49d3840a32ff,Stack 19 - Cement Plant 9,21.39,81.702,2026-03-13T02:00,PM2.5,78.7,ug/m3,open-meteo-cams
16a92c83-6b53-4746-b337-49d3840a32ff,Stack 19 - Cement Plant 9,21.39,81.702,2026-03-13T02:00,NO2,48.0,ug/m3,open-meteo-cams
16a92c83-6b53-4746-b337-49d3840a32ff,Stack 19 - Cement Plant 9,21.39,81.702,2026-03-13T02:00,SO2,12.6,ug/m3,open-meteo-cams
16a92c83-6b53-4746-b337-49d3840a32ff,Stack 19 - Cement Plant 9,21.39,81.702,2026-03-13T03:00,PM2.5,73.8,ug/m3,open-meteo-cams
16a92c83-6b53-4746-b337-49d3840a32ff,Stack 19 - Cement Plant 9,21.39,81.702,2026-03-13T03:00,NO2,47.9,ug/m3,open-meteo-cams
16a92c83-6b53-4746-b337-49d3840a32ff,Stack 19 - Cement Plant 9,21.39,81.702,2026-03-13T03:00,SO2,13.9,ug/m3,open-meteo-cams
16a92c83-6b53-4746-b337-49d3840a32ff,Stack 19 - Cement Plant 9,21.39,81.702,2026-03-13T04:00,PM2.5,68.9,ug/m3,open-meteo-cams
16a92c83-6b53-4746-b337-49d3840a32ff,Stack 19 - Cement Plant 9,21.39,81.702,2026-03-13T04:00,NO2,38.1,ug/m3,open-meteo-cams
16a92c83-6b53-4746-b337-49d3840a32ff,Stack 19 - Cement Plant 9,21.39,81.702,2026-03-13T04:00,SO2,14.0,ug/m3,open-meteo-cams
16a92c83-6b53-4746-b337-49d3840a32ff,Stack 19 - Cement Plant 9,21.39,81.702,2026-03-13T05:00,PM2.5,46.1,ug/m3,open-meteo-cams
16a92c83-6b53-4746-b337-49d3840a32ff,Stack 19 - Cement Plant 9,21.39,81.702,2026-03-13T05:00,NO2,23.4,ug/m3,open-meteo-cams
16a92c83-6b53-4746-b337-49d3840a32ff,Stack 19 - Cement Plant 9,21.39,81.702,2026-03-13T05:00,SO2,13.4,ug/m3,open-meteo-cams
16a92c83-6b53-4746-b337-49d3840a32ff,Stack 19 - Cement Plant 9,21.39,81.702,2026-03-13T06:00,PM2.5,25.9,ug/m3,open-meteo-cams
16a92c83-6b53-4746-b337-49d3840a32ff,Stack 19 - Cement Plant 9,21.39,81.702,2026-03-13T06:00,NO2,12.2,ug/m3,open-meteo-cams
16a92c83-6b53-4746-b337-49d3840a32ff,Stack 19 - Cement Plant 9,21.39,81.702,2026-03-13T06:00,SO2,12.6,ug/m3,open-meteo-cams
16a92c83-6b53-4746-b337-49d3840a32ff,Stack 19 - Cement Plant 9,21.39,81.702,2026-03-13T07:00,PM2.5,21.5,ug/m3,open-meteo-cams
16a92c83-6b53-4746-b337-49d3840a32ff,Stack 19 - Cement Plant 9,21.39,81.702,2026-03-13T07:00,NO2,8.0,ug/m3,open-meteo-cams
16a92c83-6b53-4746-b337-49d3840a32ff,Stack 19 - Cement Plant 9,21.39,81.702,2026-03-13T07:00,SO2,11.3,ug/m3,open-meteo-cams
16a92c83-6b53-4746-b337-49d3840a32ff,Stack 19 - Cement Plant 9,21.39,81.702,2026-03-13T08:00,PM2.5,21.0,ug/m3,open-meteo-cams
16a92c83-6b53-4746-b337-49d3840a32ff,Stack 19 - Cement Plant 9,21.39,81.702,2026-03-13T08:00,NO2,7.4,ug/m3,open-meteo-cams
16a92c83-6b53-4746-b337-49d3840a32ff,Stack 19 - Cement Plant 9,21.39,81.702,2026-03-13T08:00,SO2,9.8,ug/m3,open-meteo-cams
16a92c83-6b53-4746-b337-49d3840a32ff,Stack 19 - Cement Plant 9,21.39,81.702,2026-03-13T09:00,PM2.5,21.1,ug/m3,open-meteo-cams
16a92c83-6b53-4746-b337-49d3840a32ff,Stack 19 - Cement Plant 9,21.39,81.702,2026-03-13T09:00,NO2,8.5,ug/m3,open-meteo-cams
16a92c83-6b53-4746-b337-49d3840a32ff,Stack 19 - Cement Plant 9,21.39,81.702,2026-03-13T09:00,SO2,8.7,ug/m3,open-meteo-cams
16a92c83-6b53-4746-b337-49d3840a32ff,Stack 19 - Cement Plant 9,21.39,81.702,2026-03-13T10:00,PM2.5,21.1,ug/m3,open-meteo-cams
16a92c83-6b53-4746-b337-49d3840a32ff,Stack 19 - Cement Plant 9,21.39,81.702,2026-03-13T10:00,NO2,11.5,ug/m3,open-meteo-cams
16a92c83-6b53-4746-b337-49d3840a32ff,Stack 19 - Cement Plant 9,21.39,81.702,2026-03-13T10:00,SO2,8.4,ug/m3,open-meteo-cams
16a92c83-6b53-4746-b337-49d3840a32ff,Stack 19 - Cement Plant 9,21.39,81.702,2026-03-13T11:00,PM2.5,21.4,ug/m3,open-meteo-cams
16a92c83-6b53-4746-b337-49d3840a32ff,Stack 19 - Cement Plant 9,21.39,81.702,2026-03-13T11:00,NO2,16.2,ug/m3,open-meteo-cams
16a92c83-6b53-4746-b337-49d3840a32ff,Stack 19 - Cement Plant 9,21.39,81.702,2026-03-13T11:00,SO2,8.5,ug/m3,open-meteo-cams
16a92c83-6b53-4746-b337-49d3840a32ff,Stack 19 - Cement Plant 9,21.39,81.702,2026-03-13T12:00,PM2.5,29.5,ug/m3,open-meteo-cams
16a92c83-6b53-4746-b337-49d3840a32ff,Stack 19 - Cement Plant 9,21.39,81.702,2026-03-13T12:00,NO2,20.2,ug/m3,open-meteo-cams
16a92c83-6b53-4746-b337-49d3840a32ff,Stack 19 - Cement Plant 9,21.39,81.702,2026-03-13T12:00,SO2,8.9,ug/m3,open-meteo-cams
16a92c83-6b53-4746-b337-49d3840a32ff,Stack 19 - Cement Plant 9,21.39,81.702,2026-03-13T13:00,PM2.5,42.5,ug/m3,open-meteo-cams
16a92c83-6b53-4746-b337-49d3840a32ff,Stack 19 - Cement Plant 9,21.39,81.702,2026-03-13T13:00,NO2,22.7,ug/m3,open-meteo-cams
16a92c83-6b53-4746-b337-49d3840a32ff,Stack 19 - Cement Plant 9,21.39,81.702,2026-03-13T13:00,SO2,9.8,ug/m3,open-meteo-cams
16a92c83-6b53-4746-b337-49d3840a32ff,Stack 19 - Cement Plant 9,21.39,81.702,2026-03-13T14:00,PM2.5,45.5,ug/m3,open-meteo-cams
16a92c83-6b53-4746-b337-49d3840a32ff,Stack 19 - Cement Plant 9,21.39,81.702,2026-03-13T14:00,NO2,24.5,ug/m3,open-meteo-cams
16a92c83-6b53-4746-b337-49d3840a32ff,Stack 19 - Cement Plant 9,21.39,81.702,2026-03-13T14:00,SO2,10.9,ug/m3,open-meteo-cams
16a92c83-6b53-4746-b337-49d3840a32ff,Stack 19 - Cement Plant 9,21.39,81.702,2026-03-13T15:00,PM2.5,43.8,ug/m3,open-meteo-cams
16a92c83-6b53-4746-b337-49d3840a32ff,Stack 19 - Cement Plant 9,21.39,81.702,2026-03-13T15:00,NO2,25.3,ug/m3,open-meteo-cams
16a92c83-6b53-4746-b337-49d3840a32ff,Stack 19 - Cement Plant 9,21.39,81.702,2026-03-13T15:00,SO2,11.5,ug/m3,open-meteo-cams
16a92c83-6b53-4746-b337-49d3840a32ff,Stack 19 - Cement Plant 9,21.39,81.702,2026-03-13T16:00,PM2.5,42.6,ug/m3,open-meteo-cams
16a92c83-6b53-4746-b337-49d3840a32ff,Stack 19 - Cement Plant 9,21.39,81.702,2026-03-13T16:00,NO2,24.3,ug/m3,open-meteo-cams
16a92c83-6b53-4746-b337-49d3840a32ff,Stack 19 - Cement Plant 9,21.39,81.702,2026-03-13T16:00,SO2,11.0,ug/m3,open-meteo-cams
16a92c83-6b53-4746-b337-49d3840a32ff,Stack 19 - Cement Plant 9,21.39,81.702,2026-03-13T17:00,PM2.5,42.4,ug/m3,open-meteo-cams
16a92c83-6b53-4746-b337-49d3840a32ff,Stack 19 - Cement Plant 9,21.39,81.702,2026-03-13T17:00,NO2,22.3,ug/m3,open-meteo-cams
16a92c83-6b53-4746-b337-49d3840a32ff,Stack 19 - Cement Plant 9,21.39,81.702,2026-03-13T17:00,SO2,9.9,ug/m3,open-meteo-cams
16a92c83-6b53-4746-b337-49d3840a32ff,Stack 19 - Cement Plant 9,21.39,81.702,2026-03-13T18:00,PM2.5,43.2,ug/m3,open-meteo-cams
16a92c83-6b53-4746-b337-49d3840a32ff,Stack 19 - Cement Plant 9,21.39,81.702,2026-03-13T18:00,NO2,21.9,ug/m3,open-meteo-cams
16a92c83-6b53-4746-b337-49d3840a32ff,Stack 19 - Cement Plant 9,21.39,81.702,2026-03-13T18:00,SO2,9.1,ug/m3,open-meteo-cams
16a92c83-6b53-4746-b337-49d3840a32ff,Stack 19 - Cement Plant 9,21.39,81.702,2026-03-13T19:00,PM2.5,45.4,ug/m3,open-meteo-cams
16a92c83-6b53-4746-b337-49d3840a32ff,Stack 19 - Cement Plant 9,21.39,81.702,2026-03-13T19:00,NO2,24.7,ug/m3,open-meteo-cams
16a92c83-6b53-4746-b337-49d3840a32ff,Stack 19 - Cement Plant 9,21.39,81.702,2026-03-13T19:00,SO2,9.0,ug/m3,open-meteo-cams
16a92c83-6b53-4746-b337-49d3840a32ff,Stack 19 - Cement Plant 9,21.39,81.702,2026-03-13T20:00,PM2.5,51.6,ug/m3,open-meteo-cams
16a92c83-6b53-4746-b337-49d3840a32ff,Stack 19 - Cement Plant 9,21.39,81.702,2026-03-13T20:00,NO2,29.0,ug/m3,open-meteo-cams
16a92c83-6b53-4746-b337-49d3840a32ff,Stack 19 - Cement Plant 9,21.39,81.702,2026-03-13T20:00,SO2,9.1,ug/m3,open-meteo-cams
16a92c83-6b53-4746-b337-49d3840a32ff,Stack 19 - Cement Plant 9,21.39,81.702,2026-03-13T21:00,PM2.5,57.5,ug/m3,open-meteo-cams
16a92c83-6b53-4746-b337-49d3840a32ff,Stack 19 - Cement Plant 9,21.39,81.702,2026-03-13T21:00,NO2,32.8,ug/m3,open-meteo-cams
16a92c83-6b53-4746-b337-49d3840a32ff,Stack 19 - Cement Plant 9,21.39,81.702,2026-03-13T21:00,SO2,9.3,ug/m3,open-meteo-cams
16a92c83-6b53-4746-b337-49d3840a32ff,Stack 19 - Cement Plant 9,21.39,81.702,2026-03-13T22:00,PM2.5,63.3,ug/m3,open-meteo-cams
16a92c83-6b53-4746-b337-49d3840a32ff,Stack 19 - Cement Plant 9,21.39,81.702,2026-03-13T22:00,NO2,35.6,ug/m3,open-meteo-cams
16a92c83-6b53-4746-b337-49d3840a32ff,Stack 19 - Cement Plant 9,21.39,81.702,2026-03-13T22:00,SO2,9.4,ug/m3,open-meteo-cams
16a92c83-6b53-4746-b337-49d3840a32ff,Stack 19 - Cement Plant 9,21.39,81.702,2026-03-13T23:00,PM2.5,67.8,ug/m3,open-meteo-cams
16a92c83-6b53-4746-b337-49d3840a32ff,Stack 19 - Cement Plant 9,21.39,81.702,2026-03-13T23:00,NO2,37.9,ug/m3,open-meteo-cams
16a92c83-6b53-4746-b337-49d3840a32ff,Stack 19 - Cement Plant 9,21.39,81.702,2026-03-13T23:00,SO2,9.4,ug/m3,open-meteo-cams
16a92c83-6b53-4746-b337-49d3840a32ff,Stack 19 - Cement Plant 9,21.39,81.702,2026-03-14T00:00,PM2.5,63.8,ug/m3,open-meteo-cams
16a92c83-6b53-4746-b337-49d3840a32ff,Stack 19 - Cement Plant 9,21.39,81.702,2026-03-14T00:00,NO2,38.7,ug/m3,open-meteo-cams
16a92c83-6b53-4746-b337-49d3840a32ff,Stack 19 - Cement Plant 9,21.39,81.702,2026-03-14T00:00,SO2,9.5,ug/m3,open-meteo-cams
16a92c83-6b53-4746-b337-49d3840a32ff,Stack 19 - Cement Plant 9,21.39,81.702,2026-03-14T01:00,PM2.5,55.5,ug/m3,open-meteo-cams
16a92c83-6b53-4746-b337-49d3840a32ff,Stack 19 - Cement Plant 9,21.39,81.702,2026-03-14T01:00,NO2,37.5,ug/m3,open-meteo-cams
16a92c83-6b53-4746-b337-49d3840a32ff,Stack 19 - Cement Plant 9,21.39,81.702,2026-03-14T01:00,SO2,9.6,ug/m3,open-meteo-cams
16a92c83-6b53-4746-b337-49d3840a32ff,Stack 19 - Cement Plant 9,21.39,81.702,2026-03-14T02:00,PM2.5,48.8,ug/m3,open-meteo-cams
16a92c83-6b53-4746-b337-49d3840a32ff,Stack 19 - Cement Plant 9,21.39,81.702,2026-03-14T02:00,NO2,34.9,ug/m3,open-meteo-cams
16a92c83-6b53-4746-b337-49d3840a32ff,Stack 19 - Cement Plant 9,21.39,81.702,2026-03-14T02:00,SO2,9.6,ug/m3,open-meteo-cams
16a92c83-6b53-4746-b337-49d3840a32ff,Stack 19 - Cement Plant 9,21.39,81.702,2026-03-14T03:00,PM2.5,48.1,ug/m3,open-meteo-cams
16a92c83-6b53-4746-b337-49d3840a32ff,Stack 19 - Cement Plant 9,21.39,81.702,2026-03-14T03:00,NO2,31.1,ug/m3,open-meteo-cams
16a92c83-6b53-4746-b337-49d3840a32ff,Stack 19 - Cement Plant 9,21.39,81.702,2026-03-14T03:00,SO2,10.1,ug/m3,open-meteo-cams
16a92c83-6b53-4746-b337-49d3840a32ff,Stack 19 - Cement Plant 9,21.39,81.702,2026-03-14T04:00,PM2.5,48.4,ug/m3,open-meteo-cams
16a92c83-6b53-4746-b337-49d3840a32ff,Stack 19 - Cement Plant 9,21.39,81.702,2026-03-14T04:00,NO2,25.5,ug/m3,open-meteo-cams
16a92c83-6b53-4746-b337-49d3840a32ff,Stack 19 - Cement Plant 9,21.39,81.702,2026-03-14T04:00,SO2,11.5,ug/m3,open-meteo-cams
16a92c83-6b53-4746-b337-49d3840a32ff,Stack 19 - Cement Plant 9,21.39,81.702,2026-03-14T05:00,PM2.5,45.8,ug/m3,open-meteo-cams
16a92c83-6b53-4746-b337-49d3840a32ff,Stack 19 - Cement Plant 9,21.39,81.702,2026-03-14T05:00,NO2,18.8,ug/m3,open-meteo-cams
16a92c83-6b53-4746-b337-49d3840a32ff,Stack 19 - Cement Plant 9,21.39,81.702,2026-03-14T05:00,SO2,13.2,ug/m3,open-meteo-cams
16a92c83-6b53-4746-b337-49d3840a32ff,Stack 19 - Cement Plant 9,21.39,81.702,2026-03-14T06:00,PM2.5,37.8,ug/m3,open-meteo-cams
16a92c83-6b53-4746-b337-49d3840a32ff,Stack 19 - Cement Plant 9,21.39,81.702,2026-03-14T06:00,NO2,13.2,ug/m3,open-meteo-cams
16a92c83-6b53-4746-b337-49d3840a32ff,Stack 19 - Cement Plant 9,21.39,81.702,2026-03-14T06:00,SO2,13.9,ug/m3,open-meteo-cams
16a92c83-6b53-4746-b337-49d3840a32ff,Stack 19 - Cement Plant 9,21.39,81.702,2026-03-14T07:00,PM2.5,31.8,ug/m3,open-meteo-cams
16a92c83-6b53-4746-b337-49d3840a32ff,Stack 19 - Cement Plant 9,21.39,81.702,2026-03-14T07:00,NO2,9.2,ug/m3,open-meteo-cams
16a92c83-6b53-4746-b337-49d3840a32ff,Stack 19 - Cement Plant 9,21.39,81.702,2026-03-14T07:00,SO2,12.5,ug/m3,open-meteo-cams
16a92c83-6b53-4746-b337-49d3840a32ff,Stack 19 - Cement Plant 9,21.39,81.702,2026-03-14T08:00,PM2.5,23.3,ug/m3,open-meteo-cams
16a92c83-6b53-4746-b337-49d3840a32ff,Stack 19 - Cement Plant 9,21.39,81.702,2026-03-14T08:00,NO2,6.5,ug/m3,open-meteo-cams
16a92c83-6b53-4746-b337-49d3840a32ff,Stack 19 - Cement Plant 9,21.39,81.702,2026-03-14T08:00,SO2,10.0,ug/m3,open-meteo-cams
16a92c83-6b53-4746-b337-49d3840a32ff,Stack 19 - Cement Plant 9,21.39,81.702,2026-03-14T09:00,PM2.5,20.7,ug/m3,open-meteo-cams
16a92c83-6b53-4746-b337-49d3840a32ff,Stack 19 - Cement Plant 9,21.39,81.702,2026-03-14T09:00,NO2,5.7,ug/m3,open-meteo-cams
16a92c83-6b53-4746-b337-49d3840a32ff,Stack 19 - Cement Plant 9,21.39,81.702,2026-03-14T09:00,SO2,8.2,ug/m3,open-meteo-cams
16a92c83-6b53-4746-b337-49d3840a32ff,Stack 19 - Cement Plant 9,21.39,81.702,2026-03-14T10:00,PM2.5,20.3,ug/m3,open-meteo-cams
16a92c83-6b53-4746-b337-49d3840a32ff,Stack 19 - Cement Plant 9,21.39,81.702,2026-03-14T10:00,NO2,7.9,ug/m3,open-meteo-cams
16a92c83-6b53-4746-b337-49d3840a32ff,Stack 19 - Cement Plant 9,21.39,81.702,2026-03-14T10:00,SO2,7.8,ug/m3,open-meteo-cams
16a92c83-6b53-4746-b337-49d3840a32ff,Stack 19 - Cement Plant 9,21.39,81.702,2026-03-14T11:00,PM2.5,20.8,ug/m3,open-meteo-cams
16a92c83-6b53-4746-b337-49d3840a32ff,Stack 19 - Cement Plant 9,21.39,81.702,2026-03-14T11:00,NO2,12.2,ug/m3,open-meteo-cams
16a92c83-6b53-4746-b337-49d3840a32ff,Stack 19 - Cement Plant 9,21.39,81.702,2026-03-14T11:00,SO2,8.1,ug/m3,open-meteo-cams
16a92c83-6b53-4746-b337-49d3840a32ff,Stack 19 - Cement Plant 9,21.39,81.702,2026-03-14T12:00,PM2.5,28.7,ug/m3,open-meteo-cams
16a92c83-6b53-4746-b337-49d3840a32ff,Stack 19 - Cement Plant 9,21.39,81.702,2026-03-14T12:00,NO2,16.6,ug/m3,open-meteo-cams
16a92c83-6b53-4746-b337-49d3840a32ff,Stack 19 - Cement Plant 9,21.39,81.702,2026-03-14T12:00,SO2,8.8,ug/m3,open-meteo-cams
16a92c83-6b53-4746-b337-49d3840a32ff,Stack 19 - Cement Plant 9,21.39,81.702,2026-03-14T13:00,PM2.5,41.1,ug/m3,open-meteo-cams
16a92c83-6b53-4746-b337-49d3840a32ff,Stack 19 - Cement Plant 9,21.39,81.702,2026-03-14T13:00,NO2,20.7,ug/m3,open-meteo-cams
16a92c83-6b53-4746-b337-49d3840a32ff,Stack 19 - Cement Plant 9,21.39,81.702,2026-03-14T13:00,SO2,10.1,ug/m3,open-meteo-cams
16a92c83-6b53-4746-b337-49d3840a32ff,Stack 19 - Cement Plant 9,21.39,81.702,2026-03-14T14:00,PM2.5,48.4,ug/m3,open-meteo-cams
16a92c83-6b53-4746-b337-49d3840a32ff,Stack 19 - Cement Plant 9,21.39,81.702,2026-03-14T14:00,NO2,24.8,ug/m3,open-meteo-cams
16a92c83-6b53-4746-b337-49d3840a32ff,Stack 19 - Cement Plant 9,21.39,81.702,2026-03-14T14:00,SO2,11.9,ug/m3,open-meteo-cams
16a92c83-6b53-4746-b337-49d3840a32ff,Stack 19 - Cement Plant 9,21.39,81.702,2026-03-14T15:00,PM2.5,51.9,ug/m3,open-meteo-cams
16a92c83-6b53-4746-b337-49d3840a32ff,Stack 19 - Cement Plant 9,21.39,81.702,2026-03-14T15:00,NO2,28.1,ug/m3,open-meteo-cams
16a92c83-6b53-4746-b337-49d3840a32ff,Stack 19 - Cement Plant 9,21.39,81.702,2026-03-14T15:00,SO2,13.1,ug/m3,open-meteo-cams
16a92c83-6b53-4746-b337-49d3840a32ff,Stack 19 - Cement Plant 9,21.39,81.702,2026-03-14T16:00,PM2.5,55.3,ug/m3,open-meteo-cams
16a92c83-6b53-4746-b337-49d3840a32ff,Stack 19 - Cement Plant 9,21.39,81.702,2026-03-14T16:00,NO2,30.2,ug/m3,open-meteo-cams
16a92c83-6b53-4746-b337-49d3840a32ff,Stack 19 - Cement Plant 9,21.39,81.702,2026-03-14T16:00,SO2,13.4,ug/m3,open-meteo-cams
16a92c83-6b53-4746-b337-49d3840a32ff,Stack 19 - Cement Plant 9,21.39,81.702,2026-03-14T17:00,PM2.5,59.3,ug/m3,open-meteo-cams
16a92c83-6b53-4746-b337-49d3840a32ff,Stack 19 - Cement Plant 9,21.39,81.702,2026-03-14T17:00,NO2,31.5,ug/m3,open-meteo-cams
16a92c83-6b53-4746-b337-49d3840a32ff,Stack 19 - Cement Plant 9,21.39,81.702,2026-03-14T17:00,SO2,13.2,ug/m3,open-meteo-cams
16a92c83-6b53-4746-b337-49d3840a32ff,Stack 19 - Cement Plant 9,21.39,81.702,2026-03-14T18:00,PM2.5,63.1,ug/m3,open-meteo-cams
16a92c83-6b53-4746-b337-49d3840a32ff,Stack 19 - Cement Plant 9,21.39,81.702,2026-03-14T18:00,NO2,32.3,ug/m3,open-meteo-cams
16a92c83-6b53-4746-b337-49d3840a32ff,Stack 19 - Cement Plant 9,21.39,81.702,2026-03-14T18:00,SO2,12.6,ug/m3,open-meteo-cams
16a92c83-6b53-4746-b337-49d3840a32ff,Stack 19 - Cement Plant 9,21.39,81.702,2026-03-14T19:00,PM2.5,62.2,ug/m3,open-meteo-cams
16a92c83-6b53-4746-b337-49d3840a32ff,Stack 19 - Cement Plant 9,21.39,81.702,2026-03-14T19:00,NO2,32.9,ug/m3,open-meteo-cams
16a92c83-6b53-4746-b337-49d3840a32ff,Stack 19 - Cement Plant 9,21.39,81.702,2026-03-14T19:00,SO2,11.6,ug/m3,open-meteo-cams
16a92c83-6b53-4746-b337-49d3840a32ff,Stack 19 - Cement Plant 9,21.39,81.702,2026-03-14T20:00,PM2.5,56.8,ug/m3,open-meteo-cams
16a92c83-6b53-4746-b337-49d3840a32ff,Stack 19 - Cement Plant 9,21.39,81.702,2026-03-14T20:00,NO2,33.0,ug/m3,open-meteo-cams
16a92c83-6b53-4746-b337-49d3840a32ff,Stack 19 - Cement Plant 9,21.39,81.702,2026-03-14T20:00,SO2,10.3,ug/m3,open-meteo-cams
16a92c83-6b53-4746-b337-49d3840a32ff,Stack 19 - Cement Plant 9,21.39,81.702,2026-03-14T21:00,PM2.5,51.8,ug/m3,open-meteo-cams
16a92c83-6b53-4746-b337-49d3840a32ff,Stack 19 - Cement Plant 9,21.39,81.702,2026-03-14T21:00,NO2,32.3,ug/m3,open-meteo-cams
16a92c83-6b53-4746-b337-49d3840a32ff,Stack 19 - Cement Plant 9,21.39,81.702,2026-03-14T21:00,SO2,9.3,ug/m3,open-meteo-cams
16a92c83-6b53-4746-b337-49d3840a32ff,Stack 19 - Cement Plant 9,21.39,81.702,2026-03-14T22:00,PM2.5,46.4,ug/m3,open-meteo-cams
16a92c83-6b53-4746-b337-49d3840a32ff,Stack 19 - Cement Plant 9,21.39,81.702,2026-03-14T22:00,NO2,30.2,ug/m3,open-meteo-cams
16a92c83-6b53-4746-b337-49d3840a32ff,Stack 19 - Cement Plant 9,21.39,81.702,2026-03-14T22:00,SO2,8.8,ug/m3,open-meteo-cams
16a92c83-6b53-4746-b337-49d3840a32ff,Stack 19 - Cement Plant 9,21.39,81.702,2026-03-14T23:00,PM2.5,42.6,ug/m3,open-meteo-cams
16a92c83-6b53-4746-b337-49d3840a32ff,Stack 19 - Cement Plant 9,21.39,81.702,2026-03-14T23:00,NO2,27.2,ug/m3,open-meteo-cams
16a92c83-6b53-4746-b337-49d3840a32ff,Stack 19 - Cement Plant 9,21.39,81.702,2026-03-14T23:00,SO2,8.6,ug/m3,open-meteo-cams
ae96e051-87fa-44af-b8ad-ad2d9638f3fd,Stack 20 - Cement Plant 10,21.4,81.71,2026-03-13T00:00,PM2.5,65.9,ug/m3,open-meteo-cams
ae96e051-87fa-44af-b8ad-ad2d9638f3fd,Stack 20 - Cement Plant 10,21.4,81.71,2026-03-13T00:00,NO2,23.5,ug/m3,open-meteo-cams
ae96e051-87fa-44af-b8ad-ad2d9638f3fd,Stack 20 - Cement Plant 10,21.4,81.71,2026-03-13T00:00,SO2,7.6,ug/m3,open-meteo-cams
ae96e051-87fa-44af-b8ad-ad2d9638f3fd,Stack 20 - Cement Plant 10,21.4,81.71,2026-03-13T01:00,PM2.5,68.9,ug/m3,open-meteo-cams
ae96e051-87fa-44af-b8ad-ad2d9638f3fd,Stack 20 - Cement Plant 10,21.4,81.71,2026-03-13T01:00,NO2,19.7,ug/m3,open-meteo-cams
ae96e051-87fa-44af-b8ad-ad2d9638f3fd,Stack 20 - Cement Plant 10,21.4,81.71,2026-03-13T01:00,SO2,7.9,ug/m3,open-meteo-cams
ae96e051-87fa-44af-b8ad-ad2d9638f3fd,Stack 20 - Cement Plant 10,21.4,81.71,2026-03-13T02:00,PM2.5,73.6,ug/m3,open-meteo-cams
ae96e051-87fa-44af-b8ad-ad2d9638f3fd,Stack 20 - Cement Plant 10,21.4,81.71,2026-03-13T02:00,NO2,14.3,ug/m3,open-meteo-cams
ae96e051-87fa-44af-b8ad-ad2d9638f3fd,Stack 20 - Cement Plant 10,21.4,81.71,2026-03-13T02:00,SO2,8.5,ug/m3,open-meteo-cams
ae96e051-87fa-44af-b8ad-ad2d9638f3fd,Stack 20 - Cement Plant 10,21.4,81.71,2026-03-13T03:00,PM2.5,55.9,ug/m3,open-meteo-cams
ae96e051-87fa-44af-b8ad-ad2d9638f3fd,Stack 20 - Cement Plant 10,21.4,81.71,2026-03-13T03:00,NO2,9.6,ug/m3,open-meteo-cams
ae96e051-87fa-44af-b8ad-ad2d9638f3fd,Stack 20 - Cement Plant 10,21.4,81.71,2026-03-13T03:00,SO2,9.3,ug/m3,open-meteo-cams
ae96e051-87fa-44af-b8ad-ad2d9638f3fd,Stack 20 - Cement Plant 10,21.4,81.71,2026-03-13T04:00,PM2.5,38.1,ug/m3,open-meteo-cams
ae96e051-87fa-44af-b8ad-ad2d9638f3fd,Stack 20 - Cement Plant 10,21.4,81.71,2026-03-13T04:00,NO2,6.3,ug/m3,open-meteo-cams
ae96e051-87fa-44af-b8ad-ad2d9638f3fd,Stack 20 - Cement Plant 10,21.4,81.71,2026-03-13T04:00,SO2,11.0,ug/m3,open-meteo-cams
ae96e051-87fa-44af-b8ad-ad2d9638f3fd,Stack 20 - Cement Plant 10,21.4,81.71,2026-03-13T05:00,PM2.5,24.7,ug/m3,open-meteo-cams
ae96e051-87fa-44af-b8ad-ad2d9638f3fd,Stack 20 - Cement Plant 10,21.4,81.71,2026-03-13T05:00,NO2,3.7,ug/m3,open-meteo-cams
ae96e051-87fa-44af-b8ad-ad2d9638f3fd,Stack 20 - Cement Plant 10,21.4,81.71,2026-03-13T05:00,SO2,12.9,ug/m3,open-meteo-cams
ae96e051-87fa-44af-b8ad-ad2d9638f3fd,Stack 20 - Cement Plant 10,21.4,81.71,2026-03-13T06:00,PM2.5,17.9,ug/m3,open-meteo-cams
ae96e051-87fa-44af-b8ad-ad2d9638f3fd,Stack 20 - Cement Plant 10,21.4,81.71,2026-03-13T06:00,NO2,1.8,ug/m3,open-meteo-cams
ae96e051-87fa-44af-b8ad-ad2d9638f3fd,Stack 20 - Cement Plant 10,21.4,81.71,2026-03-13T06:00,SO2,13.6,ug/m3,open-meteo-cams
ae96e051-87fa-44af-b8ad-ad2d9638f3fd,Stack 20 - Cement Plant 10,21.4,81.71,2026-03-13T07:00,PM2.5,14.9,ug/m3,open-meteo-cams
ae96e051-87fa-44af-b8ad-ad2d9638f3fd,Stack 20 - Cement Plant 10,21.4,81.71,2026-03-13T07:00,NO2,0.7,ug/m3,open-meteo-cams
ae96e051-87fa-44af-b8ad-ad2d9638f3fd,Stack 20 - Cement Plant 10,21.4,81.71,2026-03-13T07:00,SO2,11.8,ug/m3,open-meteo-cams
ae96e051-87fa-44af-b8ad-ad2d9638f3fd,Stack 20 - Cement Plant 10,21.4,81.71,2026-03-13T08:00,PM2.5,13.4,ug/m3,open-meteo-cams
ae96e051-87fa-44af-b8ad-ad2d9638f3fd,Stack 20 - Cement Plant 10,21.4,81.71,2026-03-13T08:00,NO2,0.4,ug/m3,open-meteo-cams
ae96e051-87fa-44af-b8ad-ad2d9638f3fd,Stack 20 - Cement Plant 10,21.4,81.71,2026-03-13T08:00,SO2,8.7,ug/m3,open-meteo-cams
ae96e051-87fa-44af-b8ad-ad2d9638f3fd,Stack 20 - Cement Plant 10,21.4,81.71,2026-03-13T09:00,PM2.5,12.2,ug/m3,open-meteo-cams
ae96e051-87fa-44af-b8ad-ad2d9638f3fd,Stack 20 - Cement Plant 10,21.4,81.71,2026-03-13T09:00,NO2,0.7,ug/m3,open-meteo-cams
ae96e051-87fa-44af-b8ad-ad2d9638f3fd,Stack 20 - Cement Plant 10,21.4,81.71,2026-03-13T09:00,SO2,6.3,ug/m3,open-meteo-cams
ae96e051-87fa-44af-b8ad-ad2d9638f3fd,Stack 20 - Cement Plant 10,21.4,81.71,2026-03-13T10:00,PM2.5,11.3,ug/m3,open-meteo-cams
ae96e051-87fa-44af-b8ad-ad2d9638f3fd,Stack 20 - Cement Plant 10,21.4,81.71,2026-03-13T10:00,NO2,1.4,ug/m3,open-meteo-cams
ae96e051-87fa-44af-b8ad-ad2d9638f3fd,Stack 20 - Cement Plant 10,21.4,81.71,2026-03-13T10:00,SO2,5.3,ug/m3,open-meteo-cams
ae96e051-87fa-44af-b8ad-ad2d9638f3fd,Stack 20 - Cement Plant 10,21.4,81.71,2026-03-13T11:00,PM2.5,11.1,ug/m3,open-meteo-cams
ae96e051-87fa-44af-b8ad-ad2d9638f3fd,Stack 20 - Cement Plant 10,21.4,81.71,2026-03-13T11:00,NO2,2.6,ug/m3,open-meteo-cams
ae96e051-87fa-44af-b8ad-ad2d9638f3fd,Stack 20 - Cement Plant 10,21.4,81.71,2026-03-13T11:00,SO2,4.9,ug/m3,open-meteo-cams
ae96e051-87fa-44af-b8ad-ad2d9638f3fd,Stack 20 - Cement Plant 10,21.4,81.71,2026-03-13T12:00,PM2.5,16.6,ug/m3,open-meteo-cams
ae96e051-87fa-44af-b8ad-ad2d9638f3fd,Stack 20 - Cement Plant 10,21.4,81.71,2026-03-13T12:00,NO2,5.1,ug/m3,open-meteo-cams
ae96e051-87fa-44af-b8ad-ad2d9638f3fd,Stack 20 - Cement Plant 10,21.4,81.71,2026-03-13T12:00,SO2,5.4,ug/m3,open-meteo-cams
ae96e051-87fa-44af-b8ad-ad2d9638f3fd,Stack 20 - Cement Plant 10,21.4,81.71,2026-03-13T13:00,PM2.5,25.4,ug/m3,open-meteo-cams
ae96e051-87fa-44af-b8ad-ad2d9638f3fd,Stack 20 - Cement Plant 10,21.4,81.71,2026-03-13T13:00,NO2,9.8,ug/m3,open-meteo-cams
ae96e051-87fa-44af-b8ad-ad2d9638f3fd,Stack 20 - Cement Plant 10,21.4,81.71,2026-03-13T13:00,SO2,7.2,ug/m3,open-meteo-cams
ae96e051-87fa-44af-b8ad-ad2d9638f3fd,Stack 20 - Cement Plant 10,21.4,81.71,2026-03-13T14:00,PM2.5,31.0,ug/m3,open-meteo-cams
ae96e051-87fa-44af-b8ad-ad2d9638f3fd,Stack 20 - Cement Plant 10,21.4,81.71,2026-03-13T14:00,NO2,15.7,ug/m3,open-meteo-cams
ae96e051-87fa-44af-b8ad-ad2d9638f3fd,Stack 20 - Cement Plant 10,21.4,81.71,2026-03-13T14:00,SO2,9.7,ug/m3,open-meteo-cams
ae96e051-87fa-44af-b8ad-ad2d9638f3fd,Stack 20 - Cement Plant 10,21.4,81.71,2026-03-13T15:00,PM2.5,32.5,ug/m3,open-meteo-cams
ae96e051-87fa-44af-b8ad-ad2d9638f3fd,Stack 20 - Cement Plant 10,21.4,81.71,2026-03-13T15:00,NO2,20.5,ug/m3,open-meteo-cams
ae96e051-87fa-44af-b8ad-ad2d9638f3fd,Stack 20 - Cement Plant 10,21.4,81.71,2026-03-13T15:00,SO2,11.7,ug/m3,open-meteo-cams
ae96e051-87fa-44af-b8ad-ad2d9638f3fd,Stack 20 - Cement Plant 10,21.4,81.71,2026-03-13T16:00,PM2.5,34.9,ug/m3,open-meteo-cams
ae96e051-87fa-44af-b8ad-ad2d9638f3fd,Stack 20 - Cement Plant 10,21.4,81.71,2026-03-13T16:00,NO2,23.1,ug/m3,open-meteo-cams
ae96e051-87fa-44af-b8ad-ad2d9638f3fd,Stack 20 - Cement Plant 10,21.4,81.71,2026-03-13T16:00,SO2,12.5,ug/m3,open-meteo-cams
ae96e051-87fa-44af-b8ad-ad2d9638f3fd,Stack 20 - Cement Plant 10,21.4,81.71,2026-03-13T17:00,PM2.5,39.5,ug/m3,open-meteo-cams
ae96e051-87fa-44af-b8ad-ad2d9638f3fd,Stack 20 - Cement Plant 10,21.4,81.71,2026-03-13T17:00,NO2,24.5,ug/m3,open-meteo-cams
ae96e051-87fa-44af-b8ad-ad2d9638f3fd,Stack 20 - Cement Plant 10,21.4,81.71,2026-03-13T17:00,SO2,12.7,ug/m3,open-meteo-cams
ae96e051-87fa-44af-b8ad-ad2d9638f3fd,Stack 20 - Cement Plant 10,21.4,81.71,2026-03-13T18:00,PM2.5,46.4,ug/m3,open-meteo-cams
ae96e051-87fa-44af-b8ad-ad2d9638f3fd,Stack 20 - Cement Plant 10,21.4,81.71,2026-03-13T18:00,NO2,25.5,ug/m3,open-meteo-cams
ae96e051-87fa-44af-b8ad-ad2d9638f3fd,Stack 20 - Cement Plant 10,21.4,81.71,2026-03-13T18:00,SO2,12.5,ug/m3,open-meteo-cams
ae96e051-87fa-44af-b8ad-ad2d9638f3fd,Stack 20 - Cement Plant 10,21.4,81.71,2026-03-13T19:00,PM2.5,55.8,ug/m3,open-meteo-cams
ae96e051-87fa-44af-b8ad-ad2d9638f3fd,Stack 20 - Cement Plant 10,21.4,81.71,2026-03-13T19:00,NO2,25.9,ug/m3,open-meteo-cams
ae96e051-87fa-44af-b8ad-ad2d9638f3fd,Stack 20 - Cement Plant 10,21.4,81.71,2026-03-13T19:00,SO2,11.6,ug/m3,open-meteo-cams
ae96e051-87fa-44af-b8ad-ad2d9638f3fd,Stack 20 - Cement Plant 10,21.4,81.71,2026-03-13T20:00,PM2.5,60.1,ug/m3,open-meteo-cams
ae96e051-87fa-44af-b8ad-ad2d9638f3fd,Stack 20 - Cement Plant 10,21.4,81.71,2026-03-13T20:00,NO2,25.9,ug/m3,open-meteo-cams
ae96e051-87fa-44af-b8ad-ad2d9638f3fd,Stack 20 - Cement Plant 10,21.4,81.71,2026-03-13T20:00,SO2,10.4,ug/m3,open-meteo-cams
ae96e051-87fa-44af-b8ad-ad2d9638f3fd,Stack 20 - Cement Plant 10,21.4,81.71,2026-03-13T21:00,PM2.5,63.6,ug/m3,open-meteo-cams
ae96e051-87fa-44af-b8ad-ad2d9638f3fd,Stack 20 - Cement Plant 10,21.4,81.71,2026-03-13T21:00,NO2,26.4,ug/m3,open-meteo-cams
ae96e051-87fa-44af-b8ad-ad2d9638f3fd,Stack 20 - Cement Plant 10,21.4,81.71,2026-03-13T21:00,SO2,9.5,ug/m3,open-meteo-cams
ae96e051-87fa-44af-b8ad-ad2d9638f3fd,Stack 20 - Cement Plant 10,21.4,81.71,2026-03-13T22:00,PM2.5,67.8,ug/m3,open-meteo-cams
ae96e051-87fa-44af-b8ad-ad2d9638f3fd,Stack 20 - Cement Plant 10,21.4,81.71,2026-03-13T22:00,NO2,28.0,ug/m3,open-meteo-cams
ae96e051-87fa-44af-b8ad-ad2d9638f3fd,Stack 20 - Cement Plant 10,21.4,81.71,2026-03-13T22:00,SO2,9.4,ug/m3,open-meteo-cams
ae96e051-87fa-44af-b8ad-ad2d9638f3fd,Stack 20 - Cement Plant 10,21.4,81.71,2026-03-13T23:00,PM2.5,71.9,ug/m3,open-meteo-cams
ae96e051-87fa-44af-b8ad-ad2d9638f3fd,Stack 20 - Cement Plant 10,21.4,81.71,2026-03-13T23:00,NO2,30.2,ug/m3,open-meteo-cams
ae96e051-87fa-44af-b8ad-ad2d9638f3fd,Stack 20 - Cement Plant 10,21.4,81.71,2026-03-13T23:00,SO2,9.8,ug/m3,open-meteo-cams
ae96e051-87fa-44af-b8ad-ad2d9638f3fd,Stack 20 - Cement Plant 10,21.4,81.71,2026-03-14T00:00,PM2.5,78.2,ug/m3,open-meteo-cams
ae96e051-87fa-44af-b8ad-ad2d9638f3fd,Stack 20 - Cement Plant 10,21.4,81.71,2026-03-14T00:00,NO2,31.7,ug/m3,open-meteo-cams
ae96e051-87fa-44af-b8ad-ad2d9638f3fd,Stack 20 - Cement Plant 10,21.4,81.71,2026-03-14T00:00,SO2,10.3,ug/m3,open-meteo-cams
ae96e051-87fa-44af-b8ad-ad2d9638f3fd,Stack 20 - Cement Plant 10,21.4,81.71,2026-03-14T01:00,PM2.5,82.9,ug/m3,open-meteo-cams
ae96e051-87fa-44af-b8ad-ad2d9638f3fd,Stack 20 - Cement Plant 10,21.4,81.71,2026-03-14T01:00,NO2,32.9,ug/m3,open-meteo-cams
ae96e051-87fa-44af-b8ad-ad2d9638f3fd,Stack 20 - Cement Plant 10,21.4,81.71,2026-03-14T01:00,SO2,11.2,ug/m3,open-meteo-cams
ae96e051-87fa-44af-b8ad-ad2d9638f3fd,Stack 20 - Cement Plant 10,21.4,81.71,2026-03-14T02:00,PM2.5,76.1,ug/m3,open-meteo-cams
ae96e051-87fa-44af-b8ad-ad2d9638f3fd,Stack 20 - Cement Plant 10,21.4,81.71,2026-03-14T02:00,NO2,33.5,ug/m3,open-meteo-cams
ae96e051-87fa-44af-b8ad-ad2d9638f3fd,Stack 20 - Cement Plant 10,21.4,81.71,2026-03-14T02:00,SO2,12.3,ug/m3,open-meteo-cams
ae96e051-87fa-44af-b8ad-ad2d9638f3fd,Stack 20 - Cement Plant 10,21.4,81.71,2026-03-14T03:00,PM2.5,61.5,ug/m3,open-meteo-cams
ae96e051-87fa-44af-b8ad-ad2d9638f3fd,Stack 20 - Cement Plant 10,21.4,81.71,2026-03-14T03:00,NO2,31.5,ug/m3,open-meteo-cams
ae96e051-87fa-44af-b8ad-ad2d9638f3fd,Stack 20 - Cement Plant 10,21.4,81.71,2026-03-14T03:00,SO2,12.9,ug/m3,open-meteo-cams
ae96e051-87fa-44af-b8ad-ad2d9638f3fd,Stack 20 - Cement Plant 10,21.4,81.71,2026-03-14T04:00,PM2.5,51.2,ug/m3,open-meteo-cams
ae96e051-87fa-44af-b8ad-ad2d9638f3fd,Stack 20 - Cement Plant 10,21.4,81.71,2026-03-14T04:00,NO2,24.8,ug/m3,open-meteo-cams
ae96e051-87fa-44af-b8ad-ad2d9638f3fd,Stack 20 - Cement Plant 10,21.4,81.71,2026-03-14T04:00,SO2,12.8,ug/m3,open-meteo-cams
ae96e051-87fa-44af-b8ad-ad2d9638f3fd,Stack 20 - Cement Plant 10,21.4,81.71,2026-03-14T05:00,PM2.5,44.9,ug/m3,open-meteo-cams
ae96e051-87fa-44af-b8ad-ad2d9638f3fd,Stack 20 - Cement Plant 10,21.4,81.71,2026-03-14T05:00,NO2,15.5,ug/m3,open-meteo-cams
ae96e051-87fa-44af-b8ad-ad2d9638f3fd,Stack 20 - Cement Plant 10,21.4,81.71,2026-03-14T05:00,SO2,12.3,ug/m3,open-meteo-cams
ae96e051-87fa-44af-b8ad-ad2d9638f3fd,Stack 20 - Cement Plant 10,21.4,81.71,2026-03-14T06:00,PM2.5,36.8,ug/m3,open-meteo-cams
ae96e051-87fa-44af-b8ad-ad2d9638f3fd,Stack 20 - Cement Plant 10,21.4,81.71,2026-03-14T06:00,NO2,8.2,ug/m3,open-meteo-cams
ae96e051-87fa-44af-b8ad-ad2d9638f3fd,Stack 20 - Cement Plant 10,21.4,81.71,2026-03-14T06:00,SO2,11.3,ug/m3,open-meteo-cams
ae96e051-87fa-44af-b8ad-ad2d9638f3fd,Stack 20 - Cement Plant 10,21.4,81.71,2026-03-14T07:00,PM2.5,31.4,ug/m3,open-meteo-cams
ae96e051-87fa-44af-b8ad-ad2d9638f3fd,Stack 20 - Cement Plant 10,21.4,81.71,2026-03-14T07:00,NO2,4.5,ug/m3,open-meteo-cams
ae96e051-87fa-44af-b8ad-ad2d9638f3fd,Stack 20 - Cement Plant 10,21.4,81.71,2026-03-14T07:00,SO2,9.6,ug/m3,open-meteo-cams
ae96e051-87fa-44af-b8ad-ad2d9638f3fd,Stack 20 - Cement Plant 10,21.4,81.71,2026-03-14T08:00,PM2.5,23.3,ug/m3,open-meteo-cams
ae96e051-87fa-44af-b8ad-ad2d9638f3fd,Stack 20 - Cement Plant 10,21.4,81.71,2026-03-14T08:00,NO2,2.6,ug/m3,open-meteo-cams
ae96e051-87fa-44af-b8ad-ad2d9638f3fd,Stack 20 - Cement Plant 10,21.4,81.71,2026-03-14T08:00,SO2,7.4,ug/m3,open-meteo-cams
ae96e051-87fa-44af-b8ad-ad2d9638f3fd,Stack 20 - Cement Plant 10,21.4,81.71,2026-03-14T09:00,PM2.5,19.0,ug/m3,open-meteo-cams
ae96e051-87fa-44af-b8ad-ad2d9638f3fd,Stack 20 - Cement Plant 10,21.4,81.71,2026-03-14T09:00,NO2,2.1,ug/m3,open-meteo-cams
ae96e051-87fa-44af-b8ad-ad2d9638f3fd,Stack 20 - Cement Plant 10,21.4,81.71,2026-03-14T09:00,SO2,5.9,ug/m3,open-meteo-cams
ae96e051-87fa-44af-b8ad-ad2d9638f3fd,Stack 20 - Cement Plant 10,21.4,81.71,2026-03-14T10:00,PM2.5,18.1,ug/m3,open-meteo-cams
ae96e051-87fa-44af-b8ad-ad2d9638f3fd,Stack 20 - Cement Plant 10,21.4,81.71,2026-03-14T10:00,NO2,2.7,ug/m3,open-meteo-cams
ae96e051-87fa-44af-b8ad-ad2d9638f3fd,Stack 20 - Cement Plant 10,21.4,81.71,2026-03-14T10:00,SO2,5.4,ug/m3,open-meteo-cams
ae96e051-87fa-44af-b8ad-ad2d9638f3fd,Stack 20 - Cement Plant 10,21.4,81.71,2026-03-14T11:00,PM2.5,18.2,ug/m3,open-meteo-cams
ae96e051-87fa-44af-b8ad-ad2d9638f3fd,Stack 20 - Cement Plant 10,21.4,81.71,2026-03-14T11:00,NO2,4.6,ug/m3,open-meteo-cams
ae96e051-87fa-44af-b8ad-ad2d9638f3fd,Stack 20 - Cement Plant 10,21.4,81.71,2026-03-14T11:00,SO2,5.6,ug/m3,open-meteo-cams
ae96e051-87fa-44af-b8ad-ad2d9638f3fd,Stack 20 - Cement Plant 10,21.4,81.71,2026-03-14T12:00,PM2.5,24.2,ug/m3,open-meteo-cams
ae96e051-87fa-44af-b8ad-ad2d9638f3fd,Stack 20 - Cement Plant 10,21.4,81.71,2026-03-14T12:00,NO2,7.7,ug/m3,open-meteo-cams
ae96e051-87fa-44af-b8ad-ad2d9638f3fd,Stack 20 - Cement Plant 10,21.4,81.71,2026-03-14T12:00,SO2,6.4,ug/m3,open-meteo-cams
ae96e051-87fa-44af-b8ad-ad2d9638f3fd,Stack 20 - Cement Plant 10,21.4,81.71,2026-03-14T13:00,PM2.5,33.5,ug/m3,open-meteo-cams
ae96e051-87fa-44af-b8ad-ad2d9638f3fd,Stack 20 - Cement Plant 10,21.4,81.71,2026-03-14T13:00,NO2,12.5,ug/m3,open-meteo-cams
ae96e051-87fa-44af-b8ad-ad2d9638f3fd,Stack 20 - Cement Plant 10,21.4,81.71,2026-03-14T13:00,SO2,8.1,ug/m3,open-meteo-cams
ae96e051-87fa-44af-b8ad-ad2d9638f3fd,Stack 20 - Cement Plant 10,21.4,81.71,2026-03-14T14:00,PM2.5,37.5,ug/m3,open-meteo-cams
ae96e051-87fa-44af-b8ad-ad2d9638f3fd,Stack 20 - Cement Plant 10,21.4,81.71,2026-03-14T14:00,NO2,18.4,ug/m3,open-meteo-cams
ae96e051-87fa-44af-b8ad-ad2d9638f3fd,Stack 20 - Cement Plant 10,21.4,81.71,2026-03-14T14:00,SO2,10.4,ug/m3,open-meteo-cams
ae96e051-87fa-44af-b8ad-ad2d9638f3fd,Stack 20 - Cement Plant 10,21.4,81.71,2026-03-14T15:00,PM2.5,38.9,ug/m3,open-meteo-cams
ae96e051-87fa-44af-b8ad-ad2d9638f3fd,Stack 20 - Cement Plant 10,21.4,81.71,2026-03-14T15:00,NO2,23.5,ug/m3,open-meteo-cams
ae96e051-87fa-44af-b8ad-ad2d9638f3fd,Stack 20 - Cement Plant 10,21.4,81.71,2026-03-14T15:00,SO2,12.1,ug/m3,open-meteo-cams
ae96e051-87fa-44af-b8ad-ad2d9638f3fd,Stack 20 - Cement Plant 10,21.4,81.71,2026-03-14T16:00,PM2.5,41.4,ug/m3,open-meteo-cams
ae96e051-87fa-44af-b8ad-ad2d9638f3fd,Stack 20 - Cement Plant 10,21.4,81.71,2026-03-14T16:00,NO2,26.9,ug/m3,open-meteo-cams
ae96e051-87fa-44af-b8ad-ad2d9638f3fd,Stack 20 - Cement Plant 10,21.4,81.71,2026-03-14T16:00,SO2,12.6,ug/m3,open-meteo-cams
ae96e051-87fa-44af-b8ad-ad2d9638f3fd,Stack 20 - Cement Plant 10,21.4,81.71,2026-03-14T17:00,PM2.5,44.8,ug/m3,open-meteo-cams
ae96e051-87fa-44af-b8ad-ad2d9638f3fd,Stack 20 - Cement Plant 10,21.4,81.71,2026-03-14T17:00,NO2,29.4,ug/m3,open-meteo-cams
ae96e051-87fa-44af-b8ad-ad2d9638f3fd,Stack 20 - Cement Plant 10,21.4,81.71,2026-03-14T17:00,SO2,12.5,ug/m3,open-meteo-cams
ae96e051-87fa-44af-b8ad-ad2d9638f3fd,Stack 20 - Cement Plant 10,21.4,81.71,2026-03-14T18:00,PM2.5,48.0,ug/m3,open-meteo-cams
ae96e051-87fa-44af-b8ad-ad2d9638f3fd,Stack 20 - Cement Plant 10,21.4,81.71,2026-03-14T18:00,NO2,31.3,ug/m3,open-meteo-cams
ae96e051-87fa-44af-b8ad-ad2d9638f3fd,Stack 20 - Cement Plant 10,21.4,81.71,2026-03-14T18:00,SO2,12.2,ug/m3,open-meteo-cams
ae96e051-87fa-44af-b8ad-ad2d9638f3fd,Stack 20 - Cement Plant 10,21.4,81.71,2026-03-14T19:00,PM2.5,50.4,ug/m3,open-meteo-cams
ae96e051-87fa-44af-b8ad-ad2d9638f3fd,Stack 20 - Cement Plant 10,21.4,81.71,2026-03-14T19:00,NO2,32.9,ug/m3,open-meteo-cams
ae96e051-87fa-44af-b8ad-ad2d9638f3fd,Stack 20 - Cement Plant 10,21.4,81.71,2026-03-14T19:00,SO2,11.9,ug/m3,open-meteo-cams
ae96e051-87fa-44af-b8ad-ad2d9638f3fd,Stack 20 - Cement Plant 10,21.4,81.71,2026-03-14T20:00,PM2.5,53.2,ug/m3,open-meteo-cams
ae96e051-87fa-44af-b8ad-ad2d9638f3fd,Stack 20 - Cement Plant 10,21.4,81.71,2026-03-14T20:00,NO2,34.0,ug/m3,open-meteo-cams
ae96e051-87fa-44af-b8ad-ad2d9638f3fd,Stack 20 - Cement Plant 10,21.4,81.71,2026-03-14T20:00,SO2,11.5,ug/m3,open-meteo-cams
ae96e051-87fa-44af-b8ad-ad2d9638f3fd,Stack 20 - Cement Plant 10,21.4,81.71,2026-03-14T21:00,PM2.5,56.5,ug/m3,open-meteo-cams
ae96e051-87fa-44af-b8ad-ad2d9638f3fd,Stack 20 - Cement Plant 10,21.4,81.71,2026-03-14T21:00,NO2,34.0,ug/m3,open-meteo-cams
ae96e051-87fa-44af-b8ad-ad2d9638f3fd,Stack 20 - Cement Plant 10,21.4,81.71,2026-03-14T21:00,SO2,11.1,ug/m3,open-meteo-cams
ae96e051-87fa-44af-b8ad-ad2d9638f3fd,Stack 20 - Cement Plant 10,21.4,81.71,2026-03-14T22:00,PM2.5,60.1,ug/m3,open-meteo-cams
ae96e051-87fa-44af-b8ad-ad2d9638f3fd,Stack 20 - Cement Plant 10,21.4,81.71,2026-03-14T22:00,NO2,32.5,ug/m3,open-meteo-cams
ae96e051-87fa-44af-b8ad-ad2d9638f3fd,Stack 20 - Cement Plant 10,21.4,81.71,2026-03-14T22:00,SO2,10.5,ug/m3,open-meteo-cams
ae96e051-87fa-44af-b8ad-ad2d9638f3fd,Stack 20 - Cement Plant 10,21.4,81.71,2026-03-14T23:00,PM2.5,60.8,ug/m3,open-meteo-cams
ae96e051-87fa-44af-b8ad-ad2d9638f3fd,Stack 20 - Cement Plant 10,21.4,81.71,2026-03-14T23:00,NO2,30.0,ug/m3,open-meteo-cams
ae96e051-87fa-44af-b8ad-ad2d9638f3fd,Stack 20 - Cement Plant 10,21.4,81.71,2026-03-14T23:00,SO2,9.9,ug/m3,open-meteo-cams
dc4476e0-7dc4-43ff-a6d5-08487d13ec68,Stack 21 - Bharat Steel,21.41,81.718,2026-03-13T00:00,PM2.5,65.9,ug/m3,open-meteo-cams
dc4476e0-7dc4-43ff-a6d5-08487d13ec68,Stack 21 - Bharat Steel,21.41,81.718,2026-03-13T00:00,NO2,23.5,ug/m3,open-meteo-cams
dc4476e0-7dc4-43ff-a6d5-08487d13ec68,Stack 21 - Bharat Steel,21.41,81.718,2026-03-13T00:00,SO2,7.6,ug/m3,open-meteo-cams
dc4476e0-7dc4-43ff-a6d5-08487d13ec68,Stack 21 - Bharat Steel,21.41,81.718,2026-03-13T01:00,PM2.5,68.9,ug/m3,open-meteo-cams
dc4476e0-7dc4-43ff-a6d5-08487d13ec68,Stack 21 - Bharat Steel,21.41,81.718,2026-03-13T01:00,NO2,19.7,ug/m3,open-meteo-cams
dc4476e0-7dc4-43ff-a6d5-08487d13ec68,Stack 21 - Bharat Steel,21.41,81.718,2026-03-13T01:00,SO2,7.9,ug/m3,open-meteo-cams
dc4476e0-7dc4-43ff-a6d5-08487d13ec68,Stack 21 - Bharat Steel,21.41,81.718,2026-03-13T02:00,PM2.5,73.6,ug/m3,open-meteo-cams
dc4476e0-7dc4-43ff-a6d5-08487d13ec68,Stack 21 - Bharat Steel,21.41,81.718,2026-03-13T02:00,NO2,14.3,ug/m3,open-meteo-cams
dc4476e0-7dc4-43ff-a6d5-08487d13ec68,Stack 21 - Bharat Steel,21.41,81.718,2026-03-13T02:00,SO2,8.5,ug/m3,open-meteo-cams
dc4476e0-7dc4-43ff-a6d5-08487d13ec68,Stack 21 - Bharat Steel,21.41,81.718,2026-03-13T03:00,PM2.5,55.9,ug/m3,open-meteo-cams
dc4476e0-7dc4-43ff-a6d5-08487d13ec68,Stack 21 - Bharat Steel,21.41,81.718,2026-03-13T03:00,NO2,9.6,ug/m3,open-meteo-cams
dc4476e0-7dc4-43ff-a6d5-08487d13ec68,Stack 21 - Bharat Steel,21.41,81.718,2026-03-13T03:00,SO2,9.3,ug/m3,open-meteo-cams
dc4476e0-7dc4-43ff-a6d5-08487d13ec68,Stack 21 - Bharat Steel,21.41,81.718,2026-03-13T04:00,PM2.5,38.1,ug/m3,open-meteo-cams
dc4476e0-7dc4-43ff-a6d5-08487d13ec68,Stack 21 - Bharat Steel,21.41,81.718,2026-03-13T04:00,NO2,6.3,ug/m3,open-meteo-cams
dc4476e0-7dc4-43ff-a6d5-08487d13ec68,Stack 21 - Bharat Steel,21.41,81.718,2026-03-13T04:00,SO2,11.0,ug/m3,open-meteo-cams
dc4476e0-7dc4-43ff-a6d5-08487d13ec68,Stack 21 - Bharat Steel,21.41,81.718,2026-03-13T05:00,PM2.5,24.7,ug/m3,open-meteo-cams
dc4476e0-7dc4-43ff-a6d5-08487d13ec68,Stack 21 - Bharat Steel,21.41,81.718,2026-03-13T05:00,NO2,3.7,ug/m3,open-meteo-cams
dc4476e0-7dc4-43ff-a6d5-08487d13ec68,Stack 21 - Bharat Steel,21.41,81.718,2026-03-13T05:00,SO2,12.9,ug/m3,open-meteo-cams
dc4476e0-7dc4-43ff-a6d5-08487d13ec68,Stack 21 - Bharat Steel,21.41,81.718,2026-03-13T06:00,PM2.5,17.9,ug/m3,open-meteo-cams
dc4476e0-7dc4-43ff-a6d5-08487d13ec68,Stack 21 - Bharat Steel,21.41,81.718,2026-03-13T06:00,NO2,1.8,ug/m3,open-meteo-cams
dc4476e0-7dc4-43ff-a6d5-08487d13ec68,Stack 21 - Bharat Steel,21.41,81.718,2026-03-13T06:00,SO2,13.6,ug/m3,open-meteo-cams
dc4476e0-7dc4-43ff-a6d5-08487d13ec68,Stack 21 - Bharat Steel,21.41,81.718,2026-03-13T07:00,PM2.5,14.9,ug/m3,open-meteo-cams
dc4476e0-7dc4-43ff-a6d5-08487d13ec68,Stack 21 - Bharat Steel,21.41,81.718,2026-03-13T07:00,NO2,0.7,ug/m3,open-meteo-cams
dc4476e0-7dc4-43ff-a6d5-08487d13ec68,Stack 21 - Bharat Steel,21.41,81.718,2026-03-13T07:00,SO2,11.8,ug/m3,open-meteo-cams
dc4476e0-7dc4-43ff-a6d5-08487d13ec68,Stack 21 - Bharat Steel,21.41,81.718,2026-03-13T08:00,PM2.5,13.4,ug/m3,open-meteo-cams
dc4476e0-7dc4-43ff-a6d5-08487d13ec68,Stack 21 - Bharat Steel,21.41,81.718,2026-03-13T08:00,NO2,0.4,ug/m3,open-meteo-cams
dc4476e0-7dc4-43ff-a6d5-08487d13ec68,Stack 21 - Bharat Steel,21.41,81.718,2026-03-13T08:00,SO2,8.7,ug/m3,open-meteo-cams
dc4476e0-7dc4-43ff-a6d5-08487d13ec68,Stack 21 - Bharat Steel,21.41,81.718,2026-03-13T09:00,PM2.5,12.2,ug/m3,open-meteo-cams
dc4476e0-7dc4-43ff-a6d5-08487d13ec68,Stack 21 - Bharat Steel,21.41,81.718,2026-03-13T09:00,NO2,0.7,ug/m3,open-meteo-cams
dc4476e0-7dc4-43ff-a6d5-08487d13ec68,Stack 21 - Bharat Steel,21.41,81.718,2026-03-13T09:00,SO2,6.3,ug/m3,open-meteo-cams
dc4476e0-7dc4-43ff-a6d5-08487d13ec68,Stack 21 - Bharat Steel,21.41,81.718,2026-03-13T10:00,PM2.5,11.3,ug/m3,open-meteo-cams
dc4476e0-7dc4-43ff-a6d5-08487d13ec68,Stack 21 - Bharat Steel,21.41,81.718,2026-03-13T10:00,NO2,1.4,ug/m3,open-meteo-cams
dc4476e0-7dc4-43ff-a6d5-08487d13ec68,Stack 21 - Bharat Steel,21.41,81.718,2026-03-13T10:00,SO2,5.3,ug/m3,open-meteo-cams
dc4476e0-7dc4-43ff-a6d5-08487d13ec68,Stack 21 - Bharat Steel,21.41,81.718,2026-03-13T11:00,PM2.5,11.1,ug/m3,open-meteo-cams
dc4476e0-7dc4-43ff-a6d5-08487d13ec68,Stack 21 - Bharat Steel,21.41,81.718,2026-03-13T11:00,NO2,2.6,ug/m3,open-meteo-cams
dc4476e0-7dc4-43ff-a6d5-08487d13ec68,Stack 21 - Bharat Steel,21.41,81.718,2026-03-13T11:00,SO2,4.9,ug/m3,open-meteo-cams
dc4476e0-7dc4-43ff-a6d5-08487d13ec68,Stack 21 - Bharat Steel,21.41,81.718,2026-03-13T12:00,PM2.5,16.6,ug/m3,open-meteo-cams
dc4476e0-7dc4-43ff-a6d5-08487d13ec68,Stack 21 - Bharat Steel,21.41,81.718,2026-03-13T12:00,NO2,5.1,ug/m3,open-meteo-cams
dc4476e0-7dc4-43ff-a6d5-08487d13ec68,Stack 21 - Bharat Steel,21.41,81.718,2026-03-13T12:00,SO2,5.4,ug/m3,open-meteo-cams
dc4476e0-7dc4-43ff-a6d5-08487d13ec68,Stack 21 - Bharat Steel,21.41,81.718,2026-03-13T13:00,PM2.5,25.4,ug/m3,open-meteo-cams
dc4476e0-7dc4-43ff-a6d5-08487d13ec68,Stack 21 - Bharat Steel,21.41,81.718,2026-03-13T13:00,NO2,9.8,ug/m3,open-meteo-cams
dc4476e0-7dc4-43ff-a6d5-08487d13ec68,Stack 21 - Bharat Steel,21.41,81.718,2026-03-13T13:00,SO2,7.2,ug/m3,open-meteo-cams
dc4476e0-7dc4-43ff-a6d5-08487d13ec68,Stack 21 - Bharat Steel,21.41,81.718,2026-03-13T14:00,PM2.5,31.0,ug/m3,open-meteo-cams
dc4476e0-7dc4-43ff-a6d5-08487d13ec68,Stack 21 - Bharat Steel,21.41,81.718,2026-03-13T14:00,NO2,15.7,ug/m3,open-meteo-cams
dc4476e0-7dc4-43ff-a6d5-08487d13ec68,Stack 21 - Bharat Steel,21.41,81.718,2026-03-13T14:00,SO2,9.7,ug/m3,open-meteo-cams
dc4476e0-7dc4-43ff-a6d5-08487d13ec68,Stack 21 - Bharat Steel,21.41,81.718,2026-03-13T15:00,PM2.5,32.5,ug/m3,open-meteo-cams
dc4476e0-7dc4-43ff-a6d5-08487d13ec68,Stack 21 - Bharat Steel,21.41,81.718,2026-03-13T15:00,NO2,20.5,ug/m3,open-meteo-cams
dc4476e0-7dc4-43ff-a6d5-08487d13ec68,Stack 21 - Bharat Steel,21.41,81.718,2026-03-13T15:00,SO2,11.7,ug/m3,open-meteo-cams
dc4476e0-7dc4-43ff-a6d5-08487d13ec68,Stack 21 - Bharat Steel,21.41,81.718,2026-03-13T16:00,PM2.5,34.9,ug/m3,open-meteo-cams
dc4476e0-7dc4-43ff-a6d5-08487d13ec68,Stack 21 - Bharat Steel,21.41,81.718,2026-03-13T16:00,NO2,23.1,ug/m3,open-meteo-cams
dc4476e0-7dc4-43ff-a6d5-08487d13ec68,Stack 21 - Bharat Steel,21.41,81.718,2026-03-13T16:00,SO2,12.5,ug/m3,open-meteo-cams
dc4476e0-7dc4-43ff-a6d5-08487d13ec68,Stack 21 - Bharat Steel,21.41,81.718,2026-03-13T17:00,PM2.5,39.5,ug/m3,open-meteo-cams
dc4476e0-7dc4-43ff-a6d5-08487d13ec68,Stack 21 - Bharat Steel,21.41,81.718,2026-03-13T17:00,NO2,24.5,ug/m3,open-meteo-cams
dc4476e0-7dc4-43ff-a6d5-08487d13ec68,Stack 21 - Bharat Steel,21.41,81.718,2026-03-13T17:00,SO2,12.7,ug/m3,open-meteo-cams
dc4476e0-7dc4-43ff-a6d5-08487d13ec68,Stack 21 - Bharat Steel,21.41,81.718,2026-03-13T18:00,PM2.5,46.4,ug/m3,open-meteo-cams
dc4476e0-7dc4-43ff-a6d5-08487d13ec68,Stack 21 - Bharat Steel,21.41,81.718,2026-03-13T18:00,NO2,25.5,ug/m3,open-meteo-cams
dc4476e0-7dc4-43ff-a6d5-08487d13ec68,Stack 21 - Bharat Steel,21.41,81.718,2026-03-13T18:00,SO2,12.5,ug/m3,open-meteo-cams
dc4476e0-7dc4-43ff-a6d5-08487d13ec68,Stack 21 - Bharat Steel,21.41,81.718,2026-03-13T19:00,PM2.5,55.8,ug/m3,open-meteo-cams
dc4476e0-7dc4-43ff-a6d5-08487d13ec68,Stack 21 - Bharat Steel,21.41,81.718,2026-03-13T19:00,NO2,25.9,ug/m3,open-meteo-cams
dc4476e0-7dc4-43ff-a6d5-08487d13ec68,Stack 21 - Bharat Steel,21.41,81.718,2026-03-13T19:00,SO2,11.6,ug/m3,open-meteo-cams
dc4476e0-7dc4-43ff-a6d5-08487d13ec68,Stack 21 - Bharat Steel,21.41,81.718,2026-03-13T20:00,PM2.5,60.1,ug/m3,open-meteo-cams
dc4476e0-7dc4-43ff-a6d5-08487d13ec68,Stack 21 - Bharat Steel,21.41,81.718,2026-03-13T20:00,NO2,25.9,ug/m3,open-meteo-cams
dc4476e0-7dc4-43ff-a6d5-08487d13ec68,Stack 21 - Bharat Steel,21.41,81.718,2026-03-13T20:00,SO2,10.4,ug/m3,open-meteo-cams
dc4476e0-7dc4-43ff-a6d5-08487d13ec68,Stack 21 - Bharat Steel,21.41,81.718,2026-03-13T21:00,PM2.5,63.6,ug/m3,open-meteo-cams
dc4476e0-7dc4-43ff-a6d5-08487d13ec68,Stack 21 - Bharat Steel,21.41,81.718,2026-03-13T21:00,NO2,26.4,ug/m3,open-meteo-cams
dc4476e0-7dc4-43ff-a6d5-08487d13ec68,Stack 21 - Bharat Steel,21.41,81.718,2026-03-13T21:00,SO2,9.5,ug/m3,open-meteo-cams
dc4476e0-7dc4-43ff-a6d5-08487d13ec68,Stack 21 - Bharat Steel,21.41,81.718,2026-03-13T22:00,PM2.5,67.8,ug/m3,open-meteo-cams
dc4476e0-7dc4-43ff-a6d5-08487d13ec68,Stack 21 - Bharat Steel,21.41,81.718,2026-03-13T22:00,NO2,28.0,ug/m3,open-meteo-cams
dc4476e0-7dc4-43ff-a6d5-08487d13ec68,Stack 21 - Bharat Steel,21.41,81.718,2026-03-13T22:00,SO2,9.4,ug/m3,open-meteo-cams
dc4476e0-7dc4-43ff-a6d5-08487d13ec68,Stack 21 - Bharat Steel,21.41,81.718,2026-03-13T23:00,PM2.5,71.9,ug/m3,open-meteo-cams
dc4476e0-7dc4-43ff-a6d5-08487d13ec68,Stack 21 - Bharat Steel,21.41,81.718,2026-03-13T23:00,NO2,30.2,ug/m3,open-meteo-cams
dc4476e0-7dc4-43ff-a6d5-08487d13ec68,Stack 21 - Bharat Steel,21.41,81.718,2026-03-13T23:00,SO2,9.8,ug/m3,open-meteo-cams
dc4476e0-7dc4-43ff-a6d5-08487d13ec68,Stack 21 - Bharat Steel,21.41,81.718,2026-03-14T00:00,PM2.5,78.2,ug/m3,open-meteo-cams
dc4476e0-7dc4-43ff-a6d5-08487d13ec68,Stack 21 - Bharat Steel,21.41,81.718,2026-03-14T00:00,NO2,31.7,ug/m3,open-meteo-cams
dc4476e0-7dc4-43ff-a6d5-08487d13ec68,Stack 21 - Bharat Steel,21.41,81.718,2026-03-14T00:00,SO2,10.3,ug/m3,open-meteo-cams
dc4476e0-7dc4-43ff-a6d5-08487d13ec68,Stack 21 - Bharat Steel,21.41,81.718,2026-03-14T01:00,PM2.5,82.9,ug/m3,open-meteo-cams
dc4476e0-7dc4-43ff-a6d5-08487d13ec68,Stack 21 - Bharat Steel,21.41,81.718,2026-03-14T01:00,NO2,32.9,ug/m3,open-meteo-cams
dc4476e0-7dc4-43ff-a6d5-08487d13ec68,Stack 21 - Bharat Steel,21.41,81.718,2026-03-14T01:00,SO2,11.2,ug/m3,open-meteo-cams
dc4476e0-7dc4-43ff-a6d5-08487d13ec68,Stack 21 - Bharat Steel,21.41,81.718,2026-03-14T02:00,PM2.5,76.1,ug/m3,open-meteo-cams
dc4476e0-7dc4-43ff-a6d5-08487d13ec68,Stack 21 - Bharat Steel,21.41,81.718,2026-03-14T02:00,NO2,33.5,ug/m3,open-meteo-cams
dc4476e0-7dc4-43ff-a6d5-08487d13ec68,Stack 21 - Bharat Steel,21.41,81.718,2026-03-14T02:00,SO2,12.3,ug/m3,open-meteo-cams
dc4476e0-7dc4-43ff-a6d5-08487d13ec68,Stack 21 - Bharat Steel,21.41,81.718,2026-03-14T03:00,PM2.5,61.5,ug/m3,open-meteo-cams
dc4476e0-7dc4-43ff-a6d5-08487d13ec68,Stack 21 - Bharat Steel,21.41,81.718,2026-03-14T03:00,NO2,31.5,ug/m3,open-meteo-cams
dc4476e0-7dc4-43ff-a6d5-08487d13ec68,Stack 21 - Bharat Steel,21.41,81.718,2026-03-14T03:00,SO2,12.9,ug/m3,open-meteo-cams
dc4476e0-7dc4-43ff-a6d5-08487d13ec68,Stack 21 - Bharat Steel,21.41,81.718,2026-03-14T04:00,PM2.5,51.2,ug/m3,open-meteo-cams
dc4476e0-7dc4-43ff-a6d5-08487d13ec68,Stack 21 - Bharat Steel,21.41,81.718,2026-03-14T04:00,NO2,24.8,ug/m3,open-meteo-cams
dc4476e0-7dc4-43ff-a6d5-08487d13ec68,Stack 21 - Bharat Steel,21.41,81.718,2026-03-14T04:00,SO2,12.8,ug/m3,open-meteo-cams
dc4476e0-7dc4-43ff-a6d5-08487d13ec68,Stack 21 - Bharat Steel,21.41,81.718,2026-03-14T05:00,PM2.5,44.9,ug/m3,open-meteo-cams
dc4476e0-7dc4-43ff-a6d5-08487d13ec68,Stack 21 - Bharat Steel,21.41,81.718,2026-03-14T05:00,NO2,15.5,ug/m3,open-meteo-cams
dc4476e0-7dc4-43ff-a6d5-08487d13ec68,Stack 21 - Bharat Steel,21.41,81.718,2026-03-14T05:00,SO2,12.3,ug/m3,open-meteo-cams
dc4476e0-7dc4-43ff-a6d5-08487d13ec68,Stack 21 - Bharat Steel,21.41,81.718,2026-03-14T06:00,PM2.5,36.8,ug/m3,open-meteo-cams
dc4476e0-7dc4-43ff-a6d5-08487d13ec68,Stack 21 - Bharat Steel,21.41,81.718,2026-03-14T06:00,NO2,8.2,ug/m3,open-meteo-cams
dc4476e0-7dc4-43ff-a6d5-08487d13ec68,Stack 21 - Bharat Steel,21.41,81.718,2026-03-14T06:00,SO2,11.3,ug/m3,open-meteo-cams
dc4476e0-7dc4-43ff-a6d5-08487d13ec68,Stack 21 - Bharat Steel,21.41,81.718,2026-03-14T07:00,PM2.5,31.4,ug/m3,open-meteo-cams
dc4476e0-7dc4-43ff-a6d5-08487d13ec68,Stack 21 - Bharat Steel,21.41,81.718,2026-03-14T07:00,NO2,4.5,ug/m3,open-meteo-cams
dc4476e0-7dc4-43ff-a6d5-08487d13ec68,Stack 21 - Bharat Steel,21.41,81.718,2026-03-14T07:00,SO2,9.6,ug/m3,open-meteo-cams
dc4476e0-7dc4-43ff-a6d5-08487d13ec68,Stack 21 - Bharat Steel,21.41,81.718,2026-03-14T08:00,PM2.5,23.3,ug/m3,open-meteo-cams
dc4476e0-7dc4-43ff-a6d5-08487d13ec68,Stack 21 - Bharat Steel,21.41,81.718,2026-03-14T08:00,NO2,2.6,ug/m3,open-meteo-cams
dc4476e0-7dc4-43ff-a6d5-08487d13ec68,Stack 21 - Bharat Steel,21.41,81.718,2026-03-14T08:00,SO2,7.4,ug/m3,open-meteo-cams
dc4476e0-7dc4-43ff-a6d5-08487d13ec68,Stack 21 - Bharat Steel,21.41,81.718,2026-03-14T09:00,PM2.5,19.0,ug/m3,open-meteo-cams
dc4476e0-7dc4-43ff-a6d5-08487d13ec68,Stack 21 - Bharat Steel,21.41,81.718,2026-03-14T09:00,NO2,2.1,ug/m3,open-meteo-cams
dc4476e0-7dc4-43ff-a6d5-08487d13ec68,Stack 21 - Bharat Steel,21.41,81.718,2026-03-14T09:00,SO2,5.9,ug/m3,open-meteo-cams
dc4476e0-7dc4-43ff-a6d5-08487d13ec68,Stack 21 - Bharat Steel,21.41,81.718,2026-03-14T10:00,PM2.5,18.1,ug/m3,open-meteo-cams
dc4476e0-7dc4-43ff-a6d5-08487d13ec68,Stack 21 - Bharat Steel,21.41,81.718,2026-03-14T10:00,NO2,2.7,ug/m3,open-meteo-cams
dc4476e0-7dc4-43ff-a6d5-08487d13ec68,Stack 21 - Bharat Steel,21.41,81.718,2026-03-14T10:00,SO2,5.4,ug/m3,open-meteo-cams
dc4476e0-7dc4-43ff-a6d5-08487d13ec68,Stack 21 - Bharat Steel,21.41,81.718,2026-03-14T11:00,PM2.5,18.2,ug/m3,open-meteo-cams
dc4476e0-7dc4-43ff-a6d5-08487d13ec68,Stack 21 - Bharat Steel,21.41,81.718,2026-03-14T11:00,NO2,4.6,ug/m3,open-meteo-cams
dc4476e0-7dc4-43ff-a6d5-08487d13ec68,Stack 21 - Bharat Steel,21.41,81.718,2026-03-14T11:00,SO2,5.6,ug/m3,open-meteo-cams
dc4476e0-7dc4-43ff-a6d5-08487d13ec68,Stack 21 - Bharat Steel,21.41,81.718,2026-03-14T12:00,PM2.5,24.2,ug/m3,open-meteo-cams
dc4476e0-7dc4-43ff-a6d5-08487d13ec68,Stack 21 - Bharat Steel,21.41,81.718,2026-03-14T12:00,NO2,7.7,ug/m3,open-meteo-cams
dc4476e0-7dc4-43ff-a6d5-08487d13ec68,Stack 21 - Bharat Steel,21.41,81.718,2026-03-14T12:00,SO2,6.4,ug/m3,open-meteo-cams
dc4476e0-7dc4-43ff-a6d5-08487d13ec68,Stack 21 - Bharat Steel,21.41,81.718,2026-03-14T13:00,PM2.5,33.5,ug/m3,open-meteo-cams
dc4476e0-7dc4-43ff-a6d5-08487d13ec68,Stack 21 - Bharat Steel,21.41,81.718,2026-03-14T13:00,NO2,12.5,ug/m3,open-meteo-cams
dc4476e0-7dc4-43ff-a6d5-08487d13ec68,Stack 21 - Bharat Steel,21.41,81.718,2026-03-14T13:00,SO2,8.1,ug/m3,open-meteo-cams
dc4476e0-7dc4-43ff-a6d5-08487d13ec68,Stack 21 - Bharat Steel,21.41,81.718,2026-03-14T14:00,PM2.5,37.5,ug/m3,open-meteo-cams
dc4476e0-7dc4-43ff-a6d5-08487d13ec68,Stack 21 - Bharat Steel,21.41,81.718,2026-03-14T14:00,NO2,18.4,ug/m3,open-meteo-cams
dc4476e0-7dc4-43ff-a6d5-08487d13ec68,Stack 21 - Bharat Steel,21.41,81.718,2026-03-14T14:00,SO2,10.4,ug/m3,open-meteo-cams
dc4476e0-7dc4-43ff-a6d5-08487d13ec68,Stack 21 - Bharat Steel,21.41,81.718,2026-03-14T15:00,PM2.5,38.9,ug/m3,open-meteo-cams
dc4476e0-7dc4-43ff-a6d5-08487d13ec68,Stack 21 - Bharat Steel,21.41,81.718,2026-03-14T15:00,NO2,23.5,ug/m3,open-meteo-cams
dc4476e0-7dc4-43ff-a6d5-08487d13ec68,Stack 21 - Bharat Steel,21.41,81.718,2026-03-14T15:00,SO2,12.1,ug/m3,open-meteo-cams
dc4476e0-7dc4-43ff-a6d5-08487d13ec68,Stack 21 - Bharat Steel,21.41,81.718,2026-03-14T16:00,PM2.5,41.4,ug/m3,open-meteo-cams
dc4476e0-7dc4-43ff-a6d5-08487d13ec68,Stack 21 - Bharat Steel,21.41,81.718,2026-03-14T16:00,NO2,26.9,ug/m3,open-meteo-cams
dc4476e0-7dc4-43ff-a6d5-08487d13ec68,Stack 21 - Bharat Steel,21.41,81.718,2026-03-14T16:00,SO2,12.6,ug/m3,open-meteo-cams
dc4476e0-7dc4-43ff-a6d5-08487d13ec68,Stack 21 - Bharat Steel,21.41,81.718,2026-03-14T17:00,PM2.5,44.8,ug/m3,open-meteo-cams
dc4476e0-7dc4-43ff-a6d5-08487d13ec68,Stack 21 - Bharat Steel,21.41,81.718,2026-03-14T17:00,NO2,29.4,ug/m3,open-meteo-cams
dc4476e0-7dc4-43ff-a6d5-08487d13ec68,Stack 21 - Bharat Steel,21.41,81.718,2026-03-14T17:00,SO2,12.5,ug/m3,open-meteo-cams
dc4476e0-7dc4-43ff-a6d5-08487d13ec68,Stack 21 - Bharat Steel,21.41,81.718,2026-03-14T18:00,PM2.5,48.0,ug/m3,open-meteo-cams
dc4476e0-7dc4-43ff-a6d5-08487d13ec68,Stack 21 - Bharat Steel,21.41,81.718,2026-03-14T18:00,NO2,31.3,ug/m3,open-meteo-cams
dc4476e0-7dc4-43ff-a6d5-08487d13ec68,Stack 21 - Bharat Steel,21.41,81.718,2026-03-14T18:00,SO2,12.2,ug/m3,open-meteo-cams
dc4476e0-7dc4-43ff-a6d5-08487d13ec68,Stack 21 - Bharat Steel,21.41,81.718,2026-03-14T19:00,PM2.5,50.4,ug/m3,open-meteo-cams
dc4476e0-7dc4-43ff-a6d5-08487d13ec68,Stack 21 - Bharat Steel,21.41,81.718,2026-03-14T19:00,NO2,32.9,ug/m3,open-meteo-cams
dc4476e0-7dc4-43ff-a6d5-08487d13ec68,Stack 21 - Bharat Steel,21.41,81.718,2026-03-14T19:00,SO2,11.9,ug/m3,open-meteo-cams
dc4476e0-7dc4-43ff-a6d5-08487d13ec68,Stack 21 - Bharat Steel,21.41,81.718,2026-03-14T20:00,PM2.5,53.2,ug/m3,open-meteo-cams
dc4476e0-7dc4-43ff-a6d5-08487d13ec68,Stack 21 - Bharat Steel,21.41,81.718,2026-03-14T20:00,NO2,34.0,ug/m3,open-meteo-cams
dc4476e0-7dc4-43ff-a6d5-08487d13ec68,Stack 21 - Bharat Steel,21.41,81.718,2026-03-14T20:00,SO2,11.5,ug/m3,open-meteo-cams
dc4476e0-7dc4-43ff-a6d5-08487d13ec68,Stack 21 - Bharat Steel,21.41,81.718,2026-03-14T21:00,PM2.5,56.5,ug/m3,open-meteo-cams
dc4476e0-7dc4-43ff-a6d5-08487d13ec68,Stack 21 - Bharat Steel,21.41,81.718,2026-03-14T21:00,NO2,34.0,ug/m3,open-meteo-cams
dc4476e0-7dc4-43ff-a6d5-08487d13ec68,Stack 21 - Bharat Steel,21.41,81.718,2026-03-14T21:00,SO2,11.1,ug/m3,open-meteo-cams
dc4476e0-7dc4-43ff-a6d5-08487d13ec68,Stack 21 - Bharat Steel,21.41,81.718,2026-03-14T22:00,PM2.5,60.1,ug/m3,open-meteo-cams
dc4476e0-7dc4-43ff-a6d5-08487d13ec68,Stack 21 - Bharat Steel,21.41,81.718,2026-03-14T22:00,NO2,32.5,ug/m3,open-meteo-cams
dc4476e0-7dc4-43ff-a6d5-08487d13ec68,Stack 21 - Bharat Steel,21.41,81.718,2026-03-14T22:00,SO2,10.5,ug/m3,open-meteo-cams
dc4476e0-7dc4-43ff-a6d5-08487d13ec68,Stack 21 - Bharat Steel,21.41,81.718,2026-03-14T23:00,PM2.5,60.8,ug/m3,open-meteo-cams
dc4476e0-7dc4-43ff-a6d5-08487d13ec68,Stack 21 - Bharat Steel,21.41,81.718,2026-03-14T23:00,NO2,30.0,ug/m3,open-meteo-cams
dc4476e0-7dc4-43ff-a6d5-08487d13ec68,Stack 21 - Bharat Steel,21.41,81.718,2026-03-14T23:00,SO2,9.9,ug/m3,open-meteo-cams
9e1868d1-63f5-4f22-87d8-2866c752b6f3,Stack 22 - Steel Plant 2,21.42,81.726,2026-03-13T00:00,PM2.5,65.9,ug/m3,open-meteo-cams
9e1868d1-63f5-4f22-87d8-2866c752b6f3,Stack 22 - Steel Plant 2,21.42,81.726,2026-03-13T00:00,NO2,23.5,ug/m3,open-meteo-cams
9e1868d1-63f5-4f22-87d8-2866c752b6f3,Stack 22 - Steel Plant 2,21.42,81.726,2026-03-13T00:00,SO2,7.6,ug/m3,open-meteo-cams
9e1868d1-63f5-4f22-87d8-2866c752b6f3,Stack 22 - Steel Plant 2,21.42,81.726,2026-03-13T01:00,PM2.5,68.9,ug/m3,open-meteo-cams
9e1868d1-63f5-4f22-87d8-2866c752b6f3,Stack 22 - Steel Plant 2,21.42,81.726,2026-03-13T01:00,NO2,19.7,ug/m3,open-meteo-cams
9e1868d1-63f5-4f22-87d8-2866c752b6f3,Stack 22 - Steel Plant 2,21.42,81.726,2026-03-13T01:00,SO2,7.9,ug/m3,open-meteo-cams
9e1868d1-63f5-4f22-87d8-2866c752b6f3,Stack 22 - Steel Plant 2,21.42,81.726,2026-03-13T02:00,PM2.5,73.6,ug/m3,open-meteo-cams
9e1868d1-63f5-4f22-87d8-2866c752b6f3,Stack 22 - Steel Plant 2,21.42,81.726,2026-03-13T02:00,NO2,14.3,ug/m3,open-meteo-cams
9e1868d1-63f5-4f22-87d8-2866c752b6f3,Stack 22 - Steel Plant 2,21.42,81.726,2026-03-13T02:00,SO2,8.5,ug/m3,open-meteo-cams
9e1868d1-63f5-4f22-87d8-2866c752b6f3,Stack 22 - Steel Plant 2,21.42,81.726,2026-03-13T03:00,PM2.5,55.9,ug/m3,open-meteo-cams
9e1868d1-63f5-4f22-87d8-2866c752b6f3,Stack 22 - Steel Plant 2,21.42,81.726,2026-03-13T03:00,NO2,9.6,ug/m3,open-meteo-cams
9e1868d1-63f5-4f22-87d8-2866c752b6f3,Stack 22 - Steel Plant 2,21.42,81.726,2026-03-13T03:00,SO2,9.3,ug/m3,open-meteo-cams
9e1868d1-63f5-4f22-87d8-2866c752b6f3,Stack 22 - Steel Plant 2,21.42,81.726,2026-03-13T04:00,PM2.5,38.1,ug/m3,open-meteo-cams
9e1868d1-63f5-4f22-87d8-2866c752b6f3,Stack 22 - Steel Plant 2,21.42,81.726,2026-03-13T04:00,NO2,6.3,ug/m3,open-meteo-cams
9e1868d1-63f5-4f22-87d8-2866c752b6f3,Stack 22 - Steel Plant 2,21.42,81.726,2026-03-13T04:00,SO2,11.0,ug/m3,open-meteo-cams
9e1868d1-63f5-4f22-87d8-2866c752b6f3,Stack 22 - Steel Plant 2,21.42,81.726,2026-03-13T05:00,PM2.5,24.7,ug/m3,open-meteo-cams
9e1868d1-63f5-4f22-87d8-2866c752b6f3,Stack 22 - Steel Plant 2,21.42,81.726,2026-03-13T05:00,NO2,3.7,ug/m3,open-meteo-cams
9e1868d1-63f5-4f22-87d8-2866c752b6f3,Stack 22 - Steel Plant 2,21.42,81.726,2026-03-13T05:00,SO2,12.9,ug/m3,open-meteo-cams
9e1868d1-63f5-4f22-87d8-2866c752b6f3,Stack 22 - Steel Plant 2,21.42,81.726,2026-03-13T06:00,PM2.5,17.9,ug/m3,open-meteo-cams
9e1868d1-63f5-4f22-87d8-2866c752b6f3,Stack 22 - Steel Plant 2,21.42,81.726,2026-03-13T06:00,NO2,1.8,ug/m3,open-meteo-cams
9e1868d1-63f5-4f22-87d8-2866c752b6f3,Stack 22 - Steel Plant 2,21.42,81.726,2026-03-13T06:00,SO2,13.6,ug/m3,open-meteo-cams
9e1868d1-63f5-4f22-87d8-2866c752b6f3,Stack 22 - Steel Plant 2,21.42,81.726,2026-03-13T07:00,PM2.5,14.9,ug/m3,open-meteo-cams
9e1868d1-63f5-4f22-87d8-2866c752b6f3,Stack 22 - Steel Plant 2,21.42,81.726,2026-03-13T07:00,NO2,0.7,ug/m3,open-meteo-cams
9e1868d1-63f5-4f22-87d8-2866c752b6f3,Stack 22 - Steel Plant 2,21.42,81.726,2026-03-13T07:00,SO2,11.8,ug/m3,open-meteo-cams
9e1868d1-63f5-4f22-87d8-2866c752b6f3,Stack 22 - Steel Plant 2,21.42,81.726,2026-03-13T08:00,PM2.5,13.4,ug/m3,open-meteo-cams
9e1868d1-63f5-4f22-87d8-2866c752b6f3,Stack 22 - Steel Plant 2,21.42,81.726,2026-03-13T08:00,NO2,0.4,ug/m3,open-meteo-cams
9e1868d1-63f5-4f22-87d8-2866c752b6f3,Stack 22 - Steel Plant 2,21.42,81.726,2026-03-13T08:00,SO2,8.7,ug/m3,open-meteo-cams
9e1868d1-63f5-4f22-87d8-2866c752b6f3,Stack 22 - Steel Plant 2,21.42,81.726,2026-03-13T09:00,PM2.5,12.2,ug/m3,open-meteo-cams
9e1868d1-63f5-4f22-87d8-2866c752b6f3,Stack 22 - Steel Plant 2,21.42,81.726,2026-03-13T09:00,NO2,0.7,ug/m3,open-meteo-cams
9e1868d1-63f5-4f22-87d8-2866c752b6f3,Stack 22 - Steel Plant 2,21.42,81.726,2026-03-13T09:00,SO2,6.3,ug/m3,open-meteo-cams
9e1868d1-63f5-4f22-87d8-2866c752b6f3,Stack 22 - Steel Plant 2,21.42,81.726,2026-03-13T10:00,PM2.5,11.3,ug/m3,open-meteo-cams
9e1868d1-63f5-4f22-87d8-2866c752b6f3,Stack 22 - Steel Plant 2,21.42,81.726,2026-03-13T10:00,NO2,1.4,ug/m3,open-meteo-cams
9e1868d1-63f5-4f22-87d8-2866c752b6f3,Stack 22 - Steel Plant 2,21.42,81.726,2026-03-13T10:00,SO2,5.3,ug/m3,open-meteo-cams
9e1868d1-63f5-4f22-87d8-2866c752b6f3,Stack 22 - Steel Plant 2,21.42,81.726,2026-03-13T11:00,PM2.5,11.1,ug/m3,open-meteo-cams
9e1868d1-63f5-4f22-87d8-2866c752b6f3,Stack 22 - Steel Plant 2,21.42,81.726,2026-03-13T11:00,NO2,2.6,ug/m3,open-meteo-cams
9e1868d1-63f5-4f22-87d8-2866c752b6f3,Stack 22 - Steel Plant 2,21.42,81.726,2026-03-13T11:00,SO2,4.9,ug/m3,open-meteo-cams
9e1868d1-63f5-4f22-87d8-2866c752b6f3,Stack 22 - Steel Plant 2,21.42,81.726,2026-03-13T12:00,PM2.5,16.6,ug/m3,open-meteo-cams
9e1868d1-63f5-4f22-87d8-2866c752b6f3,Stack 22 - Steel Plant 2,21.42,81.726,2026-03-13T12:00,NO2,5.1,ug/m3,open-meteo-cams
9e1868d1-63f5-4f22-87d8-2866c752b6f3,Stack 22 - Steel Plant 2,21.42,81.726,2026-03-13T12:00,SO2,5.4,ug/m3,open-meteo-cams
9e1868d1-63f5-4f22-87d8-2866c752b6f3,Stack 22 - Steel Plant 2,21.42,81.726,2026-03-13T13:00,PM2.5,25.4,ug/m3,open-meteo-cams
9e1868d1-63f5-4f22-87d8-2866c752b6f3,Stack 22 - Steel Plant 2,21.42,81.726,2026-03-13T13:00,NO2,9.8,ug/m3,open-meteo-cams
9e1868d1-63f5-4f22-87d8-2866c752b6f3,Stack 22 - Steel Plant 2,21.42,81.726,2026-03-13T13:00,SO2,7.2,ug/m3,open-meteo-cams
9e1868d1-63f5-4f22-87d8-2866c752b6f3,Stack 22 - Steel Plant 2,21.42,81.726,2026-03-13T14:00,PM2.5,31.0,ug/m3,open-meteo-cams
9e1868d1-63f5-4f22-87d8-2866c752b6f3,Stack 22 - Steel Plant 2,21.42,81.726,2026-03-13T14:00,NO2,15.7,ug/m3,open-meteo-cams
9e1868d1-63f5-4f22-87d8-2866c752b6f3,Stack 22 - Steel Plant 2,21.42,81.726,2026-03-13T14:00,SO2,9.7,ug/m3,open-meteo-cams
9e1868d1-63f5-4f22-87d8-2866c752b6f3,Stack 22 - Steel Plant 2,21.42,81.726,2026-03-13T15:00,PM2.5,32.5,ug/m3,open-meteo-cams
9e1868d1-63f5-4f22-87d8-2866c752b6f3,Stack 22 - Steel Plant 2,21.42,81.726,2026-03-13T15:00,NO2,20.5,ug/m3,open-meteo-cams
9e1868d1-63f5-4f22-87d8-2866c752b6f3,Stack 22 - Steel Plant 2,21.42,81.726,2026-03-13T15:00,SO2,11.7,ug/m3,open-meteo-cams
9e1868d1-63f5-4f22-87d8-2866c752b6f3,Stack 22 - Steel Plant 2,21.42,81.726,2026-03-13T16:00,PM2.5,34.9,ug/m3,open-meteo-cams
9e1868d1-63f5-4f22-87d8-2866c752b6f3,Stack 22 - Steel Plant 2,21.42,81.726,2026-03-13T16:00,NO2,23.1,ug/m3,open-meteo-cams
9e1868d1-63f5-4f22-87d8-2866c752b6f3,Stack 22 - Steel Plant 2,21.42,81.726,2026-03-13T16:00,SO2,12.5,ug/m3,open-meteo-cams
9e1868d1-63f5-4f22-87d8-2866c752b6f3,Stack 22 - Steel Plant 2,21.42,81.726,2026-03-13T17:00,PM2.5,39.5,ug/m3,open-meteo-cams
9e1868d1-63f5-4f22-87d8-2866c752b6f3,Stack 22 - Steel Plant 2,21.42,81.726,2026-03-13T17:00,NO2,24.5,ug/m3,open-meteo-cams
9e1868d1-63f5-4f22-87d8-2866c752b6f3,Stack 22 - Steel Plant 2,21.42,81.726,2026-03-13T17:00,SO2,12.7,ug/m3,open-meteo-cams
9e1868d1-63f5-4f22-87d8-2866c752b6f3,Stack 22 - Steel Plant 2,21.42,81.726,2026-03-13T18:00,PM2.5,46.4,ug/m3,open-meteo-cams
9e1868d1-63f5-4f22-87d8-2866c752b6f3,Stack 22 - Steel Plant 2,21.42,81.726,2026-03-13T18:00,NO2,25.5,ug/m3,open-meteo-cams
9e1868d1-63f5-4f22-87d8-2866c752b6f3,Stack 22 - Steel Plant 2,21.42,81.726,2026-03-13T18:00,SO2,12.5,ug/m3,open-meteo-cams
9e1868d1-63f5-4f22-87d8-2866c752b6f3,Stack 22 - Steel Plant 2,21.42,81.726,2026-03-13T19:00,PM2.5,55.8,ug/m3,open-meteo-cams
9e1868d1-63f5-4f22-87d8-2866c752b6f3,Stack 22 - Steel Plant 2,21.42,81.726,2026-03-13T19:00,NO2,25.9,ug/m3,open-meteo-cams
9e1868d1-63f5-4f22-87d8-2866c752b6f3,Stack 22 - Steel Plant 2,21.42,81.726,2026-03-13T19:00,SO2,11.6,ug/m3,open-meteo-cams
9e1868d1-63f5-4f22-87d8-2866c752b6f3,Stack 22 - Steel Plant 2,21.42,81.726,2026-03-13T20:00,PM2.5,60.1,ug/m3,open-meteo-cams
9e1868d1-63f5-4f22-87d8-2866c752b6f3,Stack 22 - Steel Plant 2,21.42,81.726,2026-03-13T20:00,NO2,25.9,ug/m3,open-meteo-cams
9e1868d1-63f5-4f22-87d8-2866c752b6f3,Stack 22 - Steel Plant 2,21.42,81.726,2026-03-13T20:00,SO2,10.4,ug/m3,open-meteo-cams
9e1868d1-63f5-4f22-87d8-2866c752b6f3,Stack 22 - Steel Plant 2,21.42,81.726,2026-03-13T21:00,PM2.5,63.6,ug/m3,open-meteo-cams
9e1868d1-63f5-4f22-87d8-2866c752b6f3,Stack 22 - Steel Plant 2,21.42,81.726,2026-03-13T21:00,NO2,26.4,ug/m3,open-meteo-cams
9e1868d1-63f5-4f22-87d8-2866c752b6f3,Stack 22 - Steel Plant 2,21.42,81.726,2026-03-13T21:00,SO2,9.5,ug/m3,open-meteo-cams
9e1868d1-63f5-4f22-87d8-2866c752b6f3,Stack 22 - Steel Plant 2,21.42,81.726,2026-03-13T22:00,PM2.5,67.8,ug/m3,open-meteo-cams
9e1868d1-63f5-4f22-87d8-2866c752b6f3,Stack 22 - Steel Plant 2,21.42,81.726,2026-03-13T22:00,NO2,28.0,ug/m3,open-meteo-cams
9e1868d1-63f5-4f22-87d8-2866c752b6f3,Stack 22 - Steel Plant 2,21.42,81.726,2026-03-13T22:00,SO2,9.4,ug/m3,open-meteo-cams
9e1868d1-63f5-4f22-87d8-2866c752b6f3,Stack 22 - Steel Plant 2,21.42,81.726,2026-03-13T23:00,PM2.5,71.9,ug/m3,open-meteo-cams
9e1868d1-63f5-4f22-87d8-2866c752b6f3,Stack 22 - Steel Plant 2,21.42,81.726,2026-03-13T23:00,NO2,30.2,ug/m3,open-meteo-cams
9e1868d1-63f5-4f22-87d8-2866c752b6f3,Stack 22 - Steel Plant 2,21.42,81.726,2026-03-13T23:00,SO2,9.8,ug/m3,open-meteo-cams
9e1868d1-63f5-4f22-87d8-2866c752b6f3,Stack 22 - Steel Plant 2,21.42,81.726,2026-03-14T00:00,PM2.5,78.2,ug/m3,open-meteo-cams
9e1868d1-63f5-4f22-87d8-2866c752b6f3,Stack 22 - Steel Plant 2,21.42,81.726,2026-03-14T00:00,NO2,31.7,ug/m3,open-meteo-cams
9e1868d1-63f5-4f22-87d8-2866c752b6f3,Stack 22 - Steel Plant 2,21.42,81.726,2026-03-14T00:00,SO2,10.3,ug/m3,open-meteo-cams
9e1868d1-63f5-4f22-87d8-2866c752b6f3,Stack 22 - Steel Plant 2,21.42,81.726,2026-03-14T01:00,PM2.5,82.9,ug/m3,open-meteo-cams
9e1868d1-63f5-4f22-87d8-2866c752b6f3,Stack 22 - Steel Plant 2,21.42,81.726,2026-03-14T01:00,NO2,32.9,ug/m3,open-meteo-cams
9e1868d1-63f5-4f22-87d8-2866c752b6f3,Stack 22 - Steel Plant 2,21.42,81.726,2026-03-14T01:00,SO2,11.2,ug/m3,open-meteo-cams
9e1868d1-63f5-4f22-87d8-2866c752b6f3,Stack 22 - Steel Plant 2,21.42,81.726,2026-03-14T02:00,PM2.5,76.1,ug/m3,open-meteo-cams
9e1868d1-63f5-4f22-87d8-2866c752b6f3,Stack 22 - Steel Plant 2,21.42,81.726,2026-03-14T02:00,NO2,33.5,ug/m3,open-meteo-cams
9e1868d1-63f5-4f22-87d8-2866c752b6f3,Stack 22 - Steel Plant 2,21.42,81.726,2026-03-14T02:00,SO2,12.3,ug/m3,open-meteo-cams
9e1868d1-63f5-4f22-87d8-2866c752b6f3,Stack 22 - Steel Plant 2,21.42,81.726,2026-03-14T03:00,PM2.5,61.5,ug/m3,open-meteo-cams
9e1868d1-63f5-4f22-87d8-2866c752b6f3,Stack 22 - Steel Plant 2,21.42,81.726,2026-03-14T03:00,NO2,31.5,ug/m3,open-meteo-cams
9e1868d1-63f5-4f22-87d8-2866c752b6f3,Stack 22 - Steel Plant 2,21.42,81.726,2026-03-14T03:00,SO2,12.9,ug/m3,open-meteo-cams
9e1868d1-63f5-4f22-87d8-2866c752b6f3,Stack 22 - Steel Plant 2,21.42,81.726,2026-03-14T04:00,PM2.5,51.2,ug/m3,open-meteo-cams
9e1868d1-63f5-4f22-87d8-2866c752b6f3,Stack 22 - Steel Plant 2,21.42,81.726,2026-03-14T04:00,NO2,24.8,ug/m3,open-meteo-cams
9e1868d1-63f5-4f22-87d8-2866c752b6f3,Stack 22 - Steel Plant 2,21.42,81.726,2026-03-14T04:00,SO2,12.8,ug/m3,open-meteo-cams
9e1868d1-63f5-4f22-87d8-2866c752b6f3,Stack 22 - Steel Plant 2,21.42,81.726,2026-03-14T05:00,PM2.5,44.9,ug/m3,open-meteo-cams
9e1868d1-63f5-4f22-87d8-2866c752b6f3,Stack 22 - Steel Plant 2,21.42,81.726,2026-03-14T05:00,NO2,15.5,ug/m3,open-meteo-cams
9e1868d1-63f5-4f22-87d8-2866c752b6f3,Stack 22 - Steel Plant 2,21.42,81.726,2026-03-14T05:00,SO2,12.3,ug/m3,open-meteo-cams
9e1868d1-63f5-4f22-87d8-2866c752b6f3,Stack 22 - Steel Plant 2,21.42,81.726,2026-03-14T06:00,PM2.5,36.8,ug/m3,open-meteo-cams
9e1868d1-63f5-4f22-87d8-2866c752b6f3,Stack 22 - Steel Plant 2,21.42,81.726,2026-03-14T06:00,NO2,8.2,ug/m3,open-meteo-cams
9e1868d1-63f5-4f22-87d8-2866c752b6f3,Stack 22 - Steel Plant 2,21.42,81.726,2026-03-14T06:00,SO2,11.3,ug/m3,open-meteo-cams
9e1868d1-63f5-4f22-87d8-2866c752b6f3,Stack 22 - Steel Plant 2,21.42,81.726,2026-03-14T07:00,PM2.5,31.4,ug/m3,open-meteo-cams
9e1868d1-63f5-4f22-87d8-2866c752b6f3,Stack 22 - Steel Plant 2,21.42,81.726,2026-03-14T07:00,NO2,4.5,ug/m3,open-meteo-cams
9e1868d1-63f5-4f22-87d8-2866c752b6f3,Stack 22 - Steel Plant 2,21.42,81.726,2026-03-14T07:00,SO2,9.6,ug/m3,open-meteo-cams
9e1868d1-63f5-4f22-87d8-2866c752b6f3,Stack 22 - Steel Plant 2,21.42,81.726,2026-03-14T08:00,PM2.5,23.3,ug/m3,open-meteo-cams
9e1868d1-63f5-4f22-87d8-2866c752b6f3,Stack 22 - Steel Plant 2,21.42,81.726,2026-03-14T08:00,NO2,2.6,ug/m3,open-meteo-cams
9e1868d1-63f5-4f22-87d8-2866c752b6f3,Stack 22 - Steel Plant 2,21.42,81.726,2026-03-14T08:00,SO2,7.4,ug/m3,open-meteo-cams
9e1868d1-63f5-4f22-87d8-2866c752b6f3,Stack 22 - Steel Plant 2,21.42,81.726,2026-03-14T09:00,PM2.5,19.0,ug/m3,open-meteo-cams
9e1868d1-63f5-4f22-87d8-2866c752b6f3,Stack 22 - Steel Plant 2,21.42,81.726,2026-03-14T09:00,NO2,2.1,ug/m3,open-meteo-cams
9e1868d1-63f5-4f22-87d8-2866c752b6f3,Stack 22 - Steel Plant 2,21.42,81.726,2026-03-14T09:00,SO2,5.9,ug/m3,open-meteo-cams
9e1868d1-63f5-4f22-87d8-2866c752b6f3,Stack 22 - Steel Plant 2,21.42,81.726,2026-03-14T10:00,PM2.5,18.1,ug/m3,open-meteo-cams
9e1868d1-63f5-4f22-87d8-2866c752b6f3,Stack 22 - Steel Plant 2,21.42,81.726,2026-03-14T10:00,NO2,2.7,ug/m3,open-meteo-cams
9e1868d1-63f5-4f22-87d8-2866c752b6f3,Stack 22 - Steel Plant 2,21.42,81.726,2026-03-14T10:00,SO2,5.4,ug/m3,open-meteo-cams
9e1868d1-63f5-4f22-87d8-2866c752b6f3,Stack 22 - Steel Plant 2,21.42,81.726,2026-03-14T11:00,PM2.5,18.2,ug/m3,open-meteo-cams
9e1868d1-63f5-4f22-87d8-2866c752b6f3,Stack 22 - Steel Plant 2,21.42,81.726,2026-03-14T11:00,NO2,4.6,ug/m3,open-meteo-cams
9e1868d1-63f5-4f22-87d8-2866c752b6f3,Stack 22 - Steel Plant 2,21.42,81.726,2026-03-14T11:00,SO2,5.6,ug/m3,open-meteo-cams
9e1868d1-63f5-4f22-87d8-2866c752b6f3,Stack 22 - Steel Plant 2,21.42,81.726,2026-03-14T12:00,PM2.5,24.2,ug/m3,open-meteo-cams
9e1868d1-63f5-4f22-87d8-2866c752b6f3,Stack 22 - Steel Plant 2,21.42,81.726,2026-03-14T12:00,NO2,7.7,ug/m3,open-meteo-cams
9e1868d1-63f5-4f22-87d8-2866c752b6f3,Stack 22 - Steel Plant 2,21.42,81.726,2026-03-14T12:00,SO2,6.4,ug/m3,open-meteo-cams
9e1868d1-63f5-4f22-87d8-2866c752b6f3,Stack 22 - Steel Plant 2,21.42,81.726,2026-03-14T13:00,PM2.5,33.5,ug/m3,open-meteo-cams
9e1868d1-63f5-4f22-87d8-2866c752b6f3,Stack 22 - Steel Plant 2,21.42,81.726,2026-03-14T13:00,NO2,12.5,ug/m3,open-meteo-cams
9e1868d1-63f5-4f22-87d8-2866c752b6f3,Stack 22 - Steel Plant 2,21.42,81.726,2026-03-14T13:00,SO2,8.1,ug/m3,open-meteo-cams
9e1868d1-63f5-4f22-87d8-2866c752b6f3,Stack 22 - Steel Plant 2,21.42,81.726,2026-03-14T14:00,PM2.5,37.5,ug/m3,open-meteo-cams
9e1868d1-63f5-4f22-87d8-2866c752b6f3,Stack 22 - Steel Plant 2,21.42,81.726,2026-03-14T14:00,NO2,18.4,ug/m3,open-meteo-cams
9e1868d1-63f5-4f22-87d8-2866c752b6f3,Stack 22 - Steel Plant 2,21.42,81.726,2026-03-14T14:00,SO2,10.4,ug/m3,open-meteo-cams
9e1868d1-63f5-4f22-87d8-2866c752b6f3,Stack 22 - Steel Plant 2,21.42,81.726,2026-03-14T15:00,PM2.5,38.9,ug/m3,open-meteo-cams
9e1868d1-63f5-4f22-87d8-2866c752b6f3,Stack 22 - Steel Plant 2,21.42,81.726,2026-03-14T15:00,NO2,23.5,ug/m3,open-meteo-cams
9e1868d1-63f5-4f22-87d8-2866c752b6f3,Stack 22 - Steel Plant 2,21.42,81.726,2026-03-14T15:00,SO2,12.1,ug/m3,open-meteo-cams
9e1868d1-63f5-4f22-87d8-2866c752b6f3,Stack 22 - Steel Plant 2,21.42,81.726,2026-03-14T16:00,PM2.5,41.4,ug/m3,open-meteo-cams
9e1868d1-63f5-4f22-87d8-2866c752b6f3,Stack 22 - Steel Plant 2,21.42,81.726,2026-03-14T16:00,NO2,26.9,ug/m3,open-meteo-cams
9e1868d1-63f5-4f22-87d8-2866c752b6f3,Stack 22 - Steel Plant 2,21.42,81.726,2026-03-14T16:00,SO2,12.6,ug/m3,open-meteo-cams
9e1868d1-63f5-4f22-87d8-2866c752b6f3,Stack 22 - Steel Plant 2,21.42,81.726,2026-03-14T17:00,PM2.5,44.8,ug/m3,open-meteo-cams
9e1868d1-63f5-4f22-87d8-2866c752b6f3,Stack 22 - Steel Plant 2,21.42,81.726,2026-03-14T17:00,NO2,29.4,ug/m3,open-meteo-cams
9e1868d1-63f5-4f22-87d8-2866c752b6f3,Stack 22 - Steel Plant 2,21.42,81.726,2026-03-14T17:00,SO2,12.5,ug/m3,open-meteo-cams
9e1868d1-63f5-4f22-87d8-2866c752b6f3,Stack 22 - Steel Plant 2,21.42,81.726,2026-03-14T18:00,PM2.5,48.0,ug/m3,open-meteo-cams
9e1868d1-63f5-4f22-87d8-2866c752b6f3,Stack 22 - Steel Plant 2,21.42,81.726,2026-03-14T18:00,NO2,31.3,ug/m3,open-meteo-cams
9e1868d1-63f5-4f22-87d8-2866c752b6f3,Stack 22 - Steel Plant 2,21.42,81.726,2026-03-14T18:00,SO2,12.2,ug/m3,open-meteo-cams
9e1868d1-63f5-4f22-87d8-2866c752b6f3,Stack 22 - Steel Plant 2,21.42,81.726,2026-03-14T19:00,PM2.5,50.4,ug/m3,open-meteo-cams
9e1868d1-63f5-4f22-87d8-2866c752b6f3,Stack 22 - Steel Plant 2,21.42,81.726,2026-03-14T19:00,NO2,32.9,ug/m3,open-meteo-cams
9e1868d1-63f5-4f22-87d8-2866c752b6f3,Stack 22 - Steel Plant 2,21.42,81.726,2026-03-14T19:00,SO2,11.9,ug/m3,open-meteo-cams
9e1868d1-63f5-4f22-87d8-2866c752b6f3,Stack 22 - Steel Plant 2,21.42,81.726,2026-03-14T20:00,PM2.5,53.2,ug/m3,open-meteo-cams
9e1868d1-63f5-4f22-87d8-2866c752b6f3,Stack 22 - Steel Plant 2,21.42,81.726,2026-03-14T20:00,NO2,34.0,ug/m3,open-meteo-cams
9e1868d1-63f5-4f22-87d8-2866c752b6f3,Stack 22 - Steel Plant 2,21.42,81.726,2026-03-14T20:00,SO2,11.5,ug/m3,open-meteo-cams
9e1868d1-63f5-4f22-87d8-2866c752b6f3,Stack 22 - Steel Plant 2,21.42,81.726,2026-03-14T21:00,PM2.5,56.5,ug/m3,open-meteo-cams
9e1868d1-63f5-4f22-87d8-2866c752b6f3,Stack 22 - Steel Plant 2,21.42,81.726,2026-03-14T21:00,NO2,34.0,ug/m3,open-meteo-cams
9e1868d1-63f5-4f22-87d8-2866c752b6f3,Stack 22 - Steel Plant 2,21.42,81.726,2026-03-14T21:00,SO2,11.1,ug/m3,open-meteo-cams
9e1868d1-63f5-4f22-87d8-2866c752b6f3,Stack 22 - Steel Plant 2,21.42,81.726,2026-03-14T22:00,PM2.5,60.1,ug/m3,open-meteo-cams
9e1868d1-63f5-4f22-87d8-2866c752b6f3,Stack 22 - Steel Plant 2,21.42,81.726,2026-03-14T22:00,NO2,32.5,ug/m3,open-meteo-cams
9e1868d1-63f5-4f22-87d8-2866c752b6f3,Stack 22 - Steel Plant 2,21.42,81.726,2026-03-14T22:00,SO2,10.5,ug/m3,open-meteo-cams
9e1868d1-63f5-4f22-87d8-2866c752b6f3,Stack 22 - Steel Plant 2,21.42,81.726,2026-03-14T23:00,PM2.5,60.8,ug/m3,open-meteo-cams
9e1868d1-63f5-4f22-87d8-2866c752b6f3,Stack 22 - Steel Plant 2,21.42,81.726,2026-03-14T23:00,NO2,30.0,ug/m3,open-meteo-cams
9e1868d1-63f5-4f22-87d8-2866c752b6f3,Stack 22 - Steel Plant 2,21.42,81.726,2026-03-14T23:00,SO2,9.9,ug/m3,open-meteo-cams
414999ef-4c28-4249-8b0a-ac3788a9c1d8,Stack 23 - Steel Plant 3,21.43,81.734,2026-03-13T00:00,PM2.5,65.9,ug/m3,open-meteo-cams
414999ef-4c28-4249-8b0a-ac3788a9c1d8,Stack 23 - Steel Plant 3,21.43,81.734,2026-03-13T00:00,NO2,23.5,ug/m3,open-meteo-cams
414999ef-4c28-4249-8b0a-ac3788a9c1d8,Stack 23 - Steel Plant 3,21.43,81.734,2026-03-13T00:00,SO2,7.6,ug/m3,open-meteo-cams
414999ef-4c28-4249-8b0a-ac3788a9c1d8,Stack 23 - Steel Plant 3,21.43,81.734,2026-03-13T01:00,PM2.5,68.9,ug/m3,open-meteo-cams
414999ef-4c28-4249-8b0a-ac3788a9c1d8,Stack 23 - Steel Plant 3,21.43,81.734,2026-03-13T01:00,NO2,19.7,ug/m3,open-meteo-cams
414999ef-4c28-4249-8b0a-ac3788a9c1d8,Stack 23 - Steel Plant 3,21.43,81.734,2026-03-13T01:00,SO2,7.9,ug/m3,open-meteo-cams
414999ef-4c28-4249-8b0a-ac3788a9c1d8,Stack 23 - Steel Plant 3,21.43,81.734,2026-03-13T02:00,PM2.5,73.6,ug/m3,open-meteo-cams
414999ef-4c28-4249-8b0a-ac3788a9c1d8,Stack 23 - Steel Plant 3,21.43,81.734,2026-03-13T02:00,NO2,14.3,ug/m3,open-meteo-cams
414999ef-4c28-4249-8b0a-ac3788a9c1d8,Stack 23 - Steel Plant 3,21.43,81.734,2026-03-13T02:00,SO2,8.5,ug/m3,open-meteo-cams
414999ef-4c28-4249-8b0a-ac3788a9c1d8,Stack 23 - Steel Plant 3,21.43,81.734,2026-03-13T03:00,PM2.5,55.9,ug/m3,open-meteo-cams
414999ef-4c28-4249-8b0a-ac3788a9c1d8,Stack 23 - Steel Plant 3,21.43,81.734,2026-03-13T03:00,NO2,9.6,ug/m3,open-meteo-cams
414999ef-4c28-4249-8b0a-ac3788a9c1d8,Stack 23 - Steel Plant 3,21.43,81.734,2026-03-13T03:00,SO2,9.3,ug/m3,open-meteo-cams
414999ef-4c28-4249-8b0a-ac3788a9c1d8,Stack 23 - Steel Plant 3,21.43,81.734,2026-03-13T04:00,PM2.5,38.1,ug/m3,open-meteo-cams
414999ef-4c28-4249-8b0a-ac3788a9c1d8,Stack 23 - Steel Plant 3,21.43,81.734,2026-03-13T04:00,NO2,6.3,ug/m3,open-meteo-cams
414999ef-4c28-4249-8b0a-ac3788a9c1d8,Stack 23 - Steel Plant 3,21.43,81.734,2026-03-13T04:00,SO2,11.0,ug/m3,open-meteo-cams
414999ef-4c28-4249-8b0a-ac3788a9c1d8,Stack 23 - Steel Plant 3,21.43,81.734,2026-03-13T05:00,PM2.5,24.7,ug/m3,open-meteo-cams
414999ef-4c28-4249-8b0a-ac3788a9c1d8,Stack 23 - Steel Plant 3,21.43,81.734,2026-03-13T05:00,NO2,3.7,ug/m3,open-meteo-cams
414999ef-4c28-4249-8b0a-ac3788a9c1d8,Stack 23 - Steel Plant 3,21.43,81.734,2026-03-13T05:00,SO2,12.9,ug/m3,open-meteo-cams
414999ef-4c28-4249-8b0a-ac3788a9c1d8,Stack 23 - Steel Plant 3,21.43,81.734,2026-03-13T06:00,PM2.5,17.9,ug/m3,open-meteo-cams
414999ef-4c28-4249-8b0a-ac3788a9c1d8,Stack 23 - Steel Plant 3,21.43,81.734,2026-03-13T06:00,NO2,1.8,ug/m3,open-meteo-cams
414999ef-4c28-4249-8b0a-ac3788a9c1d8,Stack 23 - Steel Plant 3,21.43,81.734,2026-03-13T06:00,SO2,13.6,ug/m3,open-meteo-cams
414999ef-4c28-4249-8b0a-ac3788a9c1d8,Stack 23 - Steel Plant 3,21.43,81.734,2026-03-13T07:00,PM2.5,14.9,ug/m3,open-meteo-cams
414999ef-4c28-4249-8b0a-ac3788a9c1d8,Stack 23 - Steel Plant 3,21.43,81.734,2026-03-13T07:00,NO2,0.7,ug/m3,open-meteo-cams
414999ef-4c28-4249-8b0a-ac3788a9c1d8,Stack 23 - Steel Plant 3,21.43,81.734,2026-03-13T07:00,SO2,11.8,ug/m3,open-meteo-cams
414999ef-4c28-4249-8b0a-ac3788a9c1d8,Stack 23 - Steel Plant 3,21.43,81.734,2026-03-13T08:00,PM2.5,13.4,ug/m3,open-meteo-cams
414999ef-4c28-4249-8b0a-ac3788a9c1d8,Stack 23 - Steel Plant 3,21.43,81.734,2026-03-13T08:00,NO2,0.4,ug/m3,open-meteo-cams
414999ef-4c28-4249-8b0a-ac3788a9c1d8,Stack 23 - Steel Plant 3,21.43,81.734,2026-03-13T08:00,SO2,8.7,ug/m3,open-meteo-cams
414999ef-4c28-4249-8b0a-ac3788a9c1d8,Stack 23 - Steel Plant 3,21.43,81.734,2026-03-13T09:00,PM2.5,12.2,ug/m3,open-meteo-cams
414999ef-4c28-4249-8b0a-ac3788a9c1d8,Stack 23 - Steel Plant 3,21.43,81.734,2026-03-13T09:00,NO2,0.7,ug/m3,open-meteo-cams
414999ef-4c28-4249-8b0a-ac3788a9c1d8,Stack 23 - Steel Plant 3,21.43,81.734,2026-03-13T09:00,SO2,6.3,ug/m3,open-meteo-cams
414999ef-4c28-4249-8b0a-ac3788a9c1d8,Stack 23 - Steel Plant 3,21.43,81.734,2026-03-13T10:00,PM2.5,11.3,ug/m3,open-meteo-cams
414999ef-4c28-4249-8b0a-ac3788a9c1d8,Stack 23 - Steel Plant 3,21.43,81.734,2026-03-13T10:00,NO2,1.4,ug/m3,open-meteo-cams
414999ef-4c28-4249-8b0a-ac3788a9c1d8,Stack 23 - Steel Plant 3,21.43,81.734,2026-03-13T10:00,SO2,5.3,ug/m3,open-meteo-cams
414999ef-4c28-4249-8b0a-ac3788a9c1d8,Stack 23 - Steel Plant 3,21.43,81.734,2026-03-13T11:00,PM2.5,11.1,ug/m3,open-meteo-cams
414999ef-4c28-4249-8b0a-ac3788a9c1d8,Stack 23 - Steel Plant 3,21.43,81.734,2026-03-13T11:00,NO2,2.6,ug/m3,open-meteo-cams
414999ef-4c28-4249-8b0a-ac3788a9c1d8,Stack 23 - Steel Plant 3,21.43,81.734,2026-03-13T11:00,SO2,4.9,ug/m3,open-meteo-cams
414999ef-4c28-4249-8b0a-ac3788a9c1d8,Stack 23 - Steel Plant 3,21.43,81.734,2026-03-13T12:00,PM2.5,16.6,ug/m3,open-meteo-cams
414999ef-4c28-4249-8b0a-ac3788a9c1d8,Stack 23 - Steel Plant 3,21.43,81.734,2026-03-13T12:00,NO2,5.1,ug/m3,open-meteo-cams
414999ef-4c28-4249-8b0a-ac3788a9c1d8,Stack 23 - Steel Plant 3,21.43,81.734,2026-03-13T12:00,SO2,5.4,ug/m3,open-meteo-cams
414999ef-4c28-4249-8b0a-ac3788a9c1d8,Stack 23 - Steel Plant 3,21.43,81.734,2026-03-13T13:00,PM2.5,25.4,ug/m3,open-meteo-cams
414999ef-4c28-4249-8b0a-ac3788a9c1d8,Stack 23 - Steel Plant 3,21.43,81.734,2026-03-13T13:00,NO2,9.8,ug/m3,open-meteo-cams
414999ef-4c28-4249-8b0a-ac3788a9c1d8,Stack 23 - Steel Plant 3,21.43,81.734,2026-03-13T13:00,SO2,7.2,ug/m3,open-meteo-cams
414999ef-4c28-4249-8b0a-ac3788a9c1d8,Stack 23 - Steel Plant 3,21.43,81.734,2026-03-13T14:00,PM2.5,31.0,ug/m3,open-meteo-cams
414999ef-4c28-4249-8b0a-ac3788a9c1d8,Stack 23 - Steel Plant 3,21.43,81.734,2026-03-13T14:00,NO2,15.7,ug/m3,open-meteo-cams
414999ef-4c28-4249-8b0a-ac3788a9c1d8,Stack 23 - Steel Plant 3,21.43,81.734,2026-03-13T14:00,SO2,9.7,ug/m3,open-meteo-cams
414999ef-4c28-4249-8b0a-ac3788a9c1d8,Stack 23 - Steel Plant 3,21.43,81.734,2026-03-13T15:00,PM2.5,32.5,ug/m3,open-meteo-cams
414999ef-4c28-4249-8b0a-ac3788a9c1d8,Stack 23 - Steel Plant 3,21.43,81.734,2026-03-13T15:00,NO2,20.5,ug/m3,open-meteo-cams
414999ef-4c28-4249-8b0a-ac3788a9c1d8,Stack 23 - Steel Plant 3,21.43,81.734,2026-03-13T15:00,SO2,11.7,ug/m3,open-meteo-cams
414999ef-4c28-4249-8b0a-ac3788a9c1d8,Stack 23 - Steel Plant 3,21.43,81.734,2026-03-13T16:00,PM2.5,34.9,ug/m3,open-meteo-cams
414999ef-4c28-4249-8b0a-ac3788a9c1d8,Stack 23 - Steel Plant 3,21.43,81.734,2026-03-13T16:00,NO2,23.1,ug/m3,open-meteo-cams
414999ef-4c28-4249-8b0a-ac3788a9c1d8,Stack 23 - Steel Plant 3,21.43,81.734,2026-03-13T16:00,SO2,12.5,ug/m3,open-meteo-cams
414999ef-4c28-4249-8b0a-ac3788a9c1d8,Stack 23 - Steel Plant 3,21.43,81.734,2026-03-13T17:00,PM2.5,39.5,ug/m3,open-meteo-cams
414999ef-4c28-4249-8b0a-ac3788a9c1d8,Stack 23 - Steel Plant 3,21.43,81.734,2026-03-13T17:00,NO2,24.5,ug/m3,open-meteo-cams
414999ef-4c28-4249-8b0a-ac3788a9c1d8,Stack 23 - Steel Plant 3,21.43,81.734,2026-03-13T17:00,SO2,12.7,ug/m3,open-meteo-cams
414999ef-4c28-4249-8b0a-ac3788a9c1d8,Stack 23 - Steel Plant 3,21.43,81.734,2026-03-13T18:00,PM2.5,46.4,ug/m3,open-meteo-cams
414999ef-4c28-4249-8b0a-ac3788a9c1d8,Stack 23 - Steel Plant 3,21.43,81.734,2026-03-13T18:00,NO2,25.5,ug/m3,open-meteo-cams
414999ef-4c28-4249-8b0a-ac3788a9c1d8,Stack 23 - Steel Plant 3,21.43,81.734,2026-03-13T18:00,SO2,12.5,ug/m3,open-meteo-cams
414999ef-4c28-4249-8b0a-ac3788a9c1d8,Stack 23 - Steel Plant 3,21.43,81.734,2026-03-13T19:00,PM2.5,55.8,ug/m3,open-meteo-cams
414999ef-4c28-4249-8b0a-ac3788a9c1d8,Stack 23 - Steel Plant 3,21.43,81.734,2026-03-13T19:00,NO2,25.9,ug/m3,open-meteo-cams
414999ef-4c28-4249-8b0a-ac3788a9c1d8,Stack 23 - Steel Plant 3,21.43,81.734,2026-03-13T19:00,SO2,11.6,ug/m3,open-meteo-cams
414999ef-4c28-4249-8b0a-ac3788a9c1d8,Stack 23 - Steel Plant 3,21.43,81.734,2026-03-13T20:00,PM2.5,60.1,ug/m3,open-meteo-cams
414999ef-4c28-4249-8b0a-ac3788a9c1d8,Stack 23 - Steel Plant 3,21.43,81.734,2026-03-13T20:00,NO2,25.9,ug/m3,open-meteo-cams
414999ef-4c28-4249-8b0a-ac3788a9c1d8,Stack 23 - Steel Plant 3,21.43,81.734,2026-03-13T20:00,SO2,10.4,ug/m3,open-meteo-cams
414999ef-4c28-4249-8b0a-ac3788a9c1d8,Stack 23 - Steel Plant 3,21.43,81.734,2026-03-13T21:00,PM2.5,63.6,ug/m3,open-meteo-cams
414999ef-4c28-4249-8b0a-ac3788a9c1d8,Stack 23 - Steel Plant 3,21.43,81.734,2026-03-13T21:00,NO2,26.4,ug/m3,open-meteo-cams
414999ef-4c28-4249-8b0a-ac3788a9c1d8,Stack 23 - Steel Plant 3,21.43,81.734,2026-03-13T21:00,SO2,9.5,ug/m3,open-meteo-cams
414999ef-4c28-4249-8b0a-ac3788a9c1d8,Stack 23 - Steel Plant 3,21.43,81.734,2026-03-13T22:00,PM2.5,67.8,ug/m3,open-meteo-cams
414999ef-4c28-4249-8b0a-ac3788a9c1d8,Stack 23 - Steel Plant 3,21.43,81.734,2026-03-13T22:00,NO2,28.0,ug/m3,open-meteo-cams
414999ef-4c28-4249-8b0a-ac3788a9c1d8,Stack 23 - Steel Plant 3,21.43,81.734,2026-03-13T22:00,SO2,9.4,ug/m3,open-meteo-cams
414999ef-4c28-4249-8b0a-ac3788a9c1d8,Stack 23 - Steel Plant 3,21.43,81.734,2026-03-13T23:00,PM2.5,71.9,ug/m3,open-meteo-cams
414999ef-4c28-4249-8b0a-ac3788a9c1d8,Stack 23 - Steel Plant 3,21.43,81.734,2026-03-13T23:00,NO2,30.2,ug/m3,open-meteo-cams
414999ef-4c28-4249-8b0a-ac3788a9c1d8,Stack 23 - Steel Plant 3,21.43,81.734,2026-03-13T23:00,SO2,9.8,ug/m3,open-meteo-cams
414999ef-4c28-4249-8b0a-ac3788a9c1d8,Stack 23 - Steel Plant 3,21.43,81.734,2026-03-14T00:00,PM2.5,78.2,ug/m3,open-meteo-cams
414999ef-4c28-4249-8b0a-ac3788a9c1d8,Stack 23 - Steel Plant 3,21.43,81.734,2026-03-14T00:00,NO2,31.7,ug/m3,open-meteo-cams
414999ef-4c28-4249-8b0a-ac3788a9c1d8,Stack 23 - Steel Plant 3,21.43,81.734,2026-03-14T00:00,SO2,10.3,ug/m3,open-meteo-cams
414999ef-4c28-4249-8b0a-ac3788a9c1d8,Stack 23 - Steel Plant 3,21.43,81.734,2026-03-14T01:00,PM2.5,82.9,ug/m3,open-meteo-cams
414999ef-4c28-4249-8b0a-ac3788a9c1d8,Stack 23 - Steel Plant 3,21.43,81.734,2026-03-14T01:00,NO2,32.9,ug/m3,open-meteo-cams
414999ef-4c28-4249-8b0a-ac3788a9c1d8,Stack 23 - Steel Plant 3,21.43,81.734,2026-03-14T01:00,SO2,11.2,ug/m3,open-meteo-cams
414999ef-4c28-4249-8b0a-ac3788a9c1d8,Stack 23 - Steel Plant 3,21.43,81.734,2026-03-14T02:00,PM2.5,76.1,ug/m3,open-meteo-cams
414999ef-4c28-4249-8b0a-ac3788a9c1d8,Stack 23 - Steel Plant 3,21.43,81.734,2026-03-14T02:00,NO2,33.5,ug/m3,open-meteo-cams
414999ef-4c28-4249-8b0a-ac3788a9c1d8,Stack 23 - Steel Plant 3,21.43,81.734,2026-03-14T02:00,SO2,12.3,ug/m3,open-meteo-cams
414999ef-4c28-4249-8b0a-ac3788a9c1d8,Stack 23 - Steel Plant 3,21.43,81.734,2026-03-14T03:00,PM2.5,61.5,ug/m3,open-meteo-cams
414999ef-4c28-4249-8b0a-ac3788a9c1d8,Stack 23 - Steel Plant 3,21.43,81.734,2026-03-14T03:00,NO2,31.5,ug/m3,open-meteo-cams
414999ef-4c28-4249-8b0a-ac3788a9c1d8,Stack 23 - Steel Plant 3,21.43,81.734,2026-03-14T03:00,SO2,12.9,ug/m3,open-meteo-cams
414999ef-4c28-4249-8b0a-ac3788a9c1d8,Stack 23 - Steel Plant 3,21.43,81.734,2026-03-14T04:00,PM2.5,51.2,ug/m3,open-meteo-cams
414999ef-4c28-4249-8b0a-ac3788a9c1d8,Stack 23 - Steel Plant 3,21.43,81.734,2026-03-14T04:00,NO2,24.8,ug/m3,open-meteo-cams
414999ef-4c28-4249-8b0a-ac3788a9c1d8,Stack 23 - Steel Plant 3,21.43,81.734,2026-03-14T04:00,SO2,12.8,ug/m3,open-meteo-cams
414999ef-4c28-4249-8b0a-ac3788a9c1d8,Stack 23 - Steel Plant 3,21.43,81.734,2026-03-14T05:00,PM2.5,44.9,ug/m3,open-meteo-cams
414999ef-4c28-4249-8b0a-ac3788a9c1d8,Stack 23 - Steel Plant 3,21.43,81.734,2026-03-14T05:00,NO2,15.5,ug/m3,open-meteo-cams
414999ef-4c28-4249-8b0a-ac3788a9c1d8,Stack 23 - Steel Plant 3,21.43,81.734,2026-03-14T05:00,SO2,12.3,ug/m3,open-meteo-cams
414999ef-4c28-4249-8b0a-ac3788a9c1d8,Stack 23 - Steel Plant 3,21.43,81.734,2026-03-14T06:00,PM2.5,36.8,ug/m3,open-meteo-cams
414999ef-4c28-4249-8b0a-ac3788a9c1d8,Stack 23 - Steel Plant 3,21.43,81.734,2026-03-14T06:00,NO2,8.2,ug/m3,open-meteo-cams
414999ef-4c28-4249-8b0a-ac3788a9c1d8,Stack 23 - Steel Plant 3,21.43,81.734,2026-03-14T06:00,SO2,11.3,ug/m3,open-meteo-cams
414999ef-4c28-4249-8b0a-ac3788a9c1d8,Stack 23 - Steel Plant 3,21.43,81.734,2026-03-14T07:00,PM2.5,31.4,ug/m3,open-meteo-cams
414999ef-4c28-4249-8b0a-ac3788a9c1d8,Stack 23 - Steel Plant 3,21.43,81.734,2026-03-14T07:00,NO2,4.5,ug/m3,open-meteo-cams
414999ef-4c28-4249-8b0a-ac3788a9c1d8,Stack 23 - Steel Plant 3,21.43,81.734,2026-03-14T07:00,SO2,9.6,ug/m3,open-meteo-cams
414999ef-4c28-4249-8b0a-ac3788a9c1d8,Stack 23 - Steel Plant 3,21.43,81.734,2026-03-14T08:00,PM2.5,23.3,ug/m3,open-meteo-cams
414999ef-4c28-4249-8b0a-ac3788a9c1d8,Stack 23 - Steel Plant 3,21.43,81.734,2026-03-14T08:00,NO2,2.6,ug/m3,open-meteo-cams
414999ef-4c28-4249-8b0a-ac3788a9c1d8,Stack 23 - Steel Plant 3,21.43,81.734,2026-03-14T08:00,SO2,7.4,ug/m3,open-meteo-cams
414999ef-4c28-4249-8b0a-ac3788a9c1d8,Stack 23 - Steel Plant 3,21.43,81.734,2026-03-14T09:00,PM2.5,19.0,ug/m3,open-meteo-cams
414999ef-4c28-4249-8b0a-ac3788a9c1d8,Stack 23 - Steel Plant 3,21.43,81.734,2026-03-14T09:00,NO2,2.1,ug/m3,open-meteo-cams
414999ef-4c28-4249-8b0a-ac3788a9c1d8,Stack 23 - Steel Plant 3,21.43,81.734,2026-03-14T09:00,SO2,5.9,ug/m3,open-meteo-cams
414999ef-4c28-4249-8b0a-ac3788a9c1d8,Stack 23 - Steel Plant 3,21.43,81.734,2026-03-14T10:00,PM2.5,18.1,ug/m3,open-meteo-cams
414999ef-4c28-4249-8b0a-ac3788a9c1d8,Stack 23 - Steel Plant 3,21.43,81.734,2026-03-14T10:00,NO2,2.7,ug/m3,open-meteo-cams
414999ef-4c28-4249-8b0a-ac3788a9c1d8,Stack 23 - Steel Plant 3,21.43,81.734,2026-03-14T10:00,SO2,5.4,ug/m3,open-meteo-cams
414999ef-4c28-4249-8b0a-ac3788a9c1d8,Stack 23 - Steel Plant 3,21.43,81.734,2026-03-14T11:00,PM2.5,18.2,ug/m3,open-meteo-cams
414999ef-4c28-4249-8b0a-ac3788a9c1d8,Stack 23 - Steel Plant 3,21.43,81.734,2026-03-14T11:00,NO2,4.6,ug/m3,open-meteo-cams
414999ef-4c28-4249-8b0a-ac3788a9c1d8,Stack 23 - Steel Plant 3,21.43,81.734,2026-03-14T11:00,SO2,5.6,ug/m3,open-meteo-cams
414999ef-4c28-4249-8b0a-ac3788a9c1d8,Stack 23 - Steel Plant 3,21.43,81.734,2026-03-14T12:00,PM2.5,24.2,ug/m3,open-meteo-cams
414999ef-4c28-4249-8b0a-ac3788a9c1d8,Stack 23 - Steel Plant 3,21.43,81.734,2026-03-14T12:00,NO2,7.7,ug/m3,open-meteo-cams
414999ef-4c28-4249-8b0a-ac3788a9c1d8,Stack 23 - Steel Plant 3,21.43,81.734,2026-03-14T12:00,SO2,6.4,ug/m3,open-meteo-cams
414999ef-4c28-4249-8b0a-ac3788a9c1d8,Stack 23 - Steel Plant 3,21.43,81.734,2026-03-14T13:00,PM2.5,33.5,ug/m3,open-meteo-cams
414999ef-4c28-4249-8b0a-ac3788a9c1d8,Stack 23 - Steel Plant 3,21.43,81.734,2026-03-14T13:00,NO2,12.5,ug/m3,open-meteo-cams
414999ef-4c28-4249-8b0a-ac3788a9c1d8,Stack 23 - Steel Plant 3,21.43,81.734,2026-03-14T13:00,SO2,8.1,ug/m3,open-meteo-cams
414999ef-4c28-4249-8b0a-ac3788a9c1d8,Stack 23 - Steel Plant 3,21.43,81.734,2026-03-14T14:00,PM2.5,37.5,ug/m3,open-meteo-cams
414999ef-4c28-4249-8b0a-ac3788a9c1d8,Stack 23 - Steel Plant 3,21.43,81.734,2026-03-14T14:00,NO2,18.4,ug/m3,open-meteo-cams
414999ef-4c28-4249-8b0a-ac3788a9c1d8,Stack 23 - Steel Plant 3,21.43,81.734,2026-03-14T14:00,SO2,10.4,ug/m3,open-meteo-cams
414999ef-4c28-4249-8b0a-ac3788a9c1d8,Stack 23 - Steel Plant 3,21.43,81.734,2026-03-14T15:00,PM2.5,38.9,ug/m3,open-meteo-cams
414999ef-4c28-4249-8b0a-ac3788a9c1d8,Stack 23 - Steel Plant 3,21.43,81.734,2026-03-14T15:00,NO2,23.5,ug/m3,open-meteo-cams
414999ef-4c28-4249-8b0a-ac3788a9c1d8,Stack 23 - Steel Plant 3,21.43,81.734,2026-03-14T15:00,SO2,12.1,ug/m3,open-meteo-cams
414999ef-4c28-4249-8b0a-ac3788a9c1d8,Stack 23 - Steel Plant 3,21.43,81.734,2026-03-14T16:00,PM2.5,41.4,ug/m3,open-meteo-cams
414999ef-4c28-4249-8b0a-ac3788a9c1d8,Stack 23 - Steel Plant 3,21.43,81.734,2026-03-14T16:00,NO2,26.9,ug/m3,open-meteo-cams
414999ef-4c28-4249-8b0a-ac3788a9c1d8,Stack 23 - Steel Plant 3,21.43,81.734,2026-03-14T16:00,SO2,12.6,ug/m3,open-meteo-cams
414999ef-4c28-4249-8b0a-ac3788a9c1d8,Stack 23 - Steel Plant 3,21.43,81.734,2026-03-14T17:00,PM2.5,44.8,ug/m3,open-meteo-cams
414999ef-4c28-4249-8b0a-ac3788a9c1d8,Stack 23 - Steel Plant 3,21.43,81.734,2026-03-14T17:00,NO2,29.4,ug/m3,open-meteo-cams
414999ef-4c28-4249-8b0a-ac3788a9c1d8,Stack 23 - Steel Plant 3,21.43,81.734,2026-03-14T17:00,SO2,12.5,ug/m3,open-meteo-cams
414999ef-4c28-4249-8b0a-ac3788a9c1d8,Stack 23 - Steel Plant 3,21.43,81.734,2026-03-14T18:00,PM2.5,48.0,ug/m3,open-meteo-cams
414999ef-4c28-4249-8b0a-ac3788a9c1d8,Stack 23 - Steel Plant 3,21.43,81.734,2026-03-14T18:00,NO2,31.3,ug/m3,open-meteo-cams
414999ef-4c28-4249-8b0a-ac3788a9c1d8,Stack 23 - Steel Plant 3,21.43,81.734,2026-03-14T18:00,SO2,12.2,ug/m3,open-meteo-cams
414999ef-4c28-4249-8b0a-ac3788a9c1d8,Stack 23 - Steel Plant 3,21.43,81.734,2026-03-14T19:00,PM2.5,50.4,ug/m3,open-meteo-cams
414999ef-4c28-4249-8b0a-ac3788a9c1d8,Stack 23 - Steel Plant 3,21.43,81.734,2026-03-14T19:00,NO2,32.9,ug/m3,open-meteo-cams
414999ef-4c28-4249-8b0a-ac3788a9c1d8,Stack 23 - Steel Plant 3,21.43,81.734,2026-03-14T19:00,SO2,11.9,ug/m3,open-meteo-cams
414999ef-4c28-4249-8b0a-ac3788a9c1d8,Stack 23 - Steel Plant 3,21.43,81.734,2026-03-14T20:00,PM2.5,53.2,ug/m3,open-meteo-cams
414999ef-4c28-4249-8b0a-ac3788a9c1d8,Stack 23 - Steel Plant 3,21.43,81.734,2026-03-14T20:00,NO2,34.0,ug/m3,open-meteo-cams
414999ef-4c28-4249-8b0a-ac3788a9c1d8,Stack 23 - Steel Plant 3,21.43,81.734,2026-03-14T20:00,SO2,11.5,ug/m3,open-meteo-cams
414999ef-4c28-4249-8b0a-ac3788a9c1d8,Stack 23 - Steel Plant 3,21.43,81.734,2026-03-14T21:00,PM2.5,56.5,ug/m3,open-meteo-cams
414999ef-4c28-4249-8b0a-ac3788a9c1d8,Stack 23 - Steel Plant 3,21.43,81.734,2026-03-14T21:00,NO2,34.0,ug/m3,open-meteo-cams
414999ef-4c28-4249-8b0a-ac3788a9c1d8,Stack 23 - Steel Plant 3,21.43,81.734,2026-03-14T21:00,SO2,11.1,ug/m3,open-meteo-cams
414999ef-4c28-4249-8b0a-ac3788a9c1d8,Stack 23 - Steel Plant 3,21.43,81.734,2026-03-14T22:00,PM2.5,60.1,ug/m3,open-meteo-cams
414999ef-4c28-4249-8b0a-ac3788a9c1d8,Stack 23 - Steel Plant 3,21.43,81.734,2026-03-14T22:00,NO2,32.5,ug/m3,open-meteo-cams
414999ef-4c28-4249-8b0a-ac3788a9c1d8,Stack 23 - Steel Plant 3,21.43,81.734,2026-03-14T22:00,SO2,10.5,ug/m3,open-meteo-cams
414999ef-4c28-4249-8b0a-ac3788a9c1d8,Stack 23 - Steel Plant 3,21.43,81.734,2026-03-14T23:00,PM2.5,60.8,ug/m3,open-meteo-cams
414999ef-4c28-4249-8b0a-ac3788a9c1d8,Stack 23 - Steel Plant 3,21.43,81.734,2026-03-14T23:00,NO2,30.0,ug/m3,open-meteo-cams
414999ef-4c28-4249-8b0a-ac3788a9c1d8,Stack 23 - Steel Plant 3,21.43,81.734,2026-03-14T23:00,SO2,9.9,ug/m3,open-meteo-cams
fff07ee3-9cff-4d35-839e-e22c3e9ae50b,Stack 24 - Steel Plant 4,21.44,81.742,2026-03-13T00:00,PM2.5,65.9,ug/m3,open-meteo-cams
fff07ee3-9cff-4d35-839e-e22c3e9ae50b,Stack 24 - Steel Plant 4,21.44,81.742,2026-03-13T00:00,NO2,23.5,ug/m3,open-meteo-cams
fff07ee3-9cff-4d35-839e-e22c3e9ae50b,Stack 24 - Steel Plant 4,21.44,81.742,2026-03-13T00:00,SO2,7.6,ug/m3,open-meteo-cams
fff07ee3-9cff-4d35-839e-e22c3e9ae50b,Stack 24 - Steel Plant 4,21.44,81.742,2026-03-13T01:00,PM2.5,68.9,ug/m3,open-meteo-cams
fff07ee3-9cff-4d35-839e-e22c3e9ae50b,Stack 24 - Steel Plant 4,21.44,81.742,2026-03-13T01:00,NO2,19.7,ug/m3,open-meteo-cams
fff07ee3-9cff-4d35-839e-e22c3e9ae50b,Stack 24 - Steel Plant 4,21.44,81.742,2026-03-13T01:00,SO2,7.9,ug/m3,open-meteo-cams
fff07ee3-9cff-4d35-839e-e22c3e9ae50b,Stack 24 - Steel Plant 4,21.44,81.742,2026-03-13T02:00,PM2.5,73.6,ug/m3,open-meteo-cams
fff07ee3-9cff-4d35-839e-e22c3e9ae50b,Stack 24 - Steel Plant 4,21.44,81.742,2026-03-13T02:00,NO2,14.3,ug/m3,open-meteo-cams
fff07ee3-9cff-4d35-839e-e22c3e9ae50b,Stack 24 - Steel Plant 4,21.44,81.742,2026-03-13T02:00,SO2,8.5,ug/m3,open-meteo-cams
fff07ee3-9cff-4d35-839e-e22c3e9ae50b,Stack 24 - Steel Plant 4,21.44,81.742,2026-03-13T03:00,PM2.5,55.9,ug/m3,open-meteo-cams
fff07ee3-9cff-4d35-839e-e22c3e9ae50b,Stack 24 - Steel Plant 4,21.44,81.742,2026-03-13T03:00,NO2,9.6,ug/m3,open-meteo-cams
fff07ee3-9cff-4d35-839e-e22c3e9ae50b,Stack 24 - Steel Plant 4,21.44,81.742,2026-03-13T03:00,SO2,9.3,ug/m3,open-meteo-cams
fff07ee3-9cff-4d35-839e-e22c3e9ae50b,Stack 24 - Steel Plant 4,21.44,81.742,2026-03-13T04:00,PM2.5,38.1,ug/m3,open-meteo-cams
fff07ee3-9cff-4d35-839e-e22c3e9ae50b,Stack 24 - Steel Plant 4,21.44,81.742,2026-03-13T04:00,NO2,6.3,ug/m3,open-meteo-cams
fff07ee3-9cff-4d35-839e-e22c3e9ae50b,Stack 24 - Steel Plant 4,21.44,81.742,2026-03-13T04:00,SO2,11.0,ug/m3,open-meteo-cams
fff07ee3-9cff-4d35-839e-e22c3e9ae50b,Stack 24 - Steel Plant 4,21.44,81.742,2026-03-13T05:00,PM2.5,24.7,ug/m3,open-meteo-cams
fff07ee3-9cff-4d35-839e-e22c3e9ae50b,Stack 24 - Steel Plant 4,21.44,81.742,2026-03-13T05:00,NO2,3.7,ug/m3,open-meteo-cams
fff07ee3-9cff-4d35-839e-e22c3e9ae50b,Stack 24 - Steel Plant 4,21.44,81.742,2026-03-13T05:00,SO2,12.9,ug/m3,open-meteo-cams
fff07ee3-9cff-4d35-839e-e22c3e9ae50b,Stack 24 - Steel Plant 4,21.44,81.742,2026-03-13T06:00,PM2.5,17.9,ug/m3,open-meteo-cams
fff07ee3-9cff-4d35-839e-e22c3e9ae50b,Stack 24 - Steel Plant 4,21.44,81.742,2026-03-13T06:00,NO2,1.8,ug/m3,open-meteo-cams
fff07ee3-9cff-4d35-839e-e22c3e9ae50b,Stack 24 - Steel Plant 4,21.44,81.742,2026-03-13T06:00,SO2,13.6,ug/m3,open-meteo-cams
fff07ee3-9cff-4d35-839e-e22c3e9ae50b,Stack 24 - Steel Plant 4,21.44,81.742,2026-03-13T07:00,PM2.5,14.9,ug/m3,open-meteo-cams
fff07ee3-9cff-4d35-839e-e22c3e9ae50b,Stack 24 - Steel Plant 4,21.44,81.742,2026-03-13T07:00,NO2,0.7,ug/m3,open-meteo-cams
fff07ee3-9cff-4d35-839e-e22c3e9ae50b,Stack 24 - Steel Plant 4,21.44,81.742,2026-03-13T07:00,SO2,11.8,ug/m3,open-meteo-cams
fff07ee3-9cff-4d35-839e-e22c3e9ae50b,Stack 24 - Steel Plant 4,21.44,81.742,2026-03-13T08:00,PM2.5,13.4,ug/m3,open-meteo-cams
fff07ee3-9cff-4d35-839e-e22c3e9ae50b,Stack 24 - Steel Plant 4,21.44,81.742,2026-03-13T08:00,NO2,0.4,ug/m3,open-meteo-cams
fff07ee3-9cff-4d35-839e-e22c3e9ae50b,Stack 24 - Steel Plant 4,21.44,81.742,2026-03-13T08:00,SO2,8.7,ug/m3,open-meteo-cams
fff07ee3-9cff-4d35-839e-e22c3e9ae50b,Stack 24 - Steel Plant 4,21.44,81.742,2026-03-13T09:00,PM2.5,12.2,ug/m3,open-meteo-cams
fff07ee3-9cff-4d35-839e-e22c3e9ae50b,Stack 24 - Steel Plant 4,21.44,81.742,2026-03-13T09:00,NO2,0.7,ug/m3,open-meteo-cams
fff07ee3-9cff-4d35-839e-e22c3e9ae50b,Stack 24 - Steel Plant 4,21.44,81.742,2026-03-13T09:00,SO2,6.3,ug/m3,open-meteo-cams
fff07ee3-9cff-4d35-839e-e22c3e9ae50b,Stack 24 - Steel Plant 4,21.44,81.742,2026-03-13T10:00,PM2.5,11.3,ug/m3,open-meteo-cams
fff07ee3-9cff-4d35-839e-e22c3e9ae50b,Stack 24 - Steel Plant 4,21.44,81.742,2026-03-13T10:00,NO2,1.4,ug/m3,open-meteo-cams
fff07ee3-9cff-4d35-839e-e22c3e9ae50b,Stack 24 - Steel Plant 4,21.44,81.742,2026-03-13T10:00,SO2,5.3,ug/m3,open-meteo-cams
fff07ee3-9cff-4d35-839e-e22c3e9ae50b,Stack 24 - Steel Plant 4,21.44,81.742,2026-03-13T11:00,PM2.5,11.1,ug/m3,open-meteo-cams
fff07ee3-9cff-4d35-839e-e22c3e9ae50b,Stack 24 - Steel Plant 4,21.44,81.742,2026-03-13T11:00,NO2,2.6,ug/m3,open-meteo-cams
fff07ee3-9cff-4d35-839e-e22c3e9ae50b,Stack 24 - Steel Plant 4,21.44,81.742,2026-03-13T11:00,SO2,4.9,ug/m3,open-meteo-cams
fff07ee3-9cff-4d35-839e-e22c3e9ae50b,Stack 24 - Steel Plant 4,21.44,81.742,2026-03-13T12:00,PM2.5,16.6,ug/m3,open-meteo-cams
fff07ee3-9cff-4d35-839e-e22c3e9ae50b,Stack 24 - Steel Plant 4,21.44,81.742,2026-03-13T12:00,NO2,5.1,ug/m3,open-meteo-cams
fff07ee3-9cff-4d35-839e-e22c3e9ae50b,Stack 24 - Steel Plant 4,21.44,81.742,2026-03-13T12:00,SO2,5.4,ug/m3,open-meteo-cams
fff07ee3-9cff-4d35-839e-e22c3e9ae50b,Stack 24 - Steel Plant 4,21.44,81.742,2026-03-13T13:00,PM2.5,25.4,ug/m3,open-meteo-cams
fff07ee3-9cff-4d35-839e-e22c3e9ae50b,Stack 24 - Steel Plant 4,21.44,81.742,2026-03-13T13:00,NO2,9.8,ug/m3,open-meteo-cams
fff07ee3-9cff-4d35-839e-e22c3e9ae50b,Stack 24 - Steel Plant 4,21.44,81.742,2026-03-13T13:00,SO2,7.2,ug/m3,open-meteo-cams
fff07ee3-9cff-4d35-839e-e22c3e9ae50b,Stack 24 - Steel Plant 4,21.44,81.742,2026-03-13T14:00,PM2.5,31.0,ug/m3,open-meteo-cams
fff07ee3-9cff-4d35-839e-e22c3e9ae50b,Stack 24 - Steel Plant 4,21.44,81.742,2026-03-13T14:00,NO2,15.7,ug/m3,open-meteo-cams
fff07ee3-9cff-4d35-839e-e22c3e9ae50b,Stack 24 - Steel Plant 4,21.44,81.742,2026-03-13T14:00,SO2,9.7,ug/m3,open-meteo-cams
fff07ee3-9cff-4d35-839e-e22c3e9ae50b,Stack 24 - Steel Plant 4,21.44,81.742,2026-03-13T15:00,PM2.5,32.5,ug/m3,open-meteo-cams
fff07ee3-9cff-4d35-839e-e22c3e9ae50b,Stack 24 - Steel Plant 4,21.44,81.742,2026-03-13T15:00,NO2,20.5,ug/m3,open-meteo-cams
fff07ee3-9cff-4d35-839e-e22c3e9ae50b,Stack 24 - Steel Plant 4,21.44,81.742,2026-03-13T15:00,SO2,11.7,ug/m3,open-meteo-cams
fff07ee3-9cff-4d35-839e-e22c3e9ae50b,Stack 24 - Steel Plant 4,21.44,81.742,2026-03-13T16:00,PM2.5,34.9,ug/m3,open-meteo-cams
fff07ee3-9cff-4d35-839e-e22c3e9ae50b,Stack 24 - Steel Plant 4,21.44,81.742,2026-03-13T16:00,NO2,23.1,ug/m3,open-meteo-cams
fff07ee3-9cff-4d35-839e-e22c3e9ae50b,Stack 24 - Steel Plant 4,21.44,81.742,2026-03-13T16:00,SO2,12.5,ug/m3,open-meteo-cams
fff07ee3-9cff-4d35-839e-e22c3e9ae50b,Stack 24 - Steel Plant 4,21.44,81.742,2026-03-13T17:00,PM2.5,39.5,ug/m3,open-meteo-cams
fff07ee3-9cff-4d35-839e-e22c3e9ae50b,Stack 24 - Steel Plant 4,21.44,81.742,2026-03-13T17:00,NO2,24.5,ug/m3,open-meteo-cams
fff07ee3-9cff-4d35-839e-e22c3e9ae50b,Stack 24 - Steel Plant 4,21.44,81.742,2026-03-13T17:00,SO2,12.7,ug/m3,open-meteo-cams
fff07ee3-9cff-4d35-839e-e22c3e9ae50b,Stack 24 - Steel Plant 4,21.44,81.742,2026-03-13T18:00,PM2.5,46.4,ug/m3,open-meteo-cams
fff07ee3-9cff-4d35-839e-e22c3e9ae50b,Stack 24 - Steel Plant 4,21.44,81.742,2026-03-13T18:00,NO2,25.5,ug/m3,open-meteo-cams
fff07ee3-9cff-4d35-839e-e22c3e9ae50b,Stack 24 - Steel Plant 4,21.44,81.742,2026-03-13T18:00,SO2,12.5,ug/m3,open-meteo-cams
fff07ee3-9cff-4d35-839e-e22c3e9ae50b,Stack 24 - Steel Plant 4,21.44,81.742,2026-03-13T19:00,PM2.5,55.8,ug/m3,open-meteo-cams
fff07ee3-9cff-4d35-839e-e22c3e9ae50b,Stack 24 - Steel Plant 4,21.44,81.742,2026-03-13T19:00,NO2,25.9,ug/m3,open-meteo-cams
fff07ee3-9cff-4d35-839e-e22c3e9ae50b,Stack 24 - Steel Plant 4,21.44,81.742,2026-03-13T19:00,SO2,11.6,ug/m3,open-meteo-cams
fff07ee3-9cff-4d35-839e-e22c3e9ae50b,Stack 24 - Steel Plant 4,21.44,81.742,2026-03-13T20:00,PM2.5,60.1,ug/m3,open-meteo-cams
fff07ee3-9cff-4d35-839e-e22c3e9ae50b,Stack 24 - Steel Plant 4,21.44,81.742,2026-03-13T20:00,NO2,25.9,ug/m3,open-meteo-cams
fff07ee3-9cff-4d35-839e-e22c3e9ae50b,Stack 24 - Steel Plant 4,21.44,81.742,2026-03-13T20:00,SO2,10.4,ug/m3,open-meteo-cams
fff07ee3-9cff-4d35-839e-e22c3e9ae50b,Stack 24 - Steel Plant 4,21.44,81.742,2026-03-13T21:00,PM2.5,63.6,ug/m3,open-meteo-cams
fff07ee3-9cff-4d35-839e-e22c3e9ae50b,Stack 24 - Steel Plant 4,21.44,81.742,2026-03-13T21:00,NO2,26.4,ug/m3,open-meteo-cams
fff07ee3-9cff-4d35-839e-e22c3e9ae50b,Stack 24 - Steel Plant 4,21.44,81.742,2026-03-13T21:00,SO2,9.5,ug/m3,open-meteo-cams
fff07ee3-9cff-4d35-839e-e22c3e9ae50b,Stack 24 - Steel Plant 4,21.44,81.742,2026-03-13T22:00,PM2.5,67.8,ug/m3,open-meteo-cams
fff07ee3-9cff-4d35-839e-e22c3e9ae50b,Stack 24 - Steel Plant 4,21.44,81.742,2026-03-13T22:00,NO2,28.0,ug/m3,open-meteo-cams
fff07ee3-9cff-4d35-839e-e22c3e9ae50b,Stack 24 - Steel Plant 4,21.44,81.742,2026-03-13T22:00,SO2,9.4,ug/m3,open-meteo-cams
fff07ee3-9cff-4d35-839e-e22c3e9ae50b,Stack 24 - Steel Plant 4,21.44,81.742,2026-03-13T23:00,PM2.5,71.9,ug/m3,open-meteo-cams
fff07ee3-9cff-4d35-839e-e22c3e9ae50b,Stack 24 - Steel Plant 4,21.44,81.742,2026-03-13T23:00,NO2,30.2,ug/m3,open-meteo-cams
fff07ee3-9cff-4d35-839e-e22c3e9ae50b,Stack 24 - Steel Plant 4,21.44,81.742,2026-03-13T23:00,SO2,9.8,ug/m3,open-meteo-cams
fff07ee3-9cff-4d35-839e-e22c3e9ae50b,Stack 24 - Steel Plant 4,21.44,81.742,2026-03-14T00:00,PM2.5,78.2,ug/m3,open-meteo-cams
fff07ee3-9cff-4d35-839e-e22c3e9ae50b,Stack 24 - Steel Plant 4,21.44,81.742,2026-03-14T00:00,NO2,31.7,ug/m3,open-meteo-cams
fff07ee3-9cff-4d35-839e-e22c3e9ae50b,Stack 24 - Steel Plant 4,21.44,81.742,2026-03-14T00:00,SO2,10.3,ug/m3,open-meteo-cams
fff07ee3-9cff-4d35-839e-e22c3e9ae50b,Stack 24 - Steel Plant 4,21.44,81.742,2026-03-14T01:00,PM2.5,82.9,ug/m3,open-meteo-cams
fff07ee3-9cff-4d35-839e-e22c3e9ae50b,Stack 24 - Steel Plant 4,21.44,81.742,2026-03-14T01:00,NO2,32.9,ug/m3,open-meteo-cams
fff07ee3-9cff-4d35-839e-e22c3e9ae50b,Stack 24 - Steel Plant 4,21.44,81.742,2026-03-14T01:00,SO2,11.2,ug/m3,open-meteo-cams
fff07ee3-9cff-4d35-839e-e22c3e9ae50b,Stack 24 - Steel Plant 4,21.44,81.742,2026-03-14T02:00,PM2.5,76.1,ug/m3,open-meteo-cams
fff07ee3-9cff-4d35-839e-e22c3e9ae50b,Stack 24 - Steel Plant 4,21.44,81.742,2026-03-14T02:00,NO2,33.5,ug/m3,open-meteo-cams
fff07ee3-9cff-4d35-839e-e22c3e9ae50b,Stack 24 - Steel Plant 4,21.44,81.742,2026-03-14T02:00,SO2,12.3,ug/m3,open-meteo-cams
fff07ee3-9cff-4d35-839e-e22c3e9ae50b,Stack 24 - Steel Plant 4,21.44,81.742,2026-03-14T03:00,PM2.5,61.5,ug/m3,open-meteo-cams
fff07ee3-9cff-4d35-839e-e22c3e9ae50b,Stack 24 - Steel Plant 4,21.44,81.742,2026-03-14T03:00,NO2,31.5,ug/m3,open-meteo-cams
fff07ee3-9cff-4d35-839e-e22c3e9ae50b,Stack 24 - Steel Plant 4,21.44,81.742,2026-03-14T03:00,SO2,12.9,ug/m3,open-meteo-cams
fff07ee3-9cff-4d35-839e-e22c3e9ae50b,Stack 24 - Steel Plant 4,21.44,81.742,2026-03-14T04:00,PM2.5,51.2,ug/m3,open-meteo-cams
fff07ee3-9cff-4d35-839e-e22c3e9ae50b,Stack 24 - Steel Plant 4,21.44,81.742,2026-03-14T04:00,NO2,24.8,ug/m3,open-meteo-cams
fff07ee3-9cff-4d35-839e-e22c3e9ae50b,Stack 24 - Steel Plant 4,21.44,81.742,2026-03-14T04:00,SO2,12.8,ug/m3,open-meteo-cams
fff07ee3-9cff-4d35-839e-e22c3e9ae50b,Stack 24 - Steel Plant 4,21.44,81.742,2026-03-14T05:00,PM2.5,44.9,ug/m3,open-meteo-cams
fff07ee3-9cff-4d35-839e-e22c3e9ae50b,Stack 24 - Steel Plant 4,21.44,81.742,2026-03-14T05:00,NO2,15.5,ug/m3,open-meteo-cams
fff07ee3-9cff-4d35-839e-e22c3e9ae50b,Stack 24 - Steel Plant 4,21.44,81.742,2026-03-14T05:00,SO2,12.3,ug/m3,open-meteo-cams
fff07ee3-9cff-4d35-839e-e22c3e9ae50b,Stack 24 - Steel Plant 4,21.44,81.742,2026-03-14T06:00,PM2.5,36.8,ug/m3,open-meteo-cams
fff07ee3-9cff-4d35-839e-e22c3e9ae50b,Stack 24 - Steel Plant 4,21.44,81.742,2026-03-14T06:00,NO2,8.2,ug/m3,open-meteo-cams
fff07ee3-9cff-4d35-839e-e22c3e9ae50b,Stack 24 - Steel Plant 4,21.44,81.742,2026-03-14T06:00,SO2,11.3,ug/m3,open-meteo-cams
fff07ee3-9cff-4d35-839e-e22c3e9ae50b,Stack 24 - Steel Plant 4,21.44,81.742,2026-03-14T07:00,PM2.5,31.4,ug/m3,open-meteo-cams
fff07ee3-9cff-4d35-839e-e22c3e9ae50b,Stack 24 - Steel Plant 4,21.44,81.742,2026-03-14T07:00,NO2,4.5,ug/m3,open-meteo-cams
fff07ee3-9cff-4d35-839e-e22c3e9ae50b,Stack 24 - Steel Plant 4,21.44,81.742,2026-03-14T07:00,SO2,9.6,ug/m3,open-meteo-cams
fff07ee3-9cff-4d35-839e-e22c3e9ae50b,Stack 24 - Steel Plant 4,21.44,81.742,2026-03-14T08:00,PM2.5,23.3,ug/m3,open-meteo-cams
fff07ee3-9cff-4d35-839e-e22c3e9ae50b,Stack 24 - Steel Plant 4,21.44,81.742,2026-03-14T08:00,NO2,2.6,ug/m3,open-meteo-cams
fff07ee3-9cff-4d35-839e-e22c3e9ae50b,Stack 24 - Steel Plant 4,21.44,81.742,2026-03-14T08:00,SO2,7.4,ug/m3,open-meteo-cams
fff07ee3-9cff-4d35-839e-e22c3e9ae50b,Stack 24 - Steel Plant 4,21.44,81.742,2026-03-14T09:00,PM2.5,19.0,ug/m3,open-meteo-cams
fff07ee3-9cff-4d35-839e-e22c3e9ae50b,Stack 24 - Steel Plant 4,21.44,81.742,2026-03-14T09:00,NO2,2.1,ug/m3,open-meteo-cams
fff07ee3-9cff-4d35-839e-e22c3e9ae50b,Stack 24 - Steel Plant 4,21.44,81.742,2026-03-14T09:00,SO2,5.9,ug/m3,open-meteo-cams
fff07ee3-9cff-4d35-839e-e22c3e9ae50b,Stack 24 - Steel Plant 4,21.44,81.742,2026-03-14T10:00,PM2.5,18.1,ug/m3,open-meteo-cams
fff07ee3-9cff-4d35-839e-e22c3e9ae50b,Stack 24 - Steel Plant 4,21.44,81.742,2026-03-14T10:00,NO2,2.7,ug/m3,open-meteo-cams
fff07ee3-9cff-4d35-839e-e22c3e9ae50b,Stack 24 - Steel Plant 4,21.44,81.742,2026-03-14T10:00,SO2,5.4,ug/m3,open-meteo-cams
fff07ee3-9cff-4d35-839e-e22c3e9ae50b,Stack 24 - Steel Plant 4,21.44,81.742,2026-03-14T11:00,PM2.5,18.2,ug/m3,open-meteo-cams
fff07ee3-9cff-4d35-839e-e22c3e9ae50b,Stack 24 - Steel Plant 4,21.44,81.742,2026-03-14T11:00,NO2,4.6,ug/m3,open-meteo-cams
fff07ee3-9cff-4d35-839e-e22c3e9ae50b,Stack 24 - Steel Plant 4,21.44,81.742,2026-03-14T11:00,SO2,5.6,ug/m3,open-meteo-cams
fff07ee3-9cff-4d35-839e-e22c3e9ae50b,Stack 24 - Steel Plant 4,21.44,81.742,2026-03-14T12:00,PM2.5,24.2,ug/m3,open-meteo-cams
fff07ee3-9cff-4d35-839e-e22c3e9ae50b,Stack 24 - Steel Plant 4,21.44,81.742,2026-03-14T12:00,NO2,7.7,ug/m3,open-meteo-cams
fff07ee3-9cff-4d35-839e-e22c3e9ae50b,Stack 24 - Steel Plant 4,21.44,81.742,2026-03-14T12:00,SO2,6.4,ug/m3,open-meteo-cams
fff07ee3-9cff-4d35-839e-e22c3e9ae50b,Stack 24 - Steel Plant 4,21.44,81.742,2026-03-14T13:00,PM2.5,33.5,ug/m3,open-meteo-cams
fff07ee3-9cff-4d35-839e-e22c3e9ae50b,Stack 24 - Steel Plant 4,21.44,81.742,2026-03-14T13:00,NO2,12.5,ug/m3,open-meteo-cams
fff07ee3-9cff-4d35-839e-e22c3e9ae50b,Stack 24 - Steel Plant 4,21.44,81.742,2026-03-14T13:00,SO2,8.1,ug/m3,open-meteo-cams
fff07ee3-9cff-4d35-839e-e22c3e9ae50b,Stack 24 - Steel Plant 4,21.44,81.742,2026-03-14T14:00,PM2.5,37.5,ug/m3,open-meteo-cams
fff07ee3-9cff-4d35-839e-e22c3e9ae50b,Stack 24 - Steel Plant 4,21.44,81.742,2026-03-14T14:00,NO2,18.4,ug/m3,open-meteo-cams
fff07ee3-9cff-4d35-839e-e22c3e9ae50b,Stack 24 - Steel Plant 4,21.44,81.742,2026-03-14T14:00,SO2,10.4,ug/m3,open-meteo-cams
fff07ee3-9cff-4d35-839e-e22c3e9ae50b,Stack 24 - Steel Plant 4,21.44,81.742,2026-03-14T15:00,PM2.5,38.9,ug/m3,open-meteo-cams
fff07ee3-9cff-4d35-839e-e22c3e9ae50b,Stack 24 - Steel Plant 4,21.44,81.742,2026-03-14T15:00,NO2,23.5,ug/m3,open-meteo-cams
fff07ee3-9cff-4d35-839e-e22c3e9ae50b,Stack 24 - Steel Plant 4,21.44,81.742,2026-03-14T15:00,SO2,12.1,ug/m3,open-meteo-cams
fff07ee3-9cff-4d35-839e-e22c3e9ae50b,Stack 24 - Steel Plant 4,21.44,81.742,2026-03-14T16:00,PM2.5,41.4,ug/m3,open-meteo-cams
fff07ee3-9cff-4d35-839e-e22c3e9ae50b,Stack 24 - Steel Plant 4,21.44,81.742,2026-03-14T16:00,NO2,26.9,ug/m3,open-meteo-cams
fff07ee3-9cff-4d35-839e-e22c3e9ae50b,Stack 24 - Steel Plant 4,21.44,81.742,2026-03-14T16:00,SO2,12.6,ug/m3,open-meteo-cams
fff07ee3-9cff-4d35-839e-e22c3e9ae50b,Stack 24 - Steel Plant 4,21.44,81.742,2026-03-14T17:00,PM2.5,44.8,ug/m3,open-meteo-cams
fff07ee3-9cff-4d35-839e-e22c3e9ae50b,Stack 24 - Steel Plant 4,21.44,81.742,2026-03-14T17:00,NO2,29.4,ug/m3,open-meteo-cams
fff07ee3-9cff-4d35-839e-e22c3e9ae50b,Stack 24 - Steel Plant 4,21.44,81.742,2026-03-14T17:00,SO2,12.5,ug/m3,open-meteo-cams
fff07ee3-9cff-4d35-839e-e22c3e9ae50b,Stack 24 - Steel Plant 4,21.44,81.742,2026-03-14T18:00,PM2.5,48.0,ug/m3,open-meteo-cams
fff07ee3-9cff-4d35-839e-e22c3e9ae50b,Stack 24 - Steel Plant 4,21.44,81.742,2026-03-14T18:00,NO2,31.3,ug/m3,open-meteo-cams
fff07ee3-9cff-4d35-839e-e22c3e9ae50b,Stack 24 - Steel Plant 4,21.44,81.742,2026-03-14T18:00,SO2,12.2,ug/m3,open-meteo-cams
fff07ee3-9cff-4d35-839e-e22c3e9ae50b,Stack 24 - Steel Plant 4,21.44,81.742,2026-03-14T19:00,PM2.5,50.4,ug/m3,open-meteo-cams
fff07ee3-9cff-4d35-839e-e22c3e9ae50b,Stack 24 - Steel Plant 4,21.44,81.742,2026-03-14T19:00,NO2,32.9,ug/m3,open-meteo-cams
fff07ee3-9cff-4d35-839e-e22c3e9ae50b,Stack 24 - Steel Plant 4,21.44,81.742,2026-03-14T19:00,SO2,11.9,ug/m3,open-meteo-cams
fff07ee3-9cff-4d35-839e-e22c3e9ae50b,Stack 24 - Steel Plant 4,21.44,81.742,2026-03-14T20:00,PM2.5,53.2,ug/m3,open-meteo-cams
fff07ee3-9cff-4d35-839e-e22c3e9ae50b,Stack 24 - Steel Plant 4,21.44,81.742,2026-03-14T20:00,NO2,34.0,ug/m3,open-meteo-cams
fff07ee3-9cff-4d35-839e-e22c3e9ae50b,Stack 24 - Steel Plant 4,21.44,81.742,2026-03-14T20:00,SO2,11.5,ug/m3,open-meteo-cams
fff07ee3-9cff-4d35-839e-e22c3e9ae50b,Stack 24 - Steel Plant 4,21.44,81.742,2026-03-14T21:00,PM2.5,56.5,ug/m3,open-meteo-cams
fff07ee3-9cff-4d35-839e-e22c3e9ae50b,Stack 24 - Steel Plant 4,21.44,81.742,2026-03-14T21:00,NO2,34.0,ug/m3,open-meteo-cams
fff07ee3-9cff-4d35-839e-e22c3e9ae50b,Stack 24 - Steel Plant 4,21.44,81.742,2026-03-14T21:00,SO2,11.1,ug/m3,open-meteo-cams
fff07ee3-9cff-4d35-839e-e22c3e9ae50b,Stack 24 - Steel Plant 4,21.44,81.742,2026-03-14T22:00,PM2.5,60.1,ug/m3,open-meteo-cams
fff07ee3-9cff-4d35-839e-e22c3e9ae50b,Stack 24 - Steel Plant 4,21.44,81.742,2026-03-14T22:00,NO2,32.5,ug/m3,open-meteo-cams
fff07ee3-9cff-4d35-839e-e22c3e9ae50b,Stack 24 - Steel Plant 4,21.44,81.742,2026-03-14T22:00,SO2,10.5,ug/m3,open-meteo-cams
fff07ee3-9cff-4d35-839e-e22c3e9ae50b,Stack 24 - Steel Plant 4,21.44,81.742,2026-03-14T23:00,PM2.5,60.8,ug/m3,open-meteo-cams
fff07ee3-9cff-4d35-839e-e22c3e9ae50b,Stack 24 - Steel Plant 4,21.44,81.742,2026-03-14T23:00,NO2,30.0,ug/m3,open-meteo-cams
fff07ee3-9cff-4d35-839e-e22c3e9ae50b,Stack 24 - Steel Plant 4,21.44,81.742,2026-03-14T23:00,SO2,9.9,ug/m3,open-meteo-cams
0b0f2abf-2651-4e7e-9b10-bebf8856e296,Stack 25 - Steel Plant 5,21.45,81.75,2026-03-13T00:00,PM2.5,65.9,ug/m3,open-meteo-cams
0b0f2abf-2651-4e7e-9b10-bebf8856e296,Stack 25 - Steel Plant 5,21.45,81.75,2026-03-13T00:00,NO2,23.5,ug/m3,open-meteo-cams
0b0f2abf-2651-4e7e-9b10-bebf8856e296,Stack 25 - Steel Plant 5,21.45,81.75,2026-03-13T00:00,SO2,7.6,ug/m3,open-meteo-cams
0b0f2abf-2651-4e7e-9b10-bebf8856e296,Stack 25 - Steel Plant 5,21.45,81.75,2026-03-13T01:00,PM2.5,68.9,ug/m3,open-meteo-cams
0b0f2abf-2651-4e7e-9b10-bebf8856e296,Stack 25 - Steel Plant 5,21.45,81.75,2026-03-13T01:00,NO2,19.7,ug/m3,open-meteo-cams
0b0f2abf-2651-4e7e-9b10-bebf8856e296,Stack 25 - Steel Plant 5,21.45,81.75,2026-03-13T01:00,SO2,7.9,ug/m3,open-meteo-cams
0b0f2abf-2651-4e7e-9b10-bebf8856e296,Stack 25 - Steel Plant 5,21.45,81.75,2026-03-13T02:00,PM2.5,73.6,ug/m3,open-meteo-cams
0b0f2abf-2651-4e7e-9b10-bebf8856e296,Stack 25 - Steel Plant 5,21.45,81.75,2026-03-13T02:00,NO2,14.3,ug/m3,open-meteo-cams
0b0f2abf-2651-4e7e-9b10-bebf8856e296,Stack 25 - Steel Plant 5,21.45,81.75,2026-03-13T02:00,SO2,8.5,ug/m3,open-meteo-cams
0b0f2abf-2651-4e7e-9b10-bebf8856e296,Stack 25 - Steel Plant 5,21.45,81.75,2026-03-13T03:00,PM2.5,55.9,ug/m3,open-meteo-cams
0b0f2abf-2651-4e7e-9b10-bebf8856e296,Stack 25 - Steel Plant 5,21.45,81.75,2026-03-13T03:00,NO2,9.6,ug/m3,open-meteo-cams
0b0f2abf-2651-4e7e-9b10-bebf8856e296,Stack 25 - Steel Plant 5,21.45,81.75,2026-03-13T03:00,SO2,9.3,ug/m3,open-meteo-cams
0b0f2abf-2651-4e7e-9b10-bebf8856e296,Stack 25 - Steel Plant 5,21.45,81.75,2026-03-13T04:00,PM2.5,38.1,ug/m3,open-meteo-cams
0b0f2abf-2651-4e7e-9b10-bebf8856e296,Stack 25 - Steel Plant 5,21.45,81.75,2026-03-13T04:00,NO2,6.3,ug/m3,open-meteo-cams
0b0f2abf-2651-4e7e-9b10-bebf8856e296,Stack 25 - Steel Plant 5,21.45,81.75,2026-03-13T04:00,SO2,11.0,ug/m3,open-meteo-cams
0b0f2abf-2651-4e7e-9b10-bebf8856e296,Stack 25 - Steel Plant 5,21.45,81.75,2026-03-13T05:00,PM2.5,24.7,ug/m3,open-meteo-cams
0b0f2abf-2651-4e7e-9b10-bebf8856e296,Stack 25 - Steel Plant 5,21.45,81.75,2026-03-13T05:00,NO2,3.7,ug/m3,open-meteo-cams
0b0f2abf-2651-4e7e-9b10-bebf8856e296,Stack 25 - Steel Plant 5,21.45,81.75,2026-03-13T05:00,SO2,12.9,ug/m3,open-meteo-cams
0b0f2abf-2651-4e7e-9b10-bebf8856e296,Stack 25 - Steel Plant 5,21.45,81.75,2026-03-13T06:00,PM2.5,17.9,ug/m3,open-meteo-cams
0b0f2abf-2651-4e7e-9b10-bebf8856e296,Stack 25 - Steel Plant 5,21.45,81.75,2026-03-13T06:00,NO2,1.8,ug/m3,open-meteo-cams
0b0f2abf-2651-4e7e-9b10-bebf8856e296,Stack 25 - Steel Plant 5,21.45,81.75,2026-03-13T06:00,SO2,13.6,ug/m3,open-meteo-cams
0b0f2abf-2651-4e7e-9b10-bebf8856e296,Stack 25 - Steel Plant 5,21.45,81.75,2026-03-13T07:00,PM2.5,14.9,ug/m3,open-meteo-cams
0b0f2abf-2651-4e7e-9b10-bebf8856e296,Stack 25 - Steel Plant 5,21.45,81.75,2026-03-13T07:00,NO2,0.7,ug/m3,open-meteo-cams
0b0f2abf-2651-4e7e-9b10-bebf8856e296,Stack 25 - Steel Plant 5,21.45,81.75,2026-03-13T07:00,SO2,11.8,ug/m3,open-meteo-cams
0b0f2abf-2651-4e7e-9b10-bebf8856e296,Stack 25 - Steel Plant 5,21.45,81.75,2026-03-13T08:00,PM2.5,13.4,ug/m3,open-meteo-cams
0b0f2abf-2651-4e7e-9b10-bebf8856e296,Stack 25 - Steel Plant 5,21.45,81.75,2026-03-13T08:00,NO2,0.4,ug/m3,open-meteo-cams
0b0f2abf-2651-4e7e-9b10-bebf8856e296,Stack 25 - Steel Plant 5,21.45,81.75,2026-03-13T08:00,SO2,8.7,ug/m3,open-meteo-cams
0b0f2abf-2651-4e7e-9b10-bebf8856e296,Stack 25 - Steel Plant 5,21.45,81.75,2026-03-13T09:00,PM2.5,12.2,ug/m3,open-meteo-cams
0b0f2abf-2651-4e7e-9b10-bebf8856e296,Stack 25 - Steel Plant 5,21.45,81.75,2026-03-13T09:00,NO2,0.7,ug/m3,open-meteo-cams
0b0f2abf-2651-4e7e-9b10-bebf8856e296,Stack 25 - Steel Plant 5,21.45,81.75,2026-03-13T09:00,SO2,6.3,ug/m3,open-meteo-cams
0b0f2abf-2651-4e7e-9b10-bebf8856e296,Stack 25 - Steel Plant 5,21.45,81.75,2026-03-13T10:00,PM2.5,11.3,ug/m3,open-meteo-cams
0b0f2abf-2651-4e7e-9b10-bebf8856e296,Stack 25 - Steel Plant 5,21.45,81.75,2026-03-13T10:00,NO2,1.4,ug/m3,open-meteo-cams
0b0f2abf-2651-4e7e-9b10-bebf8856e296,Stack 25 - Steel Plant 5,21.45,81.75,2026-03-13T10:00,SO2,5.3,ug/m3,open-meteo-cams
0b0f2abf-2651-4e7e-9b10-bebf8856e296,Stack 25 - Steel Plant 5,21.45,81.75,2026-03-13T11:00,PM2.5,11.1,ug/m3,open-meteo-cams
0b0f2abf-2651-4e7e-9b10-bebf8856e296,Stack 25 - Steel Plant 5,21.45,81.75,2026-03-13T11:00,NO2,2.6,ug/m3,open-meteo-cams
0b0f2abf-2651-4e7e-9b10-bebf8856e296,Stack 25 - Steel Plant 5,21.45,81.75,2026-03-13T11:00,SO2,4.9,ug/m3,open-meteo-cams
0b0f2abf-2651-4e7e-9b10-bebf8856e296,Stack 25 - Steel Plant 5,21.45,81.75,2026-03-13T12:00,PM2.5,16.6,ug/m3,open-meteo-cams
0b0f2abf-2651-4e7e-9b10-bebf8856e296,Stack 25 - Steel Plant 5,21.45,81.75,2026-03-13T12:00,NO2,5.1,ug/m3,open-meteo-cams
0b0f2abf-2651-4e7e-9b10-bebf8856e296,Stack 25 - Steel Plant 5,21.45,81.75,2026-03-13T12:00,SO2,5.4,ug/m3,open-meteo-cams
0b0f2abf-2651-4e7e-9b10-bebf8856e296,Stack 25 - Steel Plant 5,21.45,81.75,2026-03-13T13:00,PM2.5,25.4,ug/m3,open-meteo-cams
0b0f2abf-2651-4e7e-9b10-bebf8856e296,Stack 25 - Steel Plant 5,21.45,81.75,2026-03-13T13:00,NO2,9.8,ug/m3,open-meteo-cams
0b0f2abf-2651-4e7e-9b10-bebf8856e296,Stack 25 - Steel Plant 5,21.45,81.75,2026-03-13T13:00,SO2,7.2,ug/m3,open-meteo-cams
0b0f2abf-2651-4e7e-9b10-bebf8856e296,Stack 25 - Steel Plant 5,21.45,81.75,2026-03-13T14:00,PM2.5,31.0,ug/m3,open-meteo-cams
0b0f2abf-2651-4e7e-9b10-bebf8856e296,Stack 25 - Steel Plant 5,21.45,81.75,2026-03-13T14:00,NO2,15.7,ug/m3,open-meteo-cams
0b0f2abf-2651-4e7e-9b10-bebf8856e296,Stack 25 - Steel Plant 5,21.45,81.75,2026-03-13T14:00,SO2,9.7,ug/m3,open-meteo-cams
0b0f2abf-2651-4e7e-9b10-bebf8856e296,Stack 25 - Steel Plant 5,21.45,81.75,2026-03-13T15:00,PM2.5,32.5,ug/m3,open-meteo-cams
0b0f2abf-2651-4e7e-9b10-bebf8856e296,Stack 25 - Steel Plant 5,21.45,81.75,2026-03-13T15:00,NO2,20.5,ug/m3,open-meteo-cams
0b0f2abf-2651-4e7e-9b10-bebf8856e296,Stack 25 - Steel Plant 5,21.45,81.75,2026-03-13T15:00,SO2,11.7,ug/m3,open-meteo-cams
0b0f2abf-2651-4e7e-9b10-bebf8856e296,Stack 25 - Steel Plant 5,21.45,81.75,2026-03-13T16:00,PM2.5,34.9,ug/m3,open-meteo-cams
0b0f2abf-2651-4e7e-9b10-bebf8856e296,Stack 25 - Steel Plant 5,21.45,81.75,2026-03-13T16:00,NO2,23.1,ug/m3,open-meteo-cams
0b0f2abf-2651-4e7e-9b10-bebf8856e296,Stack 25 - Steel Plant 5,21.45,81.75,2026-03-13T16:00,SO2,12.5,ug/m3,open-meteo-cams
0b0f2abf-2651-4e7e-9b10-bebf8856e296,Stack 25 - Steel Plant 5,21.45,81.75,2026-03-13T17:00,PM2.5,39.5,ug/m3,open-meteo-cams
0b0f2abf-2651-4e7e-9b10-bebf8856e296,Stack 25 - Steel Plant 5,21.45,81.75,2026-03-13T17:00,NO2,24.5,ug/m3,open-meteo-cams
0b0f2abf-2651-4e7e-9b10-bebf8856e296,Stack 25 - Steel Plant 5,21.45,81.75,2026-03-13T17:00,SO2,12.7,ug/m3,open-meteo-cams
0b0f2abf-2651-4e7e-9b10-bebf8856e296,Stack 25 - Steel Plant 5,21.45,81.75,2026-03-13T18:00,PM2.5,46.4,ug/m3,open-meteo-cams
0b0f2abf-2651-4e7e-9b10-bebf8856e296,Stack 25 - Steel Plant 5,21.45,81.75,2026-03-13T18:00,NO2,25.5,ug/m3,open-meteo-cams
0b0f2abf-2651-4e7e-9b10-bebf8856e296,Stack 25 - Steel Plant 5,21.45,81.75,2026-03-13T18:00,SO2,12.5,ug/m3,open-meteo-cams
0b0f2abf-2651-4e7e-9b10-bebf8856e296,Stack 25 - Steel Plant 5,21.45,81.75,2026-03-13T19:00,PM2.5,55.8,ug/m3,open-meteo-cams
0b0f2abf-2651-4e7e-9b10-bebf8856e296,Stack 25 - Steel Plant 5,21.45,81.75,2026-03-13T19:00,NO2,25.9,ug/m3,open-meteo-cams
0b0f2abf-2651-4e7e-9b10-bebf8856e296,Stack 25 - Steel Plant 5,21.45,81.75,2026-03-13T19:00,SO2,11.6,ug/m3,open-meteo-cams
0b0f2abf-2651-4e7e-9b10-bebf8856e296,Stack 25 - Steel Plant 5,21.45,81.75,2026-03-13T20:00,PM2.5,60.1,ug/m3,open-meteo-cams
0b0f2abf-2651-4e7e-9b10-bebf8856e296,Stack 25 - Steel Plant 5,21.45,81.75,2026-03-13T20:00,NO2,25.9,ug/m3,open-meteo-cams
0b0f2abf-2651-4e7e-9b10-bebf8856e296,Stack 25 - Steel Plant 5,21.45,81.75,2026-03-13T20:00,SO2,10.4,ug/m3,open-meteo-cams
0b0f2abf-2651-4e7e-9b10-bebf8856e296,Stack 25 - Steel Plant 5,21.45,81.75,2026-03-13T21:00,PM2.5,63.6,ug/m3,open-meteo-cams
0b0f2abf-2651-4e7e-9b10-bebf8856e296,Stack 25 - Steel Plant 5,21.45,81.75,2026-03-13T21:00,NO2,26.4,ug/m3,open-meteo-cams
0b0f2abf-2651-4e7e-9b10-bebf8856e296,Stack 25 - Steel Plant 5,21.45,81.75,2026-03-13T21:00,SO2,9.5,ug/m3,open-meteo-cams
0b0f2abf-2651-4e7e-9b10-bebf8856e296,Stack 25 - Steel Plant 5,21.45,81.75,2026-03-13T22:00,PM2.5,67.8,ug/m3,open-meteo-cams
0b0f2abf-2651-4e7e-9b10-bebf8856e296,Stack 25 - Steel Plant 5,21.45,81.75,2026-03-13T22:00,NO2,28.0,ug/m3,open-meteo-cams
0b0f2abf-2651-4e7e-9b10-bebf8856e296,Stack 25 - Steel Plant 5,21.45,81.75,2026-03-13T22:00,SO2,9.4,ug/m3,open-meteo-cams
0b0f2abf-2651-4e7e-9b10-bebf8856e296,Stack 25 - Steel Plant 5,21.45,81.75,2026-03-13T23:00,PM2.5,71.9,ug/m3,open-meteo-cams
0b0f2abf-2651-4e7e-9b10-bebf8856e296,Stack 25 - Steel Plant 5,21.45,81.75,2026-03-13T23:00,NO2,30.2,ug/m3,open-meteo-cams
0b0f2abf-2651-4e7e-9b10-bebf8856e296,Stack 25 - Steel Plant 5,21.45,81.75,2026-03-13T23:00,SO2,9.8,ug/m3,open-meteo-cams
0b0f2abf-2651-4e7e-9b10-bebf8856e296,Stack 25 - Steel Plant 5,21.45,81.75,2026-03-14T00:00,PM2.5,78.2,ug/m3,open-meteo-cams
0b0f2abf-2651-4e7e-9b10-bebf8856e296,Stack 25 - Steel Plant 5,21.45,81.75,2026-03-14T00:00,NO2,31.7,ug/m3,open-meteo-cams
0b0f2abf-2651-4e7e-9b10-bebf8856e296,Stack 25 - Steel Plant 5,21.45,81.75,2026-03-14T00:00,SO2,10.3,ug/m3,open-meteo-cams
0b0f2abf-2651-4e7e-9b10-bebf8856e296,Stack 25 - Steel Plant 5,21.45,81.75,2026-03-14T01:00,PM2.5,82.9,ug/m3,open-meteo-cams
0b0f2abf-2651-4e7e-9b10-bebf8856e296,Stack 25 - Steel Plant 5,21.45,81.75,2026-03-14T01:00,NO2,32.9,ug/m3,open-meteo-cams
0b0f2abf-2651-4e7e-9b10-bebf8856e296,Stack 25 - Steel Plant 5,21.45,81.75,2026-03-14T01:00,SO2,11.2,ug/m3,open-meteo-cams
0b0f2abf-2651-4e7e-9b10-bebf8856e296,Stack 25 - Steel Plant 5,21.45,81.75,2026-03-14T02:00,PM2.5,76.1,ug/m3,open-meteo-cams
0b0f2abf-2651-4e7e-9b10-bebf8856e296,Stack 25 - Steel Plant 5,21.45,81.75,2026-03-14T02:00,NO2,33.5,ug/m3,open-meteo-cams
0b0f2abf-2651-4e7e-9b10-bebf8856e296,Stack 25 - Steel Plant 5,21.45,81.75,2026-03-14T02:00,SO2,12.3,ug/m3,open-meteo-cams
0b0f2abf-2651-4e7e-9b10-bebf8856e296,Stack 25 - Steel Plant 5,21.45,81.75,2026-03-14T03:00,PM2.5,61.5,ug/m3,open-meteo-cams
0b0f2abf-2651-4e7e-9b10-bebf8856e296,Stack 25 - Steel Plant 5,21.45,81.75,2026-03-14T03:00,NO2,31.5,ug/m3,open-meteo-cams
0b0f2abf-2651-4e7e-9b10-bebf8856e296,Stack 25 - Steel Plant 5,21.45,81.75,2026-03-14T03:00,SO2,12.9,ug/m3,open-meteo-cams
0b0f2abf-2651-4e7e-9b10-bebf8856e296,Stack 25 - Steel Plant 5,21.45,81.75,2026-03-14T04:00,PM2.5,51.2,ug/m3,open-meteo-cams
0b0f2abf-2651-4e7e-9b10-bebf8856e296,Stack 25 - Steel Plant 5,21.45,81.75,2026-03-14T04:00,NO2,24.8,ug/m3,open-meteo-cams
0b0f2abf-2651-4e7e-9b10-bebf8856e296,Stack 25 - Steel Plant 5,21.45,81.75,2026-03-14T04:00,SO2,12.8,ug/m3,open-meteo-cams
0b0f2abf-2651-4e7e-9b10-bebf8856e296,Stack 25 - Steel Plant 5,21.45,81.75,2026-03-14T05:00,PM2.5,44.9,ug/m3,open-meteo-cams
0b0f2abf-2651-4e7e-9b10-bebf8856e296,Stack 25 - Steel Plant 5,21.45,81.75,2026-03-14T05:00,NO2,15.5,ug/m3,open-meteo-cams
0b0f2abf-2651-4e7e-9b10-bebf8856e296,Stack 25 - Steel Plant 5,21.45,81.75,2026-03-14T05:00,SO2,12.3,ug/m3,open-meteo-cams
0b0f2abf-2651-4e7e-9b10-bebf8856e296,Stack 25 - Steel Plant 5,21.45,81.75,2026-03-14T06:00,PM2.5,36.8,ug/m3,open-meteo-cams
0b0f2abf-2651-4e7e-9b10-bebf8856e296,Stack 25 - Steel Plant 5,21.45,81.75,2026-03-14T06:00,NO2,8.2,ug/m3,open-meteo-cams
0b0f2abf-2651-4e7e-9b10-bebf8856e296,Stack 25 - Steel Plant 5,21.45,81.75,2026-03-14T06:00,SO2,11.3,ug/m3,open-meteo-cams
0b0f2abf-2651-4e7e-9b10-bebf8856e296,Stack 25 - Steel Plant 5,21.45,81.75,2026-03-14T07:00,PM2.5,31.4,ug/m3,open-meteo-cams
0b0f2abf-2651-4e7e-9b10-bebf8856e296,Stack 25 - Steel Plant 5,21.45,81.75,2026-03-14T07:00,NO2,4.5,ug/m3,open-meteo-cams
0b0f2abf-2651-4e7e-9b10-bebf8856e296,Stack 25 - Steel Plant 5,21.45,81.75,2026-03-14T07:00,SO2,9.6,ug/m3,open-meteo-cams
0b0f2abf-2651-4e7e-9b10-bebf8856e296,Stack 25 - Steel Plant 5,21.45,81.75,2026-03-14T08:00,PM2.5,23.3,ug/m3,open-meteo-cams
0b0f2abf-2651-4e7e-9b10-bebf8856e296,Stack 25 - Steel Plant 5,21.45,81.75,2026-03-14T08:00,NO2,2.6,ug/m3,open-meteo-cams
0b0f2abf-2651-4e7e-9b10-bebf8856e296,Stack 25 - Steel Plant 5,21.45,81.75,2026-03-14T08:00,SO2,7.4,ug/m3,open-meteo-cams
0b0f2abf-2651-4e7e-9b10-bebf8856e296,Stack 25 - Steel Plant 5,21.45,81.75,2026-03-14T09:00,PM2.5,19.0,ug/m3,open-meteo-cams
0b0f2abf-2651-4e7e-9b10-bebf8856e296,Stack 25 - Steel Plant 5,21.45,81.75,2026-03-14T09:00,NO2,2.1,ug/m3,open-meteo-cams
0b0f2abf-2651-4e7e-9b10-bebf8856e296,Stack 25 - Steel Plant 5,21.45,81.75,2026-03-14T09:00,SO2,5.9,ug/m3,open-meteo-cams
0b0f2abf-2651-4e7e-9b10-bebf8856e296,Stack 25 - Steel Plant 5,21.45,81.75,2026-03-14T10:00,PM2.5,18.1,ug/m3,open-meteo-cams
0b0f2abf-2651-4e7e-9b10-bebf8856e296,Stack 25 - Steel Plant 5,21.45,81.75,2026-03-14T10:00,NO2,2.7,ug/m3,open-meteo-cams
0b0f2abf-2651-4e7e-9b10-bebf8856e296,Stack 25 - Steel Plant 5,21.45,81.75,2026-03-14T10:00,SO2,5.4,ug/m3,open-meteo-cams
0b0f2abf-2651-4e7e-9b10-bebf8856e296,Stack 25 - Steel Plant 5,21.45,81.75,2026-03-14T11:00,PM2.5,18.2,ug/m3,open-meteo-cams
0b0f2abf-2651-4e7e-9b10-bebf8856e296,Stack 25 - Steel Plant 5,21.45,81.75,2026-03-14T11:00,NO2,4.6,ug/m3,open-meteo-cams
0b0f2abf-2651-4e7e-9b10-bebf8856e296,Stack 25 - Steel Plant 5,21.45,81.75,2026-03-14T11:00,SO2,5.6,ug/m3,open-meteo-cams
0b0f2abf-2651-4e7e-9b10-bebf8856e296,Stack 25 - Steel Plant 5,21.45,81.75,2026-03-14T12:00,PM2.5,24.2,ug/m3,open-meteo-cams
0b0f2abf-2651-4e7e-9b10-bebf8856e296,Stack 25 - Steel Plant 5,21.45,81.75,2026-03-14T12:00,NO2,7.7,ug/m3,open-meteo-cams
0b0f2abf-2651-4e7e-9b10-bebf8856e296,Stack 25 - Steel Plant 5,21.45,81.75,2026-03-14T12:00,SO2,6.4,ug/m3,open-meteo-cams
0b0f2abf-2651-4e7e-9b10-bebf8856e296,Stack 25 - Steel Plant 5,21.45,81.75,2026-03-14T13:00,PM2.5,33.5,ug/m3,open-meteo-cams
0b0f2abf-2651-4e7e-9b10-bebf8856e296,Stack 25 - Steel Plant 5,21.45,81.75,2026-03-14T13:00,NO2,12.5,ug/m3,open-meteo-cams
0b0f2abf-2651-4e7e-9b10-bebf8856e296,Stack 25 - Steel Plant 5,21.45,81.75,2026-03-14T13:00,SO2,8.1,ug/m3,open-meteo-cams
0b0f2abf-2651-4e7e-9b10-bebf8856e296,Stack 25 - Steel Plant 5,21.45,81.75,2026-03-14T14:00,PM2.5,37.5,ug/m3,open-meteo-cams
0b0f2abf-2651-4e7e-9b10-bebf8856e296,Stack 25 - Steel Plant 5,21.45,81.75,2026-03-14T14:00,NO2,18.4,ug/m3,open-meteo-cams
0b0f2abf-2651-4e7e-9b10-bebf8856e296,Stack 25 - Steel Plant 5,21.45,81.75,2026-03-14T14:00,SO2,10.4,ug/m3,open-meteo-cams
0b0f2abf-2651-4e7e-9b10-bebf8856e296,Stack 25 - Steel Plant 5,21.45,81.75,2026-03-14T15:00,PM2.5,38.9,ug/m3,open-meteo-cams
0b0f2abf-2651-4e7e-9b10-bebf8856e296,Stack 25 - Steel Plant 5,21.45,81.75,2026-03-14T15:00,NO2,23.5,ug/m3,open-meteo-cams
0b0f2abf-2651-4e7e-9b10-bebf8856e296,Stack 25 - Steel Plant 5,21.45,81.75,2026-03-14T15:00,SO2,12.1,ug/m3,open-meteo-cams
0b0f2abf-2651-4e7e-9b10-bebf8856e296,Stack 25 - Steel Plant 5,21.45,81.75,2026-03-14T16:00,PM2.5,41.4,ug/m3,open-meteo-cams
0b0f2abf-2651-4e7e-9b10-bebf8856e296,Stack 25 - Steel Plant 5,21.45,81.75,2026-03-14T16:00,NO2,26.9,ug/m3,open-meteo-cams
0b0f2abf-2651-4e7e-9b10-bebf8856e296,Stack 25 - Steel Plant 5,21.45,81.75,2026-03-14T16:00,SO2,12.6,ug/m3,open-meteo-cams
0b0f2abf-2651-4e7e-9b10-bebf8856e296,Stack 25 - Steel Plant 5,21.45,81.75,2026-03-14T17:00,PM2.5,44.8,ug/m3,open-meteo-cams
0b0f2abf-2651-4e7e-9b10-bebf8856e296,Stack 25 - Steel Plant 5,21.45,81.75,2026-03-14T17:00,NO2,29.4,ug/m3,open-meteo-cams
0b0f2abf-2651-4e7e-9b10-bebf8856e296,Stack 25 - Steel Plant 5,21.45,81.75,2026-03-14T17:00,SO2,12.5,ug/m3,open-meteo-cams
0b0f2abf-2651-4e7e-9b10-bebf8856e296,Stack 25 - Steel Plant 5,21.45,81.75,2026-03-14T18:00,PM2.5,48.0,ug/m3,open-meteo-cams
0b0f2abf-2651-4e7e-9b10-bebf8856e296,Stack 25 - Steel Plant 5,21.45,81.75,2026-03-14T18:00,NO2,31.3,ug/m3,open-meteo-cams
0b0f2abf-2651-4e7e-9b10-bebf8856e296,Stack 25 - Steel Plant 5,21.45,81.75,2026-03-14T18:00,SO2,12.2,ug/m3,open-meteo-cams
0b0f2abf-2651-4e7e-9b10-bebf8856e296,Stack 25 - Steel Plant 5,21.45,81.75,2026-03-14T19:00,PM2.5,50.4,ug/m3,open-meteo-cams
0b0f2abf-2651-4e7e-9b10-bebf8856e296,Stack 25 - Steel Plant 5,21.45,81.75,2026-03-14T19:00,NO2,32.9,ug/m3,open-meteo-cams
0b0f2abf-2651-4e7e-9b10-bebf8856e296,Stack 25 - Steel Plant 5,21.45,81.75,2026-03-14T19:00,SO2,11.9,ug/m3,open-meteo-cams
0b0f2abf-2651-4e7e-9b10-bebf8856e296,Stack 25 - Steel Plant 5,21.45,81.75,2026-03-14T20:00,PM2.5,53.2,ug/m3,open-meteo-cams
0b0f2abf-2651-4e7e-9b10-bebf8856e296,Stack 25 - Steel Plant 5,21.45,81.75,2026-03-14T20:00,NO2,34.0,ug/m3,open-meteo-cams
0b0f2abf-2651-4e7e-9b10-bebf8856e296,Stack 25 - Steel Plant 5,21.45,81.75,2026-03-14T20:00,SO2,11.5,ug/m3,open-meteo-cams
0b0f2abf-2651-4e7e-9b10-bebf8856e296,Stack 25 - Steel Plant 5,21.45,81.75,2026-03-14T21:00,PM2.5,56.5,ug/m3,open-meteo-cams
0b0f2abf-2651-4e7e-9b10-bebf8856e296,Stack 25 - Steel Plant 5,21.45,81.75,2026-03-14T21:00,NO2,34.0,ug/m3,open-meteo-cams
0b0f2abf-2651-4e7e-9b10-bebf8856e296,Stack 25 - Steel Plant 5,21.45,81.75,2026-03-14T21:00,SO2,11.1,ug/m3,open-meteo-cams
0b0f2abf-2651-4e7e-9b10-bebf8856e296,Stack 25 - Steel Plant 5,21.45,81.75,2026-03-14T22:00,PM2.5,60.1,ug/m3,open-meteo-cams
0b0f2abf-2651-4e7e-9b10-bebf8856e296,Stack 25 - Steel Plant 5,21.45,81.75,2026-03-14T22:00,NO2,32.5,ug/m3,open-meteo-cams
0b0f2abf-2651-4e7e-9b10-bebf8856e296,Stack 25 - Steel Plant 5,21.45,81.75,2026-03-14T22:00,SO2,10.5,ug/m3,open-meteo-cams
0b0f2abf-2651-4e7e-9b10-bebf8856e296,Stack 25 - Steel Plant 5,21.45,81.75,2026-03-14T23:00,PM2.5,60.8,ug/m3,open-meteo-cams
0b0f2abf-2651-4e7e-9b10-bebf8856e296,Stack 25 - Steel Plant 5,21.45,81.75,2026-03-14T23:00,NO2,30.0,ug/m3,open-meteo-cams
0b0f2abf-2651-4e7e-9b10-bebf8856e296,Stack 25 - Steel Plant 5,21.45,81.75,2026-03-14T23:00,SO2,9.9,ug/m3,open-meteo-cams
983886b4-0abb-4f89-986e-0b81adbcb804,CG001,21.45,81.75,2026-03-13T00:00,PM2.5,65.9,ug/m3,open-meteo-cams
983886b4-0abb-4f89-986e-0b81adbcb804,CG001,21.45,81.75,2026-03-13T00:00,NO2,23.5,ug/m3,open-meteo-cams
983886b4-0abb-4f89-986e-0b81adbcb804,CG001,21.45,81.75,2026-03-13T00:00,SO2,7.6,ug/m3,open-meteo-cams
983886b4-0abb-4f89-986e-0b81adbcb804,CG001,21.45,81.75,2026-03-13T01:00,PM2.5,68.9,ug/m3,open-meteo-cams
983886b4-0abb-4f89-986e-0b81adbcb804,CG001,21.45,81.75,2026-03-13T01:00,NO2,19.7,ug/m3,open-meteo-cams
983886b4-0abb-4f89-986e-0b81adbcb804,CG001,21.45,81.75,2026-03-13T01:00,SO2,7.9,ug/m3,open-meteo-cams
983886b4-0abb-4f89-986e-0b81adbcb804,CG001,21.45,81.75,2026-03-13T02:00,PM2.5,73.6,ug/m3,open-meteo-cams
983886b4-0abb-4f89-986e-0b81adbcb804,CG001,21.45,81.75,2026-03-13T02:00,NO2,14.3,ug/m3,open-meteo-cams
983886b4-0abb-4f89-986e-0b81adbcb804,CG001,21.45,81.75,2026-03-13T02:00,SO2,8.5,ug/m3,open-meteo-cams
983886b4-0abb-4f89-986e-0b81adbcb804,CG001,21.45,81.75,2026-03-13T03:00,PM2.5,55.9,ug/m3,open-meteo-cams
983886b4-0abb-4f89-986e-0b81adbcb804,CG001,21.45,81.75,2026-03-13T03:00,NO2,9.6,ug/m3,open-meteo-cams
983886b4-0abb-4f89-986e-0b81adbcb804,CG001,21.45,81.75,2026-03-13T03:00,SO2,9.3,ug/m3,open-meteo-cams
983886b4-0abb-4f89-986e-0b81adbcb804,CG001,21.45,81.75,2026-03-13T04:00,PM2.5,38.1,ug/m3,open-meteo-cams
983886b4-0abb-4f89-986e-0b81adbcb804,CG001,21.45,81.75,2026-03-13T04:00,NO2,6.3,ug/m3,open-meteo-cams
983886b4-0abb-4f89-986e-0b81adbcb804,CG001,21.45,81.75,2026-03-13T04:00,SO2,11.0,ug/m3,open-meteo-cams
983886b4-0abb-4f89-986e-0b81adbcb804,CG001,21.45,81.75,2026-03-13T05:00,PM2.5,24.7,ug/m3,open-meteo-cams
983886b4-0abb-4f89-986e-0b81adbcb804,CG001,21.45,81.75,2026-03-13T05:00,NO2,3.7,ug/m3,open-meteo-cams
983886b4-0abb-4f89-986e-0b81adbcb804,CG001,21.45,81.75,2026-03-13T05:00,SO2,12.9,ug/m3,open-meteo-cams
983886b4-0abb-4f89-986e-0b81adbcb804,CG001,21.45,81.75,2026-03-13T06:00,PM2.5,17.9,ug/m3,open-meteo-cams
983886b4-0abb-4f89-986e-0b81adbcb804,CG001,21.45,81.75,2026-03-13T06:00,NO2,1.8,ug/m3,open-meteo-cams
983886b4-0abb-4f89-986e-0b81adbcb804,CG001,21.45,81.75,2026-03-13T06:00,SO2,13.6,ug/m3,open-meteo-cams
983886b4-0abb-4f89-986e-0b81adbcb804,CG001,21.45,81.75,2026-03-13T07:00,PM2.5,14.9,ug/m3,open-meteo-cams
983886b4-0abb-4f89-986e-0b81adbcb804,CG001,21.45,81.75,2026-03-13T07:00,NO2,0.7,ug/m3,open-meteo-cams
983886b4-0abb-4f89-986e-0b81adbcb804,CG001,21.45,81.75,2026-03-13T07:00,SO2,11.8,ug/m3,open-meteo-cams
983886b4-0abb-4f89-986e-0b81adbcb804,CG001,21.45,81.75,2026-03-13T08:00,PM2.5,13.4,ug/m3,open-meteo-cams
983886b4-0abb-4f89-986e-0b81adbcb804,CG001,21.45,81.75,2026-03-13T08:00,NO2,0.4,ug/m3,open-meteo-cams
983886b4-0abb-4f89-986e-0b81adbcb804,CG001,21.45,81.75,2026-03-13T08:00,SO2,8.7,ug/m3,open-meteo-cams
983886b4-0abb-4f89-986e-0b81adbcb804,CG001,21.45,81.75,2026-03-13T09:00,PM2.5,12.2,ug/m3,open-meteo-cams
983886b4-0abb-4f89-986e-0b81adbcb804,CG001,21.45,81.75,2026-03-13T09:00,NO2,0.7,ug/m3,open-meteo-cams
983886b4-0abb-4f89-986e-0b81adbcb804,CG001,21.45,81.75,2026-03-13T09:00,SO2,6.3,ug/m3,open-meteo-cams
983886b4-0abb-4f89-986e-0b81adbcb804,CG001,21.45,81.75,2026-03-13T10:00,PM2.5,11.3,ug/m3,open-meteo-cams
983886b4-0abb-4f89-986e-0b81adbcb804,CG001,21.45,81.75,2026-03-13T10:00,NO2,1.4,ug/m3,open-meteo-cams
983886b4-0abb-4f89-986e-0b81adbcb804,CG001,21.45,81.75,2026-03-13T10:00,SO2,5.3,ug/m3,open-meteo-cams
983886b4-0abb-4f89-986e-0b81adbcb804,CG001,21.45,81.75,2026-03-13T11:00,PM2.5,11.1,ug/m3,open-meteo-cams
983886b4-0abb-4f89-986e-0b81adbcb804,CG001,21.45,81.75,2026-03-13T11:00,NO2,2.6,ug/m3,open-meteo-cams
983886b4-0abb-4f89-986e-0b81adbcb804,CG001,21.45,81.75,2026-03-13T11:00,SO2,4.9,ug/m3,open-meteo-cams
983886b4-0abb-4f89-986e-0b81adbcb804,CG001,21.45,81.75,2026-03-13T12:00,PM2.5,16.6,ug/m3,open-meteo-cams
983886b4-0abb-4f89-986e-0b81adbcb804,CG001,21.45,81.75,2026-03-13T12:00,NO2,5.1,ug/m3,open-meteo-cams
983886b4-0abb-4f89-986e-0b81adbcb804,CG001,21.45,81.75,2026-03-13T12:00,SO2,5.4,ug/m3,open-meteo-cams
983886b4-0abb-4f89-986e-0b81adbcb804,CG001,21.45,81.75,2026-03-13T13:00,PM2.5,25.4,ug/m3,open-meteo-cams
983886b4-0abb-4f89-986e-0b81adbcb804,CG001,21.45,81.75,2026-03-13T13:00,NO2,9.8,ug/m3,open-meteo-cams
983886b4-0abb-4f89-986e-0b81adbcb804,CG001,21.45,81.75,2026-03-13T13:00,SO2,7.2,ug/m3,open-meteo-cams
983886b4-0abb-4f89-986e-0b81adbcb804,CG001,21.45,81.75,2026-03-13T14:00,PM2.5,31.0,ug/m3,open-meteo-cams
983886b4-0abb-4f89-986e-0b81adbcb804,CG001,21.45,81.75,2026-03-13T14:00,NO2,15.7,ug/m3,open-meteo-cams
983886b4-0abb-4f89-986e-0b81adbcb804,CG001,21.45,81.75,2026-03-13T14:00,SO2,9.7,ug/m3,open-meteo-cams
983886b4-0abb-4f89-986e-0b81adbcb804,CG001,21.45,81.75,2026-03-13T15:00,PM2.5,32.5,ug/m3,open-meteo-cams
983886b4-0abb-4f89-986e-0b81adbcb804,CG001,21.45,81.75,2026-03-13T15:00,NO2,20.5,ug/m3,open-meteo-cams
983886b4-0abb-4f89-986e-0b81adbcb804,CG001,21.45,81.75,2026-03-13T15:00,SO2,11.7,ug/m3,open-meteo-cams
983886b4-0abb-4f89-986e-0b81adbcb804,CG001,21.45,81.75,2026-03-13T16:00,PM2.5,34.9,ug/m3,open-meteo-cams
983886b4-0abb-4f89-986e-0b81adbcb804,CG001,21.45,81.75,2026-03-13T16:00,NO2,23.1,ug/m3,open-meteo-cams
983886b4-0abb-4f89-986e-0b81adbcb804,CG001,21.45,81.75,2026-03-13T16:00,SO2,12.5,ug/m3,open-meteo-cams
983886b4-0abb-4f89-986e-0b81adbcb804,CG001,21.45,81.75,2026-03-13T17:00,PM2.5,39.5,ug/m3,open-meteo-cams
983886b4-0abb-4f89-986e-0b81adbcb804,CG001,21.45,81.75,2026-03-13T17:00,NO2,24.5,ug/m3,open-meteo-cams
983886b4-0abb-4f89-986e-0b81adbcb804,CG001,21.45,81.75,2026-03-13T17:00,SO2,12.7,ug/m3,open-meteo-cams
983886b4-0abb-4f89-986e-0b81adbcb804,CG001,21.45,81.75,2026-03-13T18:00,PM2.5,46.4,ug/m3,open-meteo-cams
983886b4-0abb-4f89-986e-0b81adbcb804,CG001,21.45,81.75,2026-03-13T18:00,NO2,25.5,ug/m3,open-meteo-cams
983886b4-0abb-4f89-986e-0b81adbcb804,CG001,21.45,81.75,2026-03-13T18:00,SO2,12.5,ug/m3,open-meteo-cams
983886b4-0abb-4f89-986e-0b81adbcb804,CG001,21.45,81.75,2026-03-13T19:00,PM2.5,55.8,ug/m3,open-meteo-cams
983886b4-0abb-4f89-986e-0b81adbcb804,CG001,21.45,81.75,2026-03-13T19:00,NO2,25.9,ug/m3,open-meteo-cams
983886b4-0abb-4f89-986e-0b81adbcb804,CG001,21.45,81.75,2026-03-13T19:00,SO2,11.6,ug/m3,open-meteo-cams
983886b4-0abb-4f89-986e-0b81adbcb804,CG001,21.45,81.75,2026-03-13T20:00,PM2.5,60.1,ug/m3,open-meteo-cams
983886b4-0abb-4f89-986e-0b81adbcb804,CG001,21.45,81.75,2026-03-13T20:00,NO2,25.9,ug/m3,open-meteo-cams
983886b4-0abb-4f89-986e-0b81adbcb804,CG001,21.45,81.75,2026-03-13T20:00,SO2,10.4,ug/m3,open-meteo-cams
983886b4-0abb-4f89-986e-0b81adbcb804,CG001,21.45,81.75,2026-03-13T21:00,PM2.5,63.6,ug/m3,open-meteo-cams
983886b4-0abb-4f89-986e-0b81adbcb804,CG001,21.45,81.75,2026-03-13T21:00,NO2,26.4,ug/m3,open-meteo-cams
983886b4-0abb-4f89-986e-0b81adbcb804,CG001,21.45,81.75,2026-03-13T21:00,SO2,9.5,ug/m3,open-meteo-cams
983886b4-0abb-4f89-986e-0b81adbcb804,CG001,21.45,81.75,2026-03-13T22:00,PM2.5,67.8,ug/m3,open-meteo-cams
983886b4-0abb-4f89-986e-0b81adbcb804,CG001,21.45,81.75,2026-03-13T22:00,NO2,28.0,ug/m3,open-meteo-cams
983886b4-0abb-4f89-986e-0b81adbcb804,CG001,21.45,81.75,2026-03-13T22:00,SO2,9.4,ug/m3,open-meteo-cams
983886b4-0abb-4f89-986e-0b81adbcb804,CG001,21.45,81.75,2026-03-13T23:00,PM2.5,71.9,ug/m3,open-meteo-cams
983886b4-0abb-4f89-986e-0b81adbcb804,CG001,21.45,81.75,2026-03-13T23:00,NO2,30.2,ug/m3,open-meteo-cams
983886b4-0abb-4f89-986e-0b81adbcb804,CG001,21.45,81.75,2026-03-13T23:00,SO2,9.8,ug/m3,open-meteo-cams
983886b4-0abb-4f89-986e-0b81adbcb804,CG001,21.45,81.75,2026-03-14T00:00,PM2.5,78.2,ug/m3,open-meteo-cams
983886b4-0abb-4f89-986e-0b81adbcb804,CG001,21.45,81.75,2026-03-14T00:00,NO2,31.7,ug/m3,open-meteo-cams
983886b4-0abb-4f89-986e-0b81adbcb804,CG001,21.45,81.75,2026-03-14T00:00,SO2,10.3,ug/m3,open-meteo-cams
983886b4-0abb-4f89-986e-0b81adbcb804,CG001,21.45,81.75,2026-03-14T01:00,PM2.5,82.9,ug/m3,open-meteo-cams
983886b4-0abb-4f89-986e-0b81adbcb804,CG001,21.45,81.75,2026-03-14T01:00,NO2,32.9,ug/m3,open-meteo-cams
983886b4-0abb-4f89-986e-0b81adbcb804,CG001,21.45,81.75,2026-03-14T01:00,SO2,11.2,ug/m3,open-meteo-cams
983886b4-0abb-4f89-986e-0b81adbcb804,CG001,21.45,81.75,2026-03-14T02:00,PM2.5,76.1,ug/m3,open-meteo-cams
983886b4-0abb-4f89-986e-0b81adbcb804,CG001,21.45,81.75,2026-03-14T02:00,NO2,33.5,ug/m3,open-meteo-cams
983886b4-0abb-4f89-986e-0b81adbcb804,CG001,21.45,81.75,2026-03-14T02:00,SO2,12.3,ug/m3,open-meteo-cams
983886b4-0abb-4f89-986e-0b81adbcb804,CG001,21.45,81.75,2026-03-14T03:00,PM2.5,61.5,ug/m3,open-meteo-cams
983886b4-0abb-4f89-986e-0b81adbcb804,CG001,21.45,81.75,2026-03-14T03:00,NO2,31.5,ug/m3,open-meteo-cams
983886b4-0abb-4f89-986e-0b81adbcb804,CG001,21.45,81.75,2026-03-14T03:00,SO2,12.9,ug/m3,open-meteo-cams
983886b4-0abb-4f89-986e-0b81adbcb804,CG001,21.45,81.75,2026-03-14T04:00,PM2.5,51.2,ug/m3,open-meteo-cams
983886b4-0abb-4f89-986e-0b81adbcb804,CG001,21.45,81.75,2026-03-14T04:00,NO2,24.8,ug/m3,open-meteo-cams
983886b4-0abb-4f89-986e-0b81adbcb804,CG001,21.45,81.75,2026-03-14T04:00,SO2,12.8,ug/m3,open-meteo-cams
983886b4-0abb-4f89-986e-0b81adbcb804,CG001,21.45,81.75,2026-03-14T05:00,PM2.5,44.9,ug/m3,open-meteo-cams
983886b4-0abb-4f89-986e-0b81adbcb804,CG001,21.45,81.75,2026-03-14T05:00,NO2,15.5,ug/m3,open-meteo-cams
983886b4-0abb-4f89-986e-0b81adbcb804,CG001,21.45,81.75,2026-03-14T05:00,SO2,12.3,ug/m3,open-meteo-cams
983886b4-0abb-4f89-986e-0b81adbcb804,CG001,21.45,81.75,2026-03-14T06:00,PM2.5,36.8,ug/m3,open-meteo-cams
983886b4-0abb-4f89-986e-0b81adbcb804,CG001,21.45,81.75,2026-03-14T06:00,NO2,8.2,ug/m3,open-meteo-cams
983886b4-0abb-4f89-986e-0b81adbcb804,CG001,21.45,81.75,2026-03-14T06:00,SO2,11.3,ug/m3,open-meteo-cams
983886b4-0abb-4f89-986e-0b81adbcb804,CG001,21.45,81.75,2026-03-14T07:00,PM2.5,31.4,ug/m3,open-meteo-cams
983886b4-0abb-4f89-986e-0b81adbcb804,CG001,21.45,81.75,2026-03-14T07:00,NO2,4.5,ug/m3,open-meteo-cams
983886b4-0abb-4f89-986e-0b81adbcb804,CG001,21.45,81.75,2026-03-14T07:00,SO2,9.6,ug/m3,open-meteo-cams
983886b4-0abb-4f89-986e-0b81adbcb804,CG001,21.45,81.75,2026-03-14T08:00,PM2.5,23.3,ug/m3,open-meteo-cams
983886b4-0abb-4f89-986e-0b81adbcb804,CG001,21.45,81.75,2026-03-14T08:00,NO2,2.6,ug/m3,open-meteo-cams
983886b4-0abb-4f89-986e-0b81adbcb804,CG001,21.45,81.75,2026-03-14T08:00,SO2,7.4,ug/m3,open-meteo-cams
983886b4-0abb-4f89-986e-0b81adbcb804,CG001,21.45,81.75,2026-03-14T09:00,PM2.5,19.0,ug/m3,open-meteo-cams
983886b4-0abb-4f89-986e-0b81adbcb804,CG001,21.45,81.75,2026-03-14T09:00,NO2,2.1,ug/m3,open-meteo-cams
983886b4-0abb-4f89-986e-0b81adbcb804,CG001,21.45,81.75,2026-03-14T09:00,SO2,5.9,ug/m3,open-meteo-cams
983886b4-0abb-4f89-986e-0b81adbcb804,CG001,21.45,81.75,2026-03-14T10:00,PM2.5,18.1,ug/m3,open-meteo-cams
983886b4-0abb-4f89-986e-0b81adbcb804,CG001,21.45,81.75,2026-03-14T10:00,NO2,2.7,ug/m3,open-meteo-cams
983886b4-0abb-4f89-986e-0b81adbcb804,CG001,21.45,81.75,2026-03-14T10:00,SO2,5.4,ug/m3,open-meteo-cams
983886b4-0abb-4f89-986e-0b81adbcb804,CG001,21.45,81.75,2026-03-14T11:00,PM2.5,18.2,ug/m3,open-meteo-cams
983886b4-0abb-4f89-986e-0b81adbcb804,CG001,21.45,81.75,2026-03-14T11:00,NO2,4.6,ug/m3,open-meteo-cams
983886b4-0abb-4f89-986e-0b81adbcb804,CG001,21.45,81.75,2026-03-14T11:00,SO2,5.6,ug/m3,open-meteo-cams
983886b4-0abb-4f89-986e-0b81adbcb804,CG001,21.45,81.75,2026-03-14T12:00,PM2.5,24.2,ug/m3,open-meteo-cams
983886b4-0abb-4f89-986e-0b81adbcb804,CG001,21.45,81.75,2026-03-14T12:00,NO2,7.7,ug/m3,open-meteo-cams
983886b4-0abb-4f89-986e-0b81adbcb804,CG001,21.45,81.75,2026-03-14T12:00,SO2,6.4,ug/m3,open-meteo-cams
983886b4-0abb-4f89-986e-0b81adbcb804,CG001,21.45,81.75,2026-03-14T13:00,PM2.5,33.5,ug/m3,open-meteo-cams
983886b4-0abb-4f89-986e-0b81adbcb804,CG001,21.45,81.75,2026-03-14T13:00,NO2,12.5,ug/m3,open-meteo-cams
983886b4-0abb-4f89-986e-0b81adbcb804,CG001,21.45,81.75,2026-03-14T13:00,SO2,8.1,ug/m3,open-meteo-cams
983886b4-0abb-4f89-986e-0b81adbcb804,CG001,21.45,81.75,2026-03-14T14:00,PM2.5,37.5,ug/m3,open-meteo-cams
983886b4-0abb-4f89-986e-0b81adbcb804,CG001,21.45,81.75,2026-03-14T14:00,NO2,18.4,ug/m3,open-meteo-cams
983886b4-0abb-4f89-986e-0b81adbcb804,CG001,21.45,81.75,2026-03-14T14:00,SO2,10.4,ug/m3,open-meteo-cams
983886b4-0abb-4f89-986e-0b81adbcb804,CG001,21.45,81.75,2026-03-14T15:00,PM2.5,38.9,ug/m3,open-meteo-cams
983886b4-0abb-4f89-986e-0b81adbcb804,CG001,21.45,81.75,2026-03-14T15:00,NO2,23.5,ug/m3,open-meteo-cams
983886b4-0abb-4f89-986e-0b81adbcb804,CG001,21.45,81.75,2026-03-14T15:00,SO2,12.1,ug/m3,open-meteo-cams
983886b4-0abb-4f89-986e-0b81adbcb804,CG001,21.45,81.75,2026-03-14T16:00,PM2.5,41.4,ug/m3,open-meteo-cams
983886b4-0abb-4f89-986e-0b81adbcb804,CG001,21.45,81.75,2026-03-14T16:00,NO2,26.9,ug/m3,open-meteo-cams
983886b4-0abb-4f89-986e-0b81adbcb804,CG001,21.45,81.75,2026-03-14T16:00,SO2,12.6,ug/m3,open-meteo-cams
983886b4-0abb-4f89-986e-0b81adbcb804,CG001,21.45,81.75,2026-03-14T17:00,PM2.5,44.8,ug/m3,open-meteo-cams
983886b4-0abb-4f89-986e-0b81adbcb804,CG001,21.45,81.75,2026-03-14T17:00,NO2,29.4,ug/m3,open-meteo-cams
983886b4-0abb-4f89-986e-0b81adbcb804,CG001,21.45,81.75,2026-03-14T17:00,SO2,12.5,ug/m3,open-meteo-cams
983886b4-0abb-4f89-986e-0b81adbcb804,CG001,21.45,81.75,2026-03-14T18:00,PM2.5,48.0,ug/m3,open-meteo-cams
983886b4-0abb-4f89-986e-0b81adbcb804,CG001,21.45,81.75,2026-03-14T18:00,NO2,31.3,ug/m3,open-meteo-cams
983886b4-0abb-4f89-986e-0b81adbcb804,CG001,21.45,81.75,2026-03-14T18:00,SO2,12.2,ug/m3,open-meteo-cams
983886b4-0abb-4f89-986e-0b81adbcb804,CG001,21.45,81.75,2026-03-14T19:00,PM2.5,50.4,ug/m3,open-meteo-cams
983886b4-0abb-4f89-986e-0b81adbcb804,CG001,21.45,81.75,2026-03-14T19:00,NO2,32.9,ug/m3,open-meteo-cams
983886b4-0abb-4f89-986e-0b81adbcb804,CG001,21.45,81.75,2026-03-14T19:00,SO2,11.9,ug/m3,open-meteo-cams
983886b4-0abb-4f89-986e-0b81adbcb804,CG001,21.45,81.75,2026-03-14T20:00,PM2.5,53.2,ug/m3,open-meteo-cams
983886b4-0abb-4f89-986e-0b81adbcb804,CG001,21.45,81.75,2026-03-14T20:00,NO2,34.0,ug/m3,open-meteo-cams
983886b4-0abb-4f89-986e-0b81adbcb804,CG001,21.45,81.75,2026-03-14T20:00,SO2,11.5,ug/m3,open-meteo-cams
983886b4-0abb-4f89-986e-0b81adbcb804,CG001,21.45,81.75,2026-03-14T21:00,PM2.5,56.5,ug/m3,open-meteo-cams
983886b4-0abb-4f89-986e-0b81adbcb804,CG001,21.45,81.75,2026-03-14T21:00,NO2,34.0,ug/m3,open-meteo-cams
983886b4-0abb-4f89-986e-0b81adbcb804,CG001,21.45,81.75,2026-03-14T21:00,SO2,11.1,ug/m3,open-meteo-cams
983886b4-0abb-4f89-986e-0b81adbcb804,CG001,21.45,81.75,2026-03-14T22:00,PM2.5,60.1,ug/m3,open-meteo-cams
983886b4-0abb-4f89-986e-0b81adbcb804,CG001,21.45,81.75,2026-03-14T22:00,NO2,32.5,ug/m3,open-meteo-cams
983886b4-0abb-4f89-986e-0b81adbcb804,CG001,21.45,81.75,2026-03-14T22:00,SO2,10.5,ug/m3,open-meteo-cams
983886b4-0abb-4f89-986e-0b81adbcb804,CG001,21.45,81.75,2026-03-14T23:00,PM2.5,60.8,ug/m3,open-meteo-cams
983886b4-0abb-4f89-986e-0b81adbcb804,CG001,21.45,81.75,2026-03-14T23:00,NO2,30.0,ug/m3,open-meteo-cams
983886b4-0abb-4f89-986e-0b81adbcb804,CG001,21.45,81.75,2026-03-14T23:00,SO2,9.9,ug/m3,open-meteo-cams
e51f83a2-44d5-4f29-84bf-7fbf230a0c90,CG002,21.46,81.758,2026-03-13T00:00,PM2.5,65.9,ug/m3,open-meteo-cams
e51f83a2-44d5-4f29-84bf-7fbf230a0c90,CG002,21.46,81.758,2026-03-13T00:00,NO2,23.5,ug/m3,open-meteo-cams
e51f83a2-44d5-4f29-84bf-7fbf230a0c90,CG002,21.46,81.758,2026-03-13T00:00,SO2,7.6,ug/m3,open-meteo-cams
e51f83a2-44d5-4f29-84bf-7fbf230a0c90,CG002,21.46,81.758,2026-03-13T01:00,PM2.5,68.9,ug/m3,open-meteo-cams
e51f83a2-44d5-4f29-84bf-7fbf230a0c90,CG002,21.46,81.758,2026-03-13T01:00,NO2,19.7,ug/m3,open-meteo-cams
e51f83a2-44d5-4f29-84bf-7fbf230a0c90,CG002,21.46,81.758,2026-03-13T01:00,SO2,7.9,ug/m3,open-meteo-cams
e51f83a2-44d5-4f29-84bf-7fbf230a0c90,CG002,21.46,81.758,2026-03-13T02:00,PM2.5,73.6,ug/m3,open-meteo-cams
e51f83a2-44d5-4f29-84bf-7fbf230a0c90,CG002,21.46,81.758,2026-03-13T02:00,NO2,14.3,ug/m3,open-meteo-cams
e51f83a2-44d5-4f29-84bf-7fbf230a0c90,CG002,21.46,81.758,2026-03-13T02:00,SO2,8.5,ug/m3,open-meteo-cams
e51f83a2-44d5-4f29-84bf-7fbf230a0c90,CG002,21.46,81.758,2026-03-13T03:00,PM2.5,55.9,ug/m3,open-meteo-cams
e51f83a2-44d5-4f29-84bf-7fbf230a0c90,CG002,21.46,81.758,2026-03-13T03:00,NO2,9.6,ug/m3,open-meteo-cams
e51f83a2-44d5-4f29-84bf-7fbf230a0c90,CG002,21.46,81.758,2026-03-13T03:00,SO2,9.3,ug/m3,open-meteo-cams
e51f83a2-44d5-4f29-84bf-7fbf230a0c90,CG002,21.46,81.758,2026-03-13T04:00,PM2.5,38.1,ug/m3,open-meteo-cams
e51f83a2-44d5-4f29-84bf-7fbf230a0c90,CG002,21.46,81.758,2026-03-13T04:00,NO2,6.3,ug/m3,open-meteo-cams
e51f83a2-44d5-4f29-84bf-7fbf230a0c90,CG002,21.46,81.758,2026-03-13T04:00,SO2,11.0,ug/m3,open-meteo-cams
e51f83a2-44d5-4f29-84bf-7fbf230a0c90,CG002,21.46,81.758,2026-03-13T05:00,PM2.5,24.7,ug/m3,open-meteo-cams
e51f83a2-44d5-4f29-84bf-7fbf230a0c90,CG002,21.46,81.758,2026-03-13T05:00,NO2,3.7,ug/m3,open-meteo-cams
e51f83a2-44d5-4f29-84bf-7fbf230a0c90,CG002,21.46,81.758,2026-03-13T05:00,SO2,12.9,ug/m3,open-meteo-cams
e51f83a2-44d5-4f29-84bf-7fbf230a0c90,CG002,21.46,81.758,2026-03-13T06:00,PM2.5,17.9,ug/m3,open-meteo-cams
e51f83a2-44d5-4f29-84bf-7fbf230a0c90,CG002,21.46,81.758,2026-03-13T06:00,NO2,1.8,ug/m3,open-meteo-cams
e51f83a2-44d5-4f29-84bf-7fbf230a0c90,CG002,21.46,81.758,2026-03-13T06:00,SO2,13.6,ug/m3,open-meteo-cams
e51f83a2-44d5-4f29-84bf-7fbf230a0c90,CG002,21.46,81.758,2026-03-13T07:00,PM2.5,14.9,ug/m3,open-meteo-cams
e51f83a2-44d5-4f29-84bf-7fbf230a0c90,CG002,21.46,81.758,2026-03-13T07:00,NO2,0.7,ug/m3,open-meteo-cams
e51f83a2-44d5-4f29-84bf-7fbf230a0c90,CG002,21.46,81.758,2026-03-13T07:00,SO2,11.8,ug/m3,open-meteo-cams
e51f83a2-44d5-4f29-84bf-7fbf230a0c90,CG002,21.46,81.758,2026-03-13T08:00,PM2.5,13.4,ug/m3,open-meteo-cams
e51f83a2-44d5-4f29-84bf-7fbf230a0c90,CG002,21.46,81.758,2026-03-13T08:00,NO2,0.4,ug/m3,open-meteo-cams
e51f83a2-44d5-4f29-84bf-7fbf230a0c90,CG002,21.46,81.758,2026-03-13T08:00,SO2,8.7,ug/m3,open-meteo-cams
e51f83a2-44d5-4f29-84bf-7fbf230a0c90,CG002,21.46,81.758,2026-03-13T09:00,PM2.5,12.2,ug/m3,open-meteo-cams
e51f83a2-44d5-4f29-84bf-7fbf230a0c90,CG002,21.46,81.758,2026-03-13T09:00,NO2,0.7,ug/m3,open-meteo-cams
e51f83a2-44d5-4f29-84bf-7fbf230a0c90,CG002,21.46,81.758,2026-03-13T09:00,SO2,6.3,ug/m3,open-meteo-cams
e51f83a2-44d5-4f29-84bf-7fbf230a0c90,CG002,21.46,81.758,2026-03-13T10:00,PM2.5,11.3,ug/m3,open-meteo-cams
e51f83a2-44d5-4f29-84bf-7fbf230a0c90,CG002,21.46,81.758,2026-03-13T10:00,NO2,1.4,ug/m3,open-meteo-cams
e51f83a2-44d5-4f29-84bf-7fbf230a0c90,CG002,21.46,81.758,2026-03-13T10:00,SO2,5.3,ug/m3,open-meteo-cams
e51f83a2-44d5-4f29-84bf-7fbf230a0c90,CG002,21.46,81.758,2026-03-13T11:00,PM2.5,11.1,ug/m3,open-meteo-cams
e51f83a2-44d5-4f29-84bf-7fbf230a0c90,CG002,21.46,81.758,2026-03-13T11:00,NO2,2.6,ug/m3,open-meteo-cams
e51f83a2-44d5-4f29-84bf-7fbf230a0c90,CG002,21.46,81.758,2026-03-13T11:00,SO2,4.9,ug/m3,open-meteo-cams
e51f83a2-44d5-4f29-84bf-7fbf230a0c90,CG002,21.46,81.758,2026-03-13T12:00,PM2.5,16.6,ug/m3,open-meteo-cams
e51f83a2-44d5-4f29-84bf-7fbf230a0c90,CG002,21.46,81.758,2026-03-13T12:00,NO2,5.1,ug/m3,open-meteo-cams
e51f83a2-44d5-4f29-84bf-7fbf230a0c90,CG002,21.46,81.758,2026-03-13T12:00,SO2,5.4,ug/m3,open-meteo-cams
e51f83a2-44d5-4f29-84bf-7fbf230a0c90,CG002,21.46,81.758,2026-03-13T13:00,PM2.5,25.4,ug/m3,open-meteo-cams
e51f83a2-44d5-4f29-84bf-7fbf230a0c90,CG002,21.46,81.758,2026-03-13T13:00,NO2,9.8,ug/m3,open-meteo-cams
e51f83a2-44d5-4f29-84bf-7fbf230a0c90,CG002,21.46,81.758,2026-03-13T13:00,SO2,7.2,ug/m3,open-meteo-cams
e51f83a2-44d5-4f29-84bf-7fbf230a0c90,CG002,21.46,81.758,2026-03-13T14:00,PM2.5,31.0,ug/m3,open-meteo-cams
e51f83a2-44d5-4f29-84bf-7fbf230a0c90,CG002,21.46,81.758,2026-03-13T14:00,NO2,15.7,ug/m3,open-meteo-cams
e51f83a2-44d5-4f29-84bf-7fbf230a0c90,CG002,21.46,81.758,2026-03-13T14:00,SO2,9.7,ug/m3,open-meteo-cams
e51f83a2-44d5-4f29-84bf-7fbf230a0c90,CG002,21.46,81.758,2026-03-13T15:00,PM2.5,32.5,ug/m3,open-meteo-cams
e51f83a2-44d5-4f29-84bf-7fbf230a0c90,CG002,21.46,81.758,2026-03-13T15:00,NO2,20.5,ug/m3,open-meteo-cams
e51f83a2-44d5-4f29-84bf-7fbf230a0c90,CG002,21.46,81.758,2026-03-13T15:00,SO2,11.7,ug/m3,open-meteo-cams
e51f83a2-44d5-4f29-84bf-7fbf230a0c90,CG002,21.46,81.758,2026-03-13T16:00,PM2.5,34.9,ug/m3,open-meteo-cams
e51f83a2-44d5-4f29-84bf-7fbf230a0c90,CG002,21.46,81.758,2026-03-13T16:00,NO2,23.1,ug/m3,open-meteo-cams
e51f83a2-44d5-4f29-84bf-7fbf230a0c90,CG002,21.46,81.758,2026-03-13T16:00,SO2,12.5,ug/m3,open-meteo-cams
e51f83a2-44d5-4f29-84bf-7fbf230a0c90,CG002,21.46,81.758,2026-03-13T17:00,PM2.5,39.5,ug/m3,open-meteo-cams
e51f83a2-44d5-4f29-84bf-7fbf230a0c90,CG002,21.46,81.758,2026-03-13T17:00,NO2,24.5,ug/m3,open-meteo-cams
e51f83a2-44d5-4f29-84bf-7fbf230a0c90,CG002,21.46,81.758,2026-03-13T17:00,SO2,12.7,ug/m3,open-meteo-cams
e51f83a2-44d5-4f29-84bf-7fbf230a0c90,CG002,21.46,81.758,2026-03-13T18:00,PM2.5,46.4,ug/m3,open-meteo-cams
e51f83a2-44d5-4f29-84bf-7fbf230a0c90,CG002,21.46,81.758,2026-03-13T18:00,NO2,25.5,ug/m3,open-meteo-cams
e51f83a2-44d5-4f29-84bf-7fbf230a0c90,CG002,21.46,81.758,2026-03-13T18:00,SO2,12.5,ug/m3,open-meteo-cams
e51f83a2-44d5-4f29-84bf-7fbf230a0c90,CG002,21.46,81.758,2026-03-13T19:00,PM2.5,55.8,ug/m3,open-meteo-cams
e51f83a2-44d5-4f29-84bf-7fbf230a0c90,CG002,21.46,81.758,2026-03-13T19:00,NO2,25.9,ug/m3,open-meteo-cams
e51f83a2-44d5-4f29-84bf-7fbf230a0c90,CG002,21.46,81.758,2026-03-13T19:00,SO2,11.6,ug/m3,open-meteo-cams
e51f83a2-44d5-4f29-84bf-7fbf230a0c90,CG002,21.46,81.758,2026-03-13T20:00,PM2.5,60.1,ug/m3,open-meteo-cams
e51f83a2-44d5-4f29-84bf-7fbf230a0c90,CG002,21.46,81.758,2026-03-13T20:00,NO2,25.9,ug/m3,open-meteo-cams
e51f83a2-44d5-4f29-84bf-7fbf230a0c90,CG002,21.46,81.758,2026-03-13T20:00,SO2,10.4,ug/m3,open-meteo-cams
e51f83a2-44d5-4f29-84bf-7fbf230a0c90,CG002,21.46,81.758,2026-03-13T21:00,PM2.5,63.6,ug/m3,open-meteo-cams
e51f83a2-44d5-4f29-84bf-7fbf230a0c90,CG002,21.46,81.758,2026-03-13T21:00,NO2,26.4,ug/m3,open-meteo-cams
e51f83a2-44d5-4f29-84bf-7fbf230a0c90,CG002,21.46,81.758,2026-03-13T21:00,SO2,9.5,ug/m3,open-meteo-cams
e51f83a2-44d5-4f29-84bf-7fbf230a0c90,CG002,21.46,81.758,2026-03-13T22:00,PM2.5,67.8,ug/m3,open-meteo-cams
e51f83a2-44d5-4f29-84bf-7fbf230a0c90,CG002,21.46,81.758,2026-03-13T22:00,NO2,28.0,ug/m3,open-meteo-cams
e51f83a2-44d5-4f29-84bf-7fbf230a0c90,CG002,21.46,81.758,2026-03-13T22:00,SO2,9.4,ug/m3,open-meteo-cams
e51f83a2-44d5-4f29-84bf-7fbf230a0c90,CG002,21.46,81.758,2026-03-13T23:00,PM2.5,71.9,ug/m3,open-meteo-cams
e51f83a2-44d5-4f29-84bf-7fbf230a0c90,CG002,21.46,81.758,2026-03-13T23:00,NO2,30.2,ug/m3,open-meteo-cams
e51f83a2-44d5-4f29-84bf-7fbf230a0c90,CG002,21.46,81.758,2026-03-13T23:00,SO2,9.8,ug/m3,open-meteo-cams
e51f83a2-44d5-4f29-84bf-7fbf230a0c90,CG002,21.46,81.758,2026-03-14T00:00,PM2.5,78.2,ug/m3,open-meteo-cams
e51f83a2-44d5-4f29-84bf-7fbf230a0c90,CG002,21.46,81.758,2026-03-14T00:00,NO2,31.7,ug/m3,open-meteo-cams
e51f83a2-44d5-4f29-84bf-7fbf230a0c90,CG002,21.46,81.758,2026-03-14T00:00,SO2,10.3,ug/m3,open-meteo-cams
e51f83a2-44d5-4f29-84bf-7fbf230a0c90,CG002,21.46,81.758,2026-03-14T01:00,PM2.5,82.9,ug/m3,open-meteo-cams
e51f83a2-44d5-4f29-84bf-7fbf230a0c90,CG002,21.46,81.758,2026-03-14T01:00,NO2,32.9,ug/m3,open-meteo-cams
e51f83a2-44d5-4f29-84bf-7fbf230a0c90,CG002,21.46,81.758,2026-03-14T01:00,SO2,11.2,ug/m3,open-meteo-cams
e51f83a2-44d5-4f29-84bf-7fbf230a0c90,CG002,21.46,81.758,2026-03-14T02:00,PM2.5,76.1,ug/m3,open-meteo-cams
e51f83a2-44d5-4f29-84bf-7fbf230a0c90,CG002,21.46,81.758,2026-03-14T02:00,NO2,33.5,ug/m3,open-meteo-cams
e51f83a2-44d5-4f29-84bf-7fbf230a0c90,CG002,21.46,81.758,2026-03-14T02:00,SO2,12.3,ug/m3,open-meteo-cams
e51f83a2-44d5-4f29-84bf-7fbf230a0c90,CG002,21.46,81.758,2026-03-14T03:00,PM2.5,61.5,ug/m3,open-meteo-cams
e51f83a2-44d5-4f29-84bf-7fbf230a0c90,CG002,21.46,81.758,2026-03-14T03:00,NO2,31.5,ug/m3,open-meteo-cams
e51f83a2-44d5-4f29-84bf-7fbf230a0c90,CG002,21.46,81.758,2026-03-14T03:00,SO2,12.9,ug/m3,open-meteo-cams
e51f83a2-44d5-4f29-84bf-7fbf230a0c90,CG002,21.46,81.758,2026-03-14T04:00,PM2.5,51.2,ug/m3,open-meteo-cams
e51f83a2-44d5-4f29-84bf-7fbf230a0c90,CG002,21.46,81.758,2026-03-14T04:00,NO2,24.8,ug/m3,open-meteo-cams
e51f83a2-44d5-4f29-84bf-7fbf230a0c90,CG002,21.46,81.758,2026-03-14T04:00,SO2,12.8,ug/m3,open-meteo-cams
e51f83a2-44d5-4f29-84bf-7fbf230a0c90,CG002,21.46,81.758,2026-03-14T05:00,PM2.5,44.9,ug/m3,open-meteo-cams
e51f83a2-44d5-4f29-84bf-7fbf230a0c90,CG002,21.46,81.758,2026-03-14T05:00,NO2,15.5,ug/m3,open-meteo-cams
e51f83a2-44d5-4f29-84bf-7fbf230a0c90,CG002,21.46,81.758,2026-03-14T05:00,SO2,12.3,ug/m3,open-meteo-cams
e51f83a2-44d5-4f29-84bf-7fbf230a0c90,CG002,21.46,81.758,2026-03-14T06:00,PM2.5,36.8,ug/m3,open-meteo-cams
e51f83a2-44d5-4f29-84bf-7fbf230a0c90,CG002,21.46,81.758,2026-03-14T06:00,NO2,8.2,ug/m3,open-meteo-cams
e51f83a2-44d5-4f29-84bf-7fbf230a0c90,CG002,21.46,81.758,2026-03-14T06:00,SO2,11.3,ug/m3,open-meteo-cams
e51f83a2-44d5-4f29-84bf-7fbf230a0c90,CG002,21.46,81.758,2026-03-14T07:00,PM2.5,31.4,ug/m3,open-meteo-cams
e51f83a2-44d5-4f29-84bf-7fbf230a0c90,CG002,21.46,81.758,2026-03-14T07:00,NO2,4.5,ug/m3,open-meteo-cams
e51f83a2-44d5-4f29-84bf-7fbf230a0c90,CG002,21.46,81.758,2026-03-14T07:00,SO2,9.6,ug/m3,open-meteo-cams
e51f83a2-44d5-4f29-84bf-7fbf230a0c90,CG002,21.46,81.758,2026-03-14T08:00,PM2.5,23.3,ug/m3,open-meteo-cams
e51f83a2-44d5-4f29-84bf-7fbf230a0c90,CG002,21.46,81.758,2026-03-14T08:00,NO2,2.6,ug/m3,open-meteo-cams
e51f83a2-44d5-4f29-84bf-7fbf230a0c90,CG002,21.46,81.758,2026-03-14T08:00,SO2,7.4,ug/m3,open-meteo-cams
e51f83a2-44d5-4f29-84bf-7fbf230a0c90,CG002,21.46,81.758,2026-03-14T09:00,PM2.5,19.0,ug/m3,open-meteo-cams
e51f83a2-44d5-4f29-84bf-7fbf230a0c90,CG002,21.46,81.758,2026-03-14T09:00,NO2,2.1,ug/m3,open-meteo-cams
e51f83a2-44d5-4f29-84bf-7fbf230a0c90,CG002,21.46,81.758,2026-03-14T09:00,SO2,5.9,ug/m3,open-meteo-cams
e51f83a2-44d5-4f29-84bf-7fbf230a0c90,CG002,21.46,81.758,2026-03-14T10:00,PM2.5,18.1,ug/m3,open-meteo-cams
e51f83a2-44d5-4f29-84bf-7fbf230a0c90,CG002,21.46,81.758,2026-03-14T10:00,NO2,2.7,ug/m3,open-meteo-cams
e51f83a2-44d5-4f29-84bf-7fbf230a0c90,CG002,21.46,81.758,2026-03-14T10:00,SO2,5.4,ug/m3,open-meteo-cams
e51f83a2-44d5-4f29-84bf-7fbf230a0c90,CG002,21.46,81.758,2026-03-14T11:00,PM2.5,18.2,ug/m3,open-meteo-cams
e51f83a2-44d5-4f29-84bf-7fbf230a0c90,CG002,21.46,81.758,2026-03-14T11:00,NO2,4.6,ug/m3,open-meteo-cams
e51f83a2-44d5-4f29-84bf-7fbf230a0c90,CG002,21.46,81.758,2026-03-14T11:00,SO2,5.6,ug/m3,open-meteo-cams
e51f83a2-44d5-4f29-84bf-7fbf230a0c90,CG002,21.46,81.758,2026-03-14T12:00,PM2.5,24.2,ug/m3,open-meteo-cams
e51f83a2-44d5-4f29-84bf-7fbf230a0c90,CG002,21.46,81.758,2026-03-14T12:00,NO2,7.7,ug/m3,open-meteo-cams
e51f83a2-44d5-4f29-84bf-7fbf230a0c90,CG002,21.46,81.758,2026-03-14T12:00,SO2,6.4,ug/m3,open-meteo-cams
e51f83a2-44d5-4f29-84bf-7fbf230a0c90,CG002,21.46,81.758,2026-03-14T13:00,PM2.5,33.5,ug/m3,open-meteo-cams
e51f83a2-44d5-4f29-84bf-7fbf230a0c90,CG002,21.46,81.758,2026-03-14T13:00,NO2,12.5,ug/m3,open-meteo-cams
e51f83a2-44d5-4f29-84bf-7fbf230a0c90,CG002,21.46,81.758,2026-03-14T13:00,SO2,8.1,ug/m3,open-meteo-cams
e51f83a2-44d5-4f29-84bf-7fbf230a0c90,CG002,21.46,81.758,2026-03-14T14:00,PM2.5,37.5,ug/m3,open-meteo-cams
e51f83a2-44d5-4f29-84bf-7fbf230a0c90,CG002,21.46,81.758,2026-03-14T14:00,NO2,18.4,ug/m3,open-meteo-cams
e51f83a2-44d5-4f29-84bf-7fbf230a0c90,CG002,21.46,81.758,2026-03-14T14:00,SO2,10.4,ug/m3,open-meteo-cams
e51f83a2-44d5-4f29-84bf-7fbf230a0c90,CG002,21.46,81.758,2026-03-14T15:00,PM2.5,38.9,ug/m3,open-meteo-cams
e51f83a2-44d5-4f29-84bf-7fbf230a0c90,CG002,21.46,81.758,2026-03-14T15:00,NO2,23.5,ug/m3,open-meteo-cams
e51f83a2-44d5-4f29-84bf-7fbf230a0c90,CG002,21.46,81.758,2026-03-14T15:00,SO2,12.1,ug/m3,open-meteo-cams
e51f83a2-44d5-4f29-84bf-7fbf230a0c90,CG002,21.46,81.758,2026-03-14T16:00,PM2.5,41.4,ug/m3,open-meteo-cams
e51f83a2-44d5-4f29-84bf-7fbf230a0c90,CG002,21.46,81.758,2026-03-14T16:00,NO2,26.9,ug/m3,open-meteo-cams
e51f83a2-44d5-4f29-84bf-7fbf230a0c90,CG002,21.46,81.758,2026-03-14T16:00,SO2,12.6,ug/m3,open-meteo-cams
e51f83a2-44d5-4f29-84bf-7fbf230a0c90,CG002,21.46,81.758,2026-03-14T17:00,PM2.5,44.8,ug/m3,open-meteo-cams
e51f83a2-44d5-4f29-84bf-7fbf230a0c90,CG002,21.46,81.758,2026-03-14T17:00,NO2,29.4,ug/m3,open-meteo-cams
e51f83a2-44d5-4f29-84bf-7fbf230a0c90,CG002,21.46,81.758,2026-03-14T17:00,SO2,12.5,ug/m3,open-meteo-cams
e51f83a2-44d5-4f29-84bf-7fbf230a0c90,CG002,21.46,81.758,2026-03-14T18:00,PM2.5,48.0,ug/m3,open-meteo-cams
e51f83a2-44d5-4f29-84bf-7fbf230a0c90,CG002,21.46,81.758,2026-03-14T18:00,NO2,31.3,ug/m3,open-meteo-cams
e51f83a2-44d5-4f29-84bf-7fbf230a0c90,CG002,21.46,81.758,2026-03-14T18:00,SO2,12.2,ug/m3,open-meteo-cams
e51f83a2-44d5-4f29-84bf-7fbf230a0c90,CG002,21.46,81.758,2026-03-14T19:00,PM2.5,50.4,ug/m3,open-meteo-cams
e51f83a2-44d5-4f29-84bf-7fbf230a0c90,CG002,21.46,81.758,2026-03-14T19:00,NO2,32.9,ug/m3,open-meteo-cams
e51f83a2-44d5-4f29-84bf-7fbf230a0c90,CG002,21.46,81.758,2026-03-14T19:00,SO2,11.9,ug/m3,open-meteo-cams
e51f83a2-44d5-4f29-84bf-7fbf230a0c90,CG002,21.46,81.758,2026-03-14T20:00,PM2.5,53.2,ug/m3,open-meteo-cams
e51f83a2-44d5-4f29-84bf-7fbf230a0c90,CG002,21.46,81.758,2026-03-14T20:00,NO2,34.0,ug/m3,open-meteo-cams
e51f83a2-44d5-4f29-84bf-7fbf230a0c90,CG002,21.46,81.758,2026-03-14T20:00,SO2,11.5,ug/m3,open-meteo-cams
e51f83a2-44d5-4f29-84bf-7fbf230a0c90,CG002,21.46,81.758,2026-03-14T21:00,PM2.5,56.5,ug/m3,open-meteo-cams
e51f83a2-44d5-4f29-84bf-7fbf230a0c90,CG002,21.46,81.758,2026-03-14T21:00,NO2,34.0,ug/m3,open-meteo-cams
e51f83a2-44d5-4f29-84bf-7fbf230a0c90,CG002,21.46,81.758,2026-03-14T21:00,SO2,11.1,ug/m3,open-meteo-cams
e51f83a2-44d5-4f29-84bf-7fbf230a0c90,CG002,21.46,81.758,2026-03-14T22:00,PM2.5,60.1,ug/m3,open-meteo-cams
e51f83a2-44d5-4f29-84bf-7fbf230a0c90,CG002,21.46,81.758,2026-03-14T22:00,NO2,32.5,ug/m3,open-meteo-cams
e51f83a2-44d5-4f29-84bf-7fbf230a0c90,CG002,21.46,81.758,2026-03-14T22:00,SO2,10.5,ug/m3,open-meteo-cams
e51f83a2-44d5-4f29-84bf-7fbf230a0c90,CG002,21.46,81.758,2026-03-14T23:00,PM2.5,60.8,ug/m3,open-meteo-cams
e51f83a2-44d5-4f29-84bf-7fbf230a0c90,CG002,21.46,81.758,2026-03-14T23:00,NO2,30.0,ug/m3,open-meteo-cams
e51f83a2-44d5-4f29-84bf-7fbf230a0c90,CG002,21.46,81.758,2026-03-14T23:00,SO2,9.9,ug/m3,open-meteo-cams
bc5b8368-8338-44a9-bd69-6f05015249e9,CG003,21.47,81.76599999999999,2026-03-13T00:00,PM2.5,65.9,ug/m3,open-meteo-cams
bc5b8368-8338-44a9-bd69-6f05015249e9,CG003,21.47,81.76599999999999,2026-03-13T00:00,NO2,23.5,ug/m3,open-meteo-cams
bc5b8368-8338-44a9-bd69-6f05015249e9,CG003,21.47,81.76599999999999,2026-03-13T00:00,SO2,7.6,ug/m3,open-meteo-cams
bc5b8368-8338-44a9-bd69-6f05015249e9,CG003,21.47,81.76599999999999,2026-03-13T01:00,PM2.5,68.9,ug/m3,open-meteo-cams
bc5b8368-8338-44a9-bd69-6f05015249e9,CG003,21.47,81.76599999999999,2026-03-13T01:00,NO2,19.7,ug/m3,open-meteo-cams
bc5b8368-8338-44a9-bd69-6f05015249e9,CG003,21.47,81.76599999999999,2026-03-13T01:00,SO2,7.9,ug/m3,open-meteo-cams
bc5b8368-8338-44a9-bd69-6f05015249e9,CG003,21.47,81.76599999999999,2026-03-13T02:00,PM2.5,73.6,ug/m3,open-meteo-cams
bc5b8368-8338-44a9-bd69-6f05015249e9,CG003,21.47,81.76599999999999,2026-03-13T02:00,NO2,14.3,ug/m3,open-meteo-cams
bc5b8368-8338-44a9-bd69-6f05015249e9,CG003,21.47,81.76599999999999,2026-03-13T02:00,SO2,8.5,ug/m3,open-meteo-cams
bc5b8368-8338-44a9-bd69-6f05015249e9,CG003,21.47,81.76599999999999,2026-03-13T03:00,PM2.5,55.9,ug/m3,open-meteo-cams
bc5b8368-8338-44a9-bd69-6f05015249e9,CG003,21.47,81.76599999999999,2026-03-13T03:00,NO2,9.6,ug/m3,open-meteo-cams
bc5b8368-8338-44a9-bd69-6f05015249e9,CG003,21.47,81.76599999999999,2026-03-13T03:00,SO2,9.3,ug/m3,open-meteo-cams
bc5b8368-8338-44a9-bd69-6f05015249e9,CG003,21.47,81.76599999999999,2026-03-13T04:00,PM2.5,38.1,ug/m3,open-meteo-cams
bc5b8368-8338-44a9-bd69-6f05015249e9,CG003,21.47,81.76599999999999,2026-03-13T04:00,NO2,6.3,ug/m3,open-meteo-cams
bc5b8368-8338-44a9-bd69-6f05015249e9,CG003,21.47,81.76599999999999,2026-03-13T04:00,SO2,11.0,ug/m3,open-meteo-cams
bc5b8368-8338-44a9-bd69-6f05015249e9,CG003,21.47,81.76599999999999,2026-03-13T05:00,PM2.5,24.7,ug/m3,open-meteo-cams
bc5b8368-8338-44a9-bd69-6f05015249e9,CG003,21.47,81.76599999999999,2026-03-13T05:00,NO2,3.7,ug/m3,open-meteo-cams
bc5b8368-8338-44a9-bd69-6f05015249e9,CG003,21.47,81.76599999999999,2026-03-13T05:00,SO2,12.9,ug/m3,open-meteo-cams
bc5b8368-8338-44a9-bd69-6f05015249e9,CG003,21.47,81.76599999999999,2026-03-13T06:00,PM2.5,17.9,ug/m3,open-meteo-cams
bc5b8368-8338-44a9-bd69-6f05015249e9,CG003,21.47,81.76599999999999,2026-03-13T06:00,NO2,1.8,ug/m3,open-meteo-cams
bc5b8368-8338-44a9-bd69-6f05015249e9,CG003,21.47,81.76599999999999,2026-03-13T06:00,SO2,13.6,ug/m3,open-meteo-cams
bc5b8368-8338-44a9-bd69-6f05015249e9,CG003,21.47,81.76599999999999,2026-03-13T07:00,PM2.5,14.9,ug/m3,open-meteo-cams
bc5b8368-8338-44a9-bd69-6f05015249e9,CG003,21.47,81.76599999999999,2026-03-13T07:00,NO2,0.7,ug/m3,open-meteo-cams
bc5b8368-8338-44a9-bd69-6f05015249e9,CG003,21.47,81.76599999999999,2026-03-13T07:00,SO2,11.8,ug/m3,open-meteo-cams
bc5b8368-8338-44a9-bd69-6f05015249e9,CG003,21.47,81.76599999999999,2026-03-13T08:00,PM2.5,13.4,ug/m3,open-meteo-cams
bc5b8368-8338-44a9-bd69-6f05015249e9,CG003,21.47,81.76599999999999,2026-03-13T08:00,NO2,0.4,ug/m3,open-meteo-cams
bc5b8368-8338-44a9-bd69-6f05015249e9,CG003,21.47,81.76599999999999,2026-03-13T08:00,SO2,8.7,ug/m3,open-meteo-cams
bc5b8368-8338-44a9-bd69-6f05015249e9,CG003,21.47,81.76599999999999,2026-03-13T09:00,PM2.5,12.2,ug/m3,open-meteo-cams
bc5b8368-8338-44a9-bd69-6f05015249e9,CG003,21.47,81.76599999999999,2026-03-13T09:00,NO2,0.7,ug/m3,open-meteo-cams
bc5b8368-8338-44a9-bd69-6f05015249e9,CG003,21.47,81.76599999999999,2026-03-13T09:00,SO2,6.3,ug/m3,open-meteo-cams
bc5b8368-8338-44a9-bd69-6f05015249e9,CG003,21.47,81.76599999999999,2026-03-13T10:00,PM2.5,11.3,ug/m3,open-meteo-cams
bc5b8368-8338-44a9-bd69-6f05015249e9,CG003,21.47,81.76599999999999,2026-03-13T10:00,NO2,1.4,ug/m3,open-meteo-cams
bc5b8368-8338-44a9-bd69-6f05015249e9,CG003,21.47,81.76599999999999,2026-03-13T10:00,SO2,5.3,ug/m3,open-meteo-cams
bc5b8368-8338-44a9-bd69-6f05015249e9,CG003,21.47,81.76599999999999,2026-03-13T11:00,PM2.5,11.1,ug/m3,open-meteo-cams
bc5b8368-8338-44a9-bd69-6f05015249e9,CG003,21.47,81.76599999999999,2026-03-13T11:00,NO2,2.6,ug/m3,open-meteo-cams
bc5b8368-8338-44a9-bd69-6f05015249e9,CG003,21.47,81.76599999999999,2026-03-13T11:00,SO2,4.9,ug/m3,open-meteo-cams
bc5b8368-8338-44a9-bd69-6f05015249e9,CG003,21.47,81.76599999999999,2026-03-13T12:00,PM2.5,16.6,ug/m3,open-meteo-cams
bc5b8368-8338-44a9-bd69-6f05015249e9,CG003,21.47,81.76599999999999,2026-03-13T12:00,NO2,5.1,ug/m3,open-meteo-cams
bc5b8368-8338-44a9-bd69-6f05015249e9,CG003,21.47,81.76599999999999,2026-03-13T12:00,SO2,5.4,ug/m3,open-meteo-cams
bc5b8368-8338-44a9-bd69-6f05015249e9,CG003,21.47,81.76599999999999,2026-03-13T13:00,PM2.5,25.4,ug/m3,open-meteo-cams
bc5b8368-8338-44a9-bd69-6f05015249e9,CG003,21.47,81.76599999999999,2026-03-13T13:00,NO2,9.8,ug/m3,open-meteo-cams
bc5b8368-8338-44a9-bd69-6f05015249e9,CG003,21.47,81.76599999999999,2026-03-13T13:00,SO2,7.2,ug/m3,open-meteo-cams
bc5b8368-8338-44a9-bd69-6f05015249e9,CG003,21.47,81.76599999999999,2026-03-13T14:00,PM2.5,31.0,ug/m3,open-meteo-cams
bc5b8368-8338-44a9-bd69-6f05015249e9,CG003,21.47,81.76599999999999,2026-03-13T14:00,NO2,15.7,ug/m3,open-meteo-cams
bc5b8368-8338-44a9-bd69-6f05015249e9,CG003,21.47,81.76599999999999,2026-03-13T14:00,SO2,9.7,ug/m3,open-meteo-cams
bc5b8368-8338-44a9-bd69-6f05015249e9,CG003,21.47,81.76599999999999,2026-03-13T15:00,PM2.5,32.5,ug/m3,open-meteo-cams
bc5b8368-8338-44a9-bd69-6f05015249e9,CG003,21.47,81.76599999999999,2026-03-13T15:00,NO2,20.5,ug/m3,open-meteo-cams
bc5b8368-8338-44a9-bd69-6f05015249e9,CG003,21.47,81.76599999999999,2026-03-13T15:00,SO2,11.7,ug/m3,open-meteo-cams
bc5b8368-8338-44a9-bd69-6f05015249e9,CG003,21.47,81.76599999999999,2026-03-13T16:00,PM2.5,34.9,ug/m3,open-meteo-cams
bc5b8368-8338-44a9-bd69-6f05015249e9,CG003,21.47,81.76599999999999,2026-03-13T16:00,NO2,23.1,ug/m3,open-meteo-cams
bc5b8368-8338-44a9-bd69-6f05015249e9,CG003,21.47,81.76599999999999,2026-03-13T16:00,SO2,12.5,ug/m3,open-meteo-cams
bc5b8368-8338-44a9-bd69-6f05015249e9,CG003,21.47,81.76599999999999,2026-03-13T17:00,PM2.5,39.5,ug/m3,open-meteo-cams
bc5b8368-8338-44a9-bd69-6f05015249e9,CG003,21.47,81.76599999999999,2026-03-13T17:00,NO2,24.5,ug/m3,open-meteo-cams
bc5b8368-8338-44a9-bd69-6f05015249e9,CG003,21.47,81.76599999999999,2026-03-13T17:00,SO2,12.7,ug/m3,open-meteo-cams
bc5b8368-8338-44a9-bd69-6f05015249e9,CG003,21.47,81.76599999999999,2026-03-13T18:00,PM2.5,46.4,ug/m3,open-meteo-cams
bc5b8368-8338-44a9-bd69-6f05015249e9,CG003,21.47,81.76599999999999,2026-03-13T18:00,NO2,25.5,ug/m3,open-meteo-cams
bc5b8368-8338-44a9-bd69-6f05015249e9,CG003,21.47,81.76599999999999,2026-03-13T18:00,SO2,12.5,ug/m3,open-meteo-cams
bc5b8368-8338-44a9-bd69-6f05015249e9,CG003,21.47,81.76599999999999,2026-03-13T19:00,PM2.5,55.8,ug/m3,open-meteo-cams
bc5b8368-8338-44a9-bd69-6f05015249e9,CG003,21.47,81.76599999999999,2026-03-13T19:00,NO2,25.9,ug/m3,open-meteo-cams
bc5b8368-8338-44a9-bd69-6f05015249e9,CG003,21.47,81.76599999999999,2026-03-13T19:00,SO2,11.6,ug/m3,open-meteo-cams
bc5b8368-8338-44a9-bd69-6f05015249e9,CG003,21.47,81.76599999999999,2026-03-13T20:00,PM2.5,60.1,ug/m3,open-meteo-cams
bc5b8368-8338-44a9-bd69-6f05015249e9,CG003,21.47,81.76599999999999,2026-03-13T20:00,NO2,25.9,ug/m3,open-meteo-cams
bc5b8368-8338-44a9-bd69-6f05015249e9,CG003,21.47,81.76599999999999,2026-03-13T20:00,SO2,10.4,ug/m3,open-meteo-cams
bc5b8368-8338-44a9-bd69-6f05015249e9,CG003,21.47,81.76599999999999,2026-03-13T21:00,PM2.5,63.6,ug/m3,open-meteo-cams
bc5b8368-8338-44a9-bd69-6f05015249e9,CG003,21.47,81.76599999999999,2026-03-13T21:00,NO2,26.4,ug/m3,open-meteo-cams
bc5b8368-8338-44a9-bd69-6f05015249e9,CG003,21.47,81.76599999999999,2026-03-13T21:00,SO2,9.5,ug/m3,open-meteo-cams
bc5b8368-8338-44a9-bd69-6f05015249e9,CG003,21.47,81.76599999999999,2026-03-13T22:00,PM2.5,67.8,ug/m3,open-meteo-cams
bc5b8368-8338-44a9-bd69-6f05015249e9,CG003,21.47,81.76599999999999,2026-03-13T22:00,NO2,28.0,ug/m3,open-meteo-cams
bc5b8368-8338-44a9-bd69-6f05015249e9,CG003,21.47,81.76599999999999,2026-03-13T22:00,SO2,9.4,ug/m3,open-meteo-cams
bc5b8368-8338-44a9-bd69-6f05015249e9,CG003,21.47,81.76599999999999,2026-03-13T23:00,PM2.5,71.9,ug/m3,open-meteo-cams
bc5b8368-8338-44a9-bd69-6f05015249e9,CG003,21.47,81.76599999999999,2026-03-13T23:00,NO2,30.2,ug/m3,open-meteo-cams
bc5b8368-8338-44a9-bd69-6f05015249e9,CG003,21.47,81.76599999999999,2026-03-13T23:00,SO2,9.8,ug/m3,open-meteo-cams
bc5b8368-8338-44a9-bd69-6f05015249e9,CG003,21.47,81.76599999999999,2026-03-14T00:00,PM2.5,78.2,ug/m3,open-meteo-cams
bc5b8368-8338-44a9-bd69-6f05015249e9,CG003,21.47,81.76599999999999,2026-03-14T00:00,NO2,31.7,ug/m3,open-meteo-cams
bc5b8368-8338-44a9-bd69-6f05015249e9,CG003,21.47,81.76599999999999,2026-03-14T00:00,SO2,10.3,ug/m3,open-meteo-cams
bc5b8368-8338-44a9-bd69-6f05015249e9,CG003,21.47,81.76599999999999,2026-03-14T01:00,PM2.5,82.9,ug/m3,open-meteo-cams
bc5b8368-8338-44a9-bd69-6f05015249e9,CG003,21.47,81.76599999999999,2026-03-14T01:00,NO2,32.9,ug/m3,open-meteo-cams
bc5b8368-8338-44a9-bd69-6f05015249e9,CG003,21.47,81.76599999999999,2026-03-14T01:00,SO2,11.2,ug/m3,open-meteo-cams
bc5b8368-8338-44a9-bd69-6f05015249e9,CG003,21.47,81.76599999999999,2026-03-14T02:00,PM2.5,76.1,ug/m3,open-meteo-cams
bc5b8368-8338-44a9-bd69-6f05015249e9,CG003,21.47,81.76599999999999,2026-03-14T02:00,NO2,33.5,ug/m3,open-meteo-cams
bc5b8368-8338-44a9-bd69-6f05015249e9,CG003,21.47,81.76599999999999,2026-03-14T02:00,SO2,12.3,ug/m3,open-meteo-cams
bc5b8368-8338-44a9-bd69-6f05015249e9,CG003,21.47,81.76599999999999,2026-03-14T03:00,PM2.5,61.5,ug/m3,open-meteo-cams
bc5b8368-8338-44a9-bd69-6f05015249e9,CG003,21.47,81.76599999999999,2026-03-14T03:00,NO2,31.5,ug/m3,open-meteo-cams
bc5b8368-8338-44a9-bd69-6f05015249e9,CG003,21.47,81.76599999999999,2026-03-14T03:00,SO2,12.9,ug/m3,open-meteo-cams
bc5b8368-8338-44a9-bd69-6f05015249e9,CG003,21.47,81.76599999999999,2026-03-14T04:00,PM2.5,51.2,ug/m3,open-meteo-cams
bc5b8368-8338-44a9-bd69-6f05015249e9,CG003,21.47,81.76599999999999,2026-03-14T04:00,NO2,24.8,ug/m3,open-meteo-cams
bc5b8368-8338-44a9-bd69-6f05015249e9,CG003,21.47,81.76599999999999,2026-03-14T04:00,SO2,12.8,ug/m3,open-meteo-cams
bc5b8368-8338-44a9-bd69-6f05015249e9,CG003,21.47,81.76599999999999,2026-03-14T05:00,PM2.5,44.9,ug/m3,open-meteo-cams
bc5b8368-8338-44a9-bd69-6f05015249e9,CG003,21.47,81.76599999999999,2026-03-14T05:00,NO2,15.5,ug/m3,open-meteo-cams
bc5b8368-8338-44a9-bd69-6f05015249e9,CG003,21.47,81.76599999999999,2026-03-14T05:00,SO2,12.3,ug/m3,open-meteo-cams
bc5b8368-8338-44a9-bd69-6f05015249e9,CG003,21.47,81.76599999999999,2026-03-14T06:00,PM2.5,36.8,ug/m3,open-meteo-cams
bc5b8368-8338-44a9-bd69-6f05015249e9,CG003,21.47,81.76599999999999,2026-03-14T06:00,NO2,8.2,ug/m3,open-meteo-cams
bc5b8368-8338-44a9-bd69-6f05015249e9,CG003,21.47,81.76599999999999,2026-03-14T06:00,SO2,11.3,ug/m3,open-meteo-cams
bc5b8368-8338-44a9-bd69-6f05015249e9,CG003,21.47,81.76599999999999,2026-03-14T07:00,PM2.5,31.4,ug/m3,open-meteo-cams
bc5b8368-8338-44a9-bd69-6f05015249e9,CG003,21.47,81.76599999999999,2026-03-14T07:00,NO2,4.5,ug/m3,open-meteo-cams
bc5b8368-8338-44a9-bd69-6f05015249e9,CG003,21.47,81.76599999999999,2026-03-14T07:00,SO2,9.6,ug/m3,open-meteo-cams
bc5b8368-8338-44a9-bd69-6f05015249e9,CG003,21.47,81.76599999999999,2026-03-14T08:00,PM2.5,23.3,ug/m3,open-meteo-cams
bc5b8368-8338-44a9-bd69-6f05015249e9,CG003,21.47,81.76599999999999,2026-03-14T08:00,NO2,2.6,ug/m3,open-meteo-cams
bc5b8368-8338-44a9-bd69-6f05015249e9,CG003,21.47,81.76599999999999,2026-03-14T08:00,SO2,7.4,ug/m3,open-meteo-cams
bc5b8368-8338-44a9-bd69-6f05015249e9,CG003,21.47,81.76599999999999,2026-03-14T09:00,PM2.5,19.0,ug/m3,open-meteo-cams
bc5b8368-8338-44a9-bd69-6f05015249e9,CG003,21.47,81.76599999999999,2026-03-14T09:00,NO2,2.1,ug/m3,open-meteo-cams
bc5b8368-8338-44a9-bd69-6f05015249e9,CG003,21.47,81.76599999999999,2026-03-14T09:00,SO2,5.9,ug/m3,open-meteo-cams
bc5b8368-8338-44a9-bd69-6f05015249e9,CG003,21.47,81.76599999999999,2026-03-14T10:00,PM2.5,18.1,ug/m3,open-meteo-cams
bc5b8368-8338-44a9-bd69-6f05015249e9,CG003,21.47,81.76599999999999,2026-03-14T10:00,NO2,2.7,ug/m3,open-meteo-cams
bc5b8368-8338-44a9-bd69-6f05015249e9,CG003,21.47,81.76599999999999,2026-03-14T10:00,SO2,5.4,ug/m3,open-meteo-cams
bc5b8368-8338-44a9-bd69-6f05015249e9,CG003,21.47,81.76599999999999,2026-03-14T11:00,PM2.5,18.2,ug/m3,open-meteo-cams
bc5b8368-8338-44a9-bd69-6f05015249e9,CG003,21.47,81.76599999999999,2026-03-14T11:00,NO2,4.6,ug/m3,open-meteo-cams
bc5b8368-8338-44a9-bd69-6f05015249e9,CG003,21.47,81.76599999999999,2026-03-14T11:00,SO2,5.6,ug/m3,open-meteo-cams
bc5b8368-8338-44a9-bd69-6f05015249e9,CG003,21.47,81.76599999999999,2026-03-14T12:00,PM2.5,24.2,ug/m3,open-meteo-cams
bc5b8368-8338-44a9-bd69-6f05015249e9,CG003,21.47,81.76599999999999,2026-03-14T12:00,NO2,7.7,ug/m3,open-meteo-cams
bc5b8368-8338-44a9-bd69-6f05015249e9,CG003,21.47,81.76599999999999,2026-03-14T12:00,SO2,6.4,ug/m3,open-meteo-cams
bc5b8368-8338-44a9-bd69-6f05015249e9,CG003,21.47,81.76599999999999,2026-03-14T13:00,PM2.5,33.5,ug/m3,open-meteo-cams
bc5b8368-8338-44a9-bd69-6f05015249e9,CG003,21.47,81.76599999999999,2026-03-14T13:00,NO2,12.5,ug/m3,open-meteo-cams
bc5b8368-8338-44a9-bd69-6f05015249e9,CG003,21.47,81.76599999999999,2026-03-14T13:00,SO2,8.1,ug/m3,open-meteo-cams
bc5b8368-8338-44a9-bd69-6f05015249e9,CG003,21.47,81.76599999999999,2026-03-14T14:00,PM2.5,37.5,ug/m3,open-meteo-cams
bc5b8368-8338-44a9-bd69-6f05015249e9,CG003,21.47,81.76599999999999,2026-03-14T14:00,NO2,18.4,ug/m3,open-meteo-cams
bc5b8368-8338-44a9-bd69-6f05015249e9,CG003,21.47,81.76599999999999,2026-03-14T14:00,SO2,10.4,ug/m3,open-meteo-cams
bc5b8368-8338-44a9-bd69-6f05015249e9,CG003,21.47,81.76599999999999,2026-03-14T15:00,PM2.5,38.9,ug/m3,open-meteo-cams
bc5b8368-8338-44a9-bd69-6f05015249e9,CG003,21.47,81.76599999999999,2026-03-14T15:00,NO2,23.5,ug/m3,open-meteo-cams
bc5b8368-8338-44a9-bd69-6f05015249e9,CG003,21.47,81.76599999999999,2026-03-14T15:00,SO2,12.1,ug/m3,open-meteo-cams
bc5b8368-8338-44a9-bd69-6f05015249e9,CG003,21.47,81.76599999999999,2026-03-14T16:00,PM2.5,41.4,ug/m3,open-meteo-cams
bc5b8368-8338-44a9-bd69-6f05015249e9,CG003,21.47,81.76599999999999,2026-03-14T16:00,NO2,26.9,ug/m3,open-meteo-cams
bc5b8368-8338-44a9-bd69-6f05015249e9,CG003,21.47,81.76599999999999,2026-03-14T16:00,SO2,12.6,ug/m3,open-meteo-cams
bc5b8368-8338-44a9-bd69-6f05015249e9,CG003,21.47,81.76599999999999,2026-03-14T17:00,PM2.5,44.8,ug/m3,open-meteo-cams
bc5b8368-8338-44a9-bd69-6f05015249e9,CG003,21.47,81.76599999999999,2026-03-14T17:00,NO2,29.4,ug/m3,open-meteo-cams
bc5b8368-8338-44a9-bd69-6f05015249e9,CG003,21.47,81.76599999999999,2026-03-14T17:00,SO2,12.5,ug/m3,open-meteo-cams
bc5b8368-8338-44a9-bd69-6f05015249e9,CG003,21.47,81.76599999999999,2026-03-14T18:00,PM2.5,48.0,ug/m3,open-meteo-cams
bc5b8368-8338-44a9-bd69-6f05015249e9,CG003,21.47,81.76599999999999,2026-03-14T18:00,NO2,31.3,ug/m3,open-meteo-cams
bc5b8368-8338-44a9-bd69-6f05015249e9,CG003,21.47,81.76599999999999,2026-03-14T18:00,SO2,12.2,ug/m3,open-meteo-cams
bc5b8368-8338-44a9-bd69-6f05015249e9,CG003,21.47,81.76599999999999,2026-03-14T19:00,PM2.5,50.4,ug/m3,open-meteo-cams
bc5b8368-8338-44a9-bd69-6f05015249e9,CG003,21.47,81.76599999999999,2026-03-14T19:00,NO2,32.9,ug/m3,open-meteo-cams
bc5b8368-8338-44a9-bd69-6f05015249e9,CG003,21.47,81.76599999999999,2026-03-14T19:00,SO2,11.9,ug/m3,open-meteo-cams
bc5b8368-8338-44a9-bd69-6f05015249e9,CG003,21.47,81.76599999999999,2026-03-14T20:00,PM2.5,53.2,ug/m3,open-meteo-cams
bc5b8368-8338-44a9-bd69-6f05015249e9,CG003,21.47,81.76599999999999,2026-03-14T20:00,NO2,34.0,ug/m3,open-meteo-cams
bc5b8368-8338-44a9-bd69-6f05015249e9,CG003,21.47,81.76599999999999,2026-03-14T20:00,SO2,11.5,ug/m3,open-meteo-cams
bc5b8368-8338-44a9-bd69-6f05015249e9,CG003,21.47,81.76599999999999,2026-03-14T21:00,PM2.5,56.5,ug/m3,open-meteo-cams
bc5b8368-8338-44a9-bd69-6f05015249e9,CG003,21.47,81.76599999999999,2026-03-14T21:00,NO2,34.0,ug/m3,open-meteo-cams
bc5b8368-8338-44a9-bd69-6f05015249e9,CG003,21.47,81.76599999999999,2026-03-14T21:00,SO2,11.1,ug/m3,open-meteo-cams
bc5b8368-8338-44a9-bd69-6f05015249e9,CG003,21.47,81.76599999999999,2026-03-14T22:00,PM2.5,60.1,ug/m3,open-meteo-cams
bc5b8368-8338-44a9-bd69-6f05015249e9,CG003,21.47,81.76599999999999,2026-03-14T22:00,NO2,32.5,ug/m3,open-meteo-cams
bc5b8368-8338-44a9-bd69-6f05015249e9,CG003,21.47,81.76599999999999,2026-03-14T22:00,SO2,10.5,ug/m3,open-meteo-cams
bc5b8368-8338-44a9-bd69-6f05015249e9,CG003,21.47,81.76599999999999,2026-03-14T23:00,PM2.5,60.8,ug/m3,open-meteo-cams
bc5b8368-8338-44a9-bd69-6f05015249e9,CG003,21.47,81.76599999999999,2026-03-14T23:00,NO2,30.0,ug/m3,open-meteo-cams
bc5b8368-8338-44a9-bd69-6f05015249e9,CG003,21.47,81.76599999999999,2026-03-14T23:00,SO2,9.9,ug/m3,open-meteo-cams
b8183de2-13d3-41e8-832f-ca975fab4989,CG004,21.48,81.774,2026-03-13T00:00,PM2.5,65.9,ug/m3,open-meteo-cams
b8183de2-13d3-41e8-832f-ca975fab4989,CG004,21.48,81.774,2026-03-13T00:00,NO2,23.5,ug/m3,open-meteo-cams
b8183de2-13d3-41e8-832f-ca975fab4989,CG004,21.48,81.774,2026-03-13T00:00,SO2,7.6,ug/m3,open-meteo-cams
b8183de2-13d3-41e8-832f-ca975fab4989,CG004,21.48,81.774,2026-03-13T01:00,PM2.5,68.9,ug/m3,open-meteo-cams
b8183de2-13d3-41e8-832f-ca975fab4989,CG004,21.48,81.774,2026-03-13T01:00,NO2,19.7,ug/m3,open-meteo-cams
b8183de2-13d3-41e8-832f-ca975fab4989,CG004,21.48,81.774,2026-03-13T01:00,SO2,7.9,ug/m3,open-meteo-cams
b8183de2-13d3-41e8-832f-ca975fab4989,CG004,21.48,81.774,2026-03-13T02:00,PM2.5,73.6,ug/m3,open-meteo-cams
b8183de2-13d3-41e8-832f-ca975fab4989,CG004,21.48,81.774,2026-03-13T02:00,NO2,14.3,ug/m3,open-meteo-cams
b8183de2-13d3-41e8-832f-ca975fab4989,CG004,21.48,81.774,2026-03-13T02:00,SO2,8.5,ug/m3,open-meteo-cams
b8183de2-13d3-41e8-832f-ca975fab4989,CG004,21.48,81.774,2026-03-13T03:00,PM2.5,55.9,ug/m3,open-meteo-cams
b8183de2-13d3-41e8-832f-ca975fab4989,CG004,21.48,81.774,2026-03-13T03:00,NO2,9.6,ug/m3,open-meteo-cams
b8183de2-13d3-41e8-832f-ca975fab4989,CG004,21.48,81.774,2026-03-13T03:00,SO2,9.3,ug/m3,open-meteo-cams
b8183de2-13d3-41e8-832f-ca975fab4989,CG004,21.48,81.774,2026-03-13T04:00,PM2.5,38.1,ug/m3,open-meteo-cams
b8183de2-13d3-41e8-832f-ca975fab4989,CG004,21.48,81.774,2026-03-13T04:00,NO2,6.3,ug/m3,open-meteo-cams
b8183de2-13d3-41e8-832f-ca975fab4989,CG004,21.48,81.774,2026-03-13T04:00,SO2,11.0,ug/m3,open-meteo-cams
b8183de2-13d3-41e8-832f-ca975fab4989,CG004,21.48,81.774,2026-03-13T05:00,PM2.5,24.7,ug/m3,open-meteo-cams
b8183de2-13d3-41e8-832f-ca975fab4989,CG004,21.48,81.774,2026-03-13T05:00,NO2,3.7,ug/m3,open-meteo-cams
b8183de2-13d3-41e8-832f-ca975fab4989,CG004,21.48,81.774,2026-03-13T05:00,SO2,12.9,ug/m3,open-meteo-cams
b8183de2-13d3-41e8-832f-ca975fab4989,CG004,21.48,81.774,2026-03-13T06:00,PM2.5,17.9,ug/m3,open-meteo-cams
b8183de2-13d3-41e8-832f-ca975fab4989,CG004,21.48,81.774,2026-03-13T06:00,NO2,1.8,ug/m3,open-meteo-cams
b8183de2-13d3-41e8-832f-ca975fab4989,CG004,21.48,81.774,2026-03-13T06:00,SO2,13.6,ug/m3,open-meteo-cams
b8183de2-13d3-41e8-832f-ca975fab4989,CG004,21.48,81.774,2026-03-13T07:00,PM2.5,14.9,ug/m3,open-meteo-cams
b8183de2-13d3-41e8-832f-ca975fab4989,CG004,21.48,81.774,2026-03-13T07:00,NO2,0.7,ug/m3,open-meteo-cams
b8183de2-13d3-41e8-832f-ca975fab4989,CG004,21.48,81.774,2026-03-13T07:00,SO2,11.8,ug/m3,open-meteo-cams
b8183de2-13d3-41e8-832f-ca975fab4989,CG004,21.48,81.774,2026-03-13T08:00,PM2.5,13.4,ug/m3,open-meteo-cams
b8183de2-13d3-41e8-832f-ca975fab4989,CG004,21.48,81.774,2026-03-13T08:00,NO2,0.4,ug/m3,open-meteo-cams
b8183de2-13d3-41e8-832f-ca975fab4989,CG004,21.48,81.774,2026-03-13T08:00,SO2,8.7,ug/m3,open-meteo-cams
b8183de2-13d3-41e8-832f-ca975fab4989,CG004,21.48,81.774,2026-03-13T09:00,PM2.5,12.2,ug/m3,open-meteo-cams
b8183de2-13d3-41e8-832f-ca975fab4989,CG004,21.48,81.774,2026-03-13T09:00,NO2,0.7,ug/m3,open-meteo-cams
b8183de2-13d3-41e8-832f-ca975fab4989,CG004,21.48,81.774,2026-03-13T09:00,SO2,6.3,ug/m3,open-meteo-cams
b8183de2-13d3-41e8-832f-ca975fab4989,CG004,21.48,81.774,2026-03-13T10:00,PM2.5,11.3,ug/m3,open-meteo-cams
b8183de2-13d3-41e8-832f-ca975fab4989,CG004,21.48,81.774,2026-03-13T10:00,NO2,1.4,ug/m3,open-meteo-cams
b8183de2-13d3-41e8-832f-ca975fab4989,CG004,21.48,81.774,2026-03-13T10:00,SO2,5.3,ug/m3,open-meteo-cams
b8183de2-13d3-41e8-832f-ca975fab4989,CG004,21.48,81.774,2026-03-13T11:00,PM2.5,11.1,ug/m3,open-meteo-cams
b8183de2-13d3-41e8-832f-ca975fab4989,CG004,21.48,81.774,2026-03-13T11:00,NO2,2.6,ug/m3,open-meteo-cams
b8183de2-13d3-41e8-832f-ca975fab4989,CG004,21.48,81.774,2026-03-13T11:00,SO2,4.9,ug/m3,open-meteo-cams
b8183de2-13d3-41e8-832f-ca975fab4989,CG004,21.48,81.774,2026-03-13T12:00,PM2.5,16.6,ug/m3,open-meteo-cams
b8183de2-13d3-41e8-832f-ca975fab4989,CG004,21.48,81.774,2026-03-13T12:00,NO2,5.1,ug/m3,open-meteo-cams
b8183de2-13d3-41e8-832f-ca975fab4989,CG004,21.48,81.774,2026-03-13T12:00,SO2,5.4,ug/m3,open-meteo-cams
b8183de2-13d3-41e8-832f-ca975fab4989,CG004,21.48,81.774,2026-03-13T13:00,PM2.5,25.4,ug/m3,open-meteo-cams
b8183de2-13d3-41e8-832f-ca975fab4989,CG004,21.48,81.774,2026-03-13T13:00,NO2,9.8,ug/m3,open-meteo-cams
b8183de2-13d3-41e8-832f-ca975fab4989,CG004,21.48,81.774,2026-03-13T13:00,SO2,7.2,ug/m3,open-meteo-cams
b8183de2-13d3-41e8-832f-ca975fab4989,CG004,21.48,81.774,2026-03-13T14:00,PM2.5,31.0,ug/m3,open-meteo-cams
b8183de2-13d3-41e8-832f-ca975fab4989,CG004,21.48,81.774,2026-03-13T14:00,NO2,15.7,ug/m3,open-meteo-cams
b8183de2-13d3-41e8-832f-ca975fab4989,CG004,21.48,81.774,2026-03-13T14:00,SO2,9.7,ug/m3,open-meteo-cams
b8183de2-13d3-41e8-832f-ca975fab4989,CG004,21.48,81.774,2026-03-13T15:00,PM2.5,32.5,ug/m3,open-meteo-cams
b8183de2-13d3-41e8-832f-ca975fab4989,CG004,21.48,81.774,2026-03-13T15:00,NO2,20.5,ug/m3,open-meteo-cams
b8183de2-13d3-41e8-832f-ca975fab4989,CG004,21.48,81.774,2026-03-13T15:00,SO2,11.7,ug/m3,open-meteo-cams
b8183de2-13d3-41e8-832f-ca975fab4989,CG004,21.48,81.774,2026-03-13T16:00,PM2.5,34.9,ug/m3,open-meteo-cams
b8183de2-13d3-41e8-832f-ca975fab4989,CG004,21.48,81.774,2026-03-13T16:00,NO2,23.1,ug/m3,open-meteo-cams
b8183de2-13d3-41e8-832f-ca975fab4989,CG004,21.48,81.774,2026-03-13T16:00,SO2,12.5,ug/m3,open-meteo-cams
b8183de2-13d3-41e8-832f-ca975fab4989,CG004,21.48,81.774,2026-03-13T17:00,PM2.5,39.5,ug/m3,open-meteo-cams
b8183de2-13d3-41e8-832f-ca975fab4989,CG004,21.48,81.774,2026-03-13T17:00,NO2,24.5,ug/m3,open-meteo-cams
b8183de2-13d3-41e8-832f-ca975fab4989,CG004,21.48,81.774,2026-03-13T17:00,SO2,12.7,ug/m3,open-meteo-cams
b8183de2-13d3-41e8-832f-ca975fab4989,CG004,21.48,81.774,2026-03-13T18:00,PM2.5,46.4,ug/m3,open-meteo-cams
b8183de2-13d3-41e8-832f-ca975fab4989,CG004,21.48,81.774,2026-03-13T18:00,NO2,25.5,ug/m3,open-meteo-cams
b8183de2-13d3-41e8-832f-ca975fab4989,CG004,21.48,81.774,2026-03-13T18:00,SO2,12.5,ug/m3,open-meteo-cams
b8183de2-13d3-41e8-832f-ca975fab4989,CG004,21.48,81.774,2026-03-13T19:00,PM2.5,55.8,ug/m3,open-meteo-cams
b8183de2-13d3-41e8-832f-ca975fab4989,CG004,21.48,81.774,2026-03-13T19:00,NO2,25.9,ug/m3,open-meteo-cams
b8183de2-13d3-41e8-832f-ca975fab4989,CG004,21.48,81.774,2026-03-13T19:00,SO2,11.6,ug/m3,open-meteo-cams
b8183de2-13d3-41e8-832f-ca975fab4989,CG004,21.48,81.774,2026-03-13T20:00,PM2.5,60.1,ug/m3,open-meteo-cams
b8183de2-13d3-41e8-832f-ca975fab4989,CG004,21.48,81.774,2026-03-13T20:00,NO2,25.9,ug/m3,open-meteo-cams
b8183de2-13d3-41e8-832f-ca975fab4989,CG004,21.48,81.774,2026-03-13T20:00,SO2,10.4,ug/m3,open-meteo-cams
b8183de2-13d3-41e8-832f-ca975fab4989,CG004,21.48,81.774,2026-03-13T21:00,PM2.5,63.6,ug/m3,open-meteo-cams
b8183de2-13d3-41e8-832f-ca975fab4989,CG004,21.48,81.774,2026-03-13T21:00,NO2,26.4,ug/m3,open-meteo-cams
b8183de2-13d3-41e8-832f-ca975fab4989,CG004,21.48,81.774,2026-03-13T21:00,SO2,9.5,ug/m3,open-meteo-cams
b8183de2-13d3-41e8-832f-ca975fab4989,CG004,21.48,81.774,2026-03-13T22:00,PM2.5,67.8,ug/m3,open-meteo-cams
b8183de2-13d3-41e8-832f-ca975fab4989,CG004,21.48,81.774,2026-03-13T22:00,NO2,28.0,ug/m3,open-meteo-cams
b8183de2-13d3-41e8-832f-ca975fab4989,CG004,21.48,81.774,2026-03-13T22:00,SO2,9.4,ug/m3,open-meteo-cams
b8183de2-13d3-41e8-832f-ca975fab4989,CG004,21.48,81.774,2026-03-13T23:00,PM2.5,71.9,ug/m3,open-meteo-cams
b8183de2-13d3-41e8-832f-ca975fab4989,CG004,21.48,81.774,2026-03-13T23:00,NO2,30.2,ug/m3,open-meteo-cams
b8183de2-13d3-41e8-832f-ca975fab4989,CG004,21.48,81.774,2026-03-13T23:00,SO2,9.8,ug/m3,open-meteo-cams
b8183de2-13d3-41e8-832f-ca975fab4989,CG004,21.48,81.774,2026-03-14T00:00,PM2.5,78.2,ug/m3,open-meteo-cams
b8183de2-13d3-41e8-832f-ca975fab4989,CG004,21.48,81.774,2026-03-14T00:00,NO2,31.7,ug/m3,open-meteo-cams
b8183de2-13d3-41e8-832f-ca975fab4989,CG004,21.48,81.774,2026-03-14T00:00,SO2,10.3,ug/m3,open-meteo-cams
b8183de2-13d3-41e8-832f-ca975fab4989,CG004,21.48,81.774,2026-03-14T01:00,PM2.5,82.9,ug/m3,open-meteo-cams
b8183de2-13d3-41e8-832f-ca975fab4989,CG004,21.48,81.774,2026-03-14T01:00,NO2,32.9,ug/m3,open-meteo-cams
b8183de2-13d3-41e8-832f-ca975fab4989,CG004,21.48,81.774,2026-03-14T01:00,SO2,11.2,ug/m3,open-meteo-cams
b8183de2-13d3-41e8-832f-ca975fab4989,CG004,21.48,81.774,2026-03-14T02:00,PM2.5,76.1,ug/m3,open-meteo-cams
b8183de2-13d3-41e8-832f-ca975fab4989,CG004,21.48,81.774,2026-03-14T02:00,NO2,33.5,ug/m3,open-meteo-cams
b8183de2-13d3-41e8-832f-ca975fab4989,CG004,21.48,81.774,2026-03-14T02:00,SO2,12.3,ug/m3,open-meteo-cams
b8183de2-13d3-41e8-832f-ca975fab4989,CG004,21.48,81.774,2026-03-14T03:00,PM2.5,61.5,ug/m3,open-meteo-cams
b8183de2-13d3-41e8-832f-ca975fab4989,CG004,21.48,81.774,2026-03-14T03:00,NO2,31.5,ug/m3,open-meteo-cams
b8183de2-13d3-41e8-832f-ca975fab4989,CG004,21.48,81.774,2026-03-14T03:00,SO2,12.9,ug/m3,open-meteo-cams
b8183de2-13d3-41e8-832f-ca975fab4989,CG004,21.48,81.774,2026-03-14T04:00,PM2.5,51.2,ug/m3,open-meteo-cams
b8183de2-13d3-41e8-832f-ca975fab4989,CG004,21.48,81.774,2026-03-14T04:00,NO2,24.8,ug/m3,open-meteo-cams
b8183de2-13d3-41e8-832f-ca975fab4989,CG004,21.48,81.774,2026-03-14T04:00,SO2,12.8,ug/m3,open-meteo-cams
b8183de2-13d3-41e8-832f-ca975fab4989,CG004,21.48,81.774,2026-03-14T05:00,PM2.5,44.9,ug/m3,open-meteo-cams
b8183de2-13d3-41e8-832f-ca975fab4989,CG004,21.48,81.774,2026-03-14T05:00,NO2,15.5,ug/m3,open-meteo-cams
b8183de2-13d3-41e8-832f-ca975fab4989,CG004,21.48,81.774,2026-03-14T05:00,SO2,12.3,ug/m3,open-meteo-cams
b8183de2-13d3-41e8-832f-ca975fab4989,CG004,21.48,81.774,2026-03-14T06:00,PM2.5,36.8,ug/m3,open-meteo-cams
b8183de2-13d3-41e8-832f-ca975fab4989,CG004,21.48,81.774,2026-03-14T06:00,NO2,8.2,ug/m3,open-meteo-cams
b8183de2-13d3-41e8-832f-ca975fab4989,CG004,21.48,81.774,2026-03-14T06:00,SO2,11.3,ug/m3,open-meteo-cams
b8183de2-13d3-41e8-832f-ca975fab4989,CG004,21.48,81.774,2026-03-14T07:00,PM2.5,31.4,ug/m3,open-meteo-cams
b8183de2-13d3-41e8-832f-ca975fab4989,CG004,21.48,81.774,2026-03-14T07:00,NO2,4.5,ug/m3,open-meteo-cams
b8183de2-13d3-41e8-832f-ca975fab4989,CG004,21.48,81.774,2026-03-14T07:00,SO2,9.6,ug/m3,open-meteo-cams
b8183de2-13d3-41e8-832f-ca975fab4989,CG004,21.48,81.774,2026-03-14T08:00,PM2.5,23.3,ug/m3,open-meteo-cams
b8183de2-13d3-41e8-832f-ca975fab4989,CG004,21.48,81.774,2026-03-14T08:00,NO2,2.6,ug/m3,open-meteo-cams
b8183de2-13d3-41e8-832f-ca975fab4989,CG004,21.48,81.774,2026-03-14T08:00,SO2,7.4,ug/m3,open-meteo-cams
b8183de2-13d3-41e8-832f-ca975fab4989,CG004,21.48,81.774,2026-03-14T09:00,PM2.5,19.0,ug/m3,open-meteo-cams
b8183de2-13d3-41e8-832f-ca975fab4989,CG004,21.48,81.774,2026-03-14T09:00,NO2,2.1,ug/m3,open-meteo-cams
b8183de2-13d3-41e8-832f-ca975fab4989,CG004,21.48,81.774,2026-03-14T09:00,SO2,5.9,ug/m3,open-meteo-cams
b8183de2-13d3-41e8-832f-ca975fab4989,CG004,21.48,81.774,2026-03-14T10:00,PM2.5,18.1,ug/m3,open-meteo-cams
b8183de2-13d3-41e8-832f-ca975fab4989,CG004,21.48,81.774,2026-03-14T10:00,NO2,2.7,ug/m3,open-meteo-cams
b8183de2-13d3-41e8-832f-ca975fab4989,CG004,21.48,81.774,2026-03-14T10:00,SO2,5.4,ug/m3,open-meteo-cams
b8183de2-13d3-41e8-832f-ca975fab4989,CG004,21.48,81.774,2026-03-14T11:00,PM2.5,18.2,ug/m3,open-meteo-cams
b8183de2-13d3-41e8-832f-ca975fab4989,CG004,21.48,81.774,2026-03-14T11:00,NO2,4.6,ug/m3,open-meteo-cams
b8183de2-13d3-41e8-832f-ca975fab4989,CG004,21.48,81.774,2026-03-14T11:00,SO2,5.6,ug/m3,open-meteo-cams
b8183de2-13d3-41e8-832f-ca975fab4989,CG004,21.48,81.774,2026-03-14T12:00,PM2.5,24.2,ug/m3,open-meteo-cams
b8183de2-13d3-41e8-832f-ca975fab4989,CG004,21.48,81.774,2026-03-14T12:00,NO2,7.7,ug/m3,open-meteo-cams
b8183de2-13d3-41e8-832f-ca975fab4989,CG004,21.48,81.774,2026-03-14T12:00,SO2,6.4,ug/m3,open-meteo-cams
b8183de2-13d3-41e8-832f-ca975fab4989,CG004,21.48,81.774,2026-03-14T13:00,PM2.5,33.5,ug/m3,open-meteo-cams
b8183de2-13d3-41e8-832f-ca975fab4989,CG004,21.48,81.774,2026-03-14T13:00,NO2,12.5,ug/m3,open-meteo-cams
b8183de2-13d3-41e8-832f-ca975fab4989,CG004,21.48,81.774,2026-03-14T13:00,SO2,8.1,ug/m3,open-meteo-cams
b8183de2-13d3-41e8-832f-ca975fab4989,CG004,21.48,81.774,2026-03-14T14:00,PM2.5,37.5,ug/m3,open-meteo-cams
b8183de2-13d3-41e8-832f-ca975fab4989,CG004,21.48,81.774,2026-03-14T14:00,NO2,18.4,ug/m3,open-meteo-cams
b8183de2-13d3-41e8-832f-ca975fab4989,CG004,21.48,81.774,2026-03-14T14:00,SO2,10.4,ug/m3,open-meteo-cams
b8183de2-13d3-41e8-832f-ca975fab4989,CG004,21.48,81.774,2026-03-14T15:00,PM2.5,38.9,ug/m3,open-meteo-cams
b8183de2-13d3-41e8-832f-ca975fab4989,CG004,21.48,81.774,2026-03-14T15:00,NO2,23.5,ug/m3,open-meteo-cams
b8183de2-13d3-41e8-832f-ca975fab4989,CG004,21.48,81.774,2026-03-14T15:00,SO2,12.1,ug/m3,open-meteo-cams
b8183de2-13d3-41e8-832f-ca975fab4989,CG004,21.48,81.774,2026-03-14T16:00,PM2.5,41.4,ug/m3,open-meteo-cams
b8183de2-13d3-41e8-832f-ca975fab4989,CG004,21.48,81.774,2026-03-14T16:00,NO2,26.9,ug/m3,open-meteo-cams
b8183de2-13d3-41e8-832f-ca975fab4989,CG004,21.48,81.774,2026-03-14T16:00,SO2,12.6,ug/m3,open-meteo-cams
b8183de2-13d3-41e8-832f-ca975fab4989,CG004,21.48,81.774,2026-03-14T17:00,PM2.5,44.8,ug/m3,open-meteo-cams
b8183de2-13d3-41e8-832f-ca975fab4989,CG004,21.48,81.774,2026-03-14T17:00,NO2,29.4,ug/m3,open-meteo-cams
b8183de2-13d3-41e8-832f-ca975fab4989,CG004,21.48,81.774,2026-03-14T17:00,SO2,12.5,ug/m3,open-meteo-cams
b8183de2-13d3-41e8-832f-ca975fab4989,CG004,21.48,81.774,2026-03-14T18:00,PM2.5,48.0,ug/m3,open-meteo-cams
b8183de2-13d3-41e8-832f-ca975fab4989,CG004,21.48,81.774,2026-03-14T18:00,NO2,31.3,ug/m3,open-meteo-cams
b8183de2-13d3-41e8-832f-ca975fab4989,CG004,21.48,81.774,2026-03-14T18:00,SO2,12.2,ug/m3,open-meteo-cams
b8183de2-13d3-41e8-832f-ca975fab4989,CG004,21.48,81.774,2026-03-14T19:00,PM2.5,50.4,ug/m3,open-meteo-cams
b8183de2-13d3-41e8-832f-ca975fab4989,CG004,21.48,81.774,2026-03-14T19:00,NO2,32.9,ug/m3,open-meteo-cams
b8183de2-13d3-41e8-832f-ca975fab4989,CG004,21.48,81.774,2026-03-14T19:00,SO2,11.9,ug/m3,open-meteo-cams
b8183de2-13d3-41e8-832f-ca975fab4989,CG004,21.48,81.774,2026-03-14T20:00,PM2.5,53.2,ug/m3,open-meteo-cams
b8183de2-13d3-41e8-832f-ca975fab4989,CG004,21.48,81.774,2026-03-14T20:00,NO2,34.0,ug/m3,open-meteo-cams
b8183de2-13d3-41e8-832f-ca975fab4989,CG004,21.48,81.774,2026-03-14T20:00,SO2,11.5,ug/m3,open-meteo-cams
b8183de2-13d3-41e8-832f-ca975fab4989,CG004,21.48,81.774,2026-03-14T21:00,PM2.5,56.5,ug/m3,open-meteo-cams
b8183de2-13d3-41e8-832f-ca975fab4989,CG004,21.48,81.774,2026-03-14T21:00,NO2,34.0,ug/m3,open-meteo-cams
b8183de2-13d3-41e8-832f-ca975fab4989,CG004,21.48,81.774,2026-03-14T21:00,SO2,11.1,ug/m3,open-meteo-cams
b8183de2-13d3-41e8-832f-ca975fab4989,CG004,21.48,81.774,2026-03-14T22:00,PM2.5,60.1,ug/m3,open-meteo-cams
b8183de2-13d3-41e8-832f-ca975fab4989,CG004,21.48,81.774,2026-03-14T22:00,NO2,32.5,ug/m3,open-meteo-cams
b8183de2-13d3-41e8-832f-ca975fab4989,CG004,21.48,81.774,2026-03-14T22:00,SO2,10.5,ug/m3,open-meteo-cams
b8183de2-13d3-41e8-832f-ca975fab4989,CG004,21.48,81.774,2026-03-14T23:00,PM2.5,60.8,ug/m3,open-meteo-cams
b8183de2-13d3-41e8-832f-ca975fab4989,CG004,21.48,81.774,2026-03-14T23:00,NO2,30.0,ug/m3,open-meteo-cams
b8183de2-13d3-41e8-832f-ca975fab4989,CG004,21.48,81.774,2026-03-14T23:00,SO2,9.9,ug/m3,open-meteo-cams
2201beb9-182c-4772-8216-f09d4682cae9,CG005,21.49,81.782,2026-03-13T00:00,PM2.5,65.9,ug/m3,open-meteo-cams
2201beb9-182c-4772-8216-f09d4682cae9,CG005,21.49,81.782,2026-03-13T00:00,NO2,23.5,ug/m3,open-meteo-cams
2201beb9-182c-4772-8216-f09d4682cae9,CG005,21.49,81.782,2026-03-13T00:00,SO2,7.6,ug/m3,open-meteo-cams
2201beb9-182c-4772-8216-f09d4682cae9,CG005,21.49,81.782,2026-03-13T01:00,PM2.5,68.9,ug/m3,open-meteo-cams
2201beb9-182c-4772-8216-f09d4682cae9,CG005,21.49,81.782,2026-03-13T01:00,NO2,19.7,ug/m3,open-meteo-cams
2201beb9-182c-4772-8216-f09d4682cae9,CG005,21.49,81.782,2026-03-13T01:00,SO2,7.9,ug/m3,open-meteo-cams
2201beb9-182c-4772-8216-f09d4682cae9,CG005,21.49,81.782,2026-03-13T02:00,PM2.5,73.6,ug/m3,open-meteo-cams
2201beb9-182c-4772-8216-f09d4682cae9,CG005,21.49,81.782,2026-03-13T02:00,NO2,14.3,ug/m3,open-meteo-cams
2201beb9-182c-4772-8216-f09d4682cae9,CG005,21.49,81.782,2026-03-13T02:00,SO2,8.5,ug/m3,open-meteo-cams
2201beb9-182c-4772-8216-f09d4682cae9,CG005,21.49,81.782,2026-03-13T03:00,PM2.5,55.9,ug/m3,open-meteo-cams
2201beb9-182c-4772-8216-f09d4682cae9,CG005,21.49,81.782,2026-03-13T03:00,NO2,9.6,ug/m3,open-meteo-cams
2201beb9-182c-4772-8216-f09d4682cae9,CG005,21.49,81.782,2026-03-13T03:00,SO2,9.3,ug/m3,open-meteo-cams
2201beb9-182c-4772-8216-f09d4682cae9,CG005,21.49,81.782,2026-03-13T04:00,PM2.5,38.1,ug/m3,open-meteo-cams
2201beb9-182c-4772-8216-f09d4682cae9,CG005,21.49,81.782,2026-03-13T04:00,NO2,6.3,ug/m3,open-meteo-cams
2201beb9-182c-4772-8216-f09d4682cae9,CG005,21.49,81.782,2026-03-13T04:00,SO2,11.0,ug/m3,open-meteo-cams
2201beb9-182c-4772-8216-f09d4682cae9,CG005,21.49,81.782,2026-03-13T05:00,PM2.5,24.7,ug/m3,open-meteo-cams
2201beb9-182c-4772-8216-f09d4682cae9,CG005,21.49,81.782,2026-03-13T05:00,NO2,3.7,ug/m3,open-meteo-cams
2201beb9-182c-4772-8216-f09d4682cae9,CG005,21.49,81.782,2026-03-13T05:00,SO2,12.9,ug/m3,open-meteo-cams
2201beb9-182c-4772-8216-f09d4682cae9,CG005,21.49,81.782,2026-03-13T06:00,PM2.5,17.9,ug/m3,open-meteo-cams
2201beb9-182c-4772-8216-f09d4682cae9,CG005,21.49,81.782,2026-03-13T06:00,NO2,1.8,ug/m3,open-meteo-cams
2201beb9-182c-4772-8216-f09d4682cae9,CG005,21.49,81.782,2026-03-13T06:00,SO2,13.6,ug/m3,open-meteo-cams
2201beb9-182c-4772-8216-f09d4682cae9,CG005,21.49,81.782,2026-03-13T07:00,PM2.5,14.9,ug/m3,open-meteo-cams
2201beb9-182c-4772-8216-f09d4682cae9,CG005,21.49,81.782,2026-03-13T07:00,NO2,0.7,ug/m3,open-meteo-cams
2201beb9-182c-4772-8216-f09d4682cae9,CG005,21.49,81.782,2026-03-13T07:00,SO2,11.8,ug/m3,open-meteo-cams
2201beb9-182c-4772-8216-f09d4682cae9,CG005,21.49,81.782,2026-03-13T08:00,PM2.5,13.4,ug/m3,open-meteo-cams
2201beb9-182c-4772-8216-f09d4682cae9,CG005,21.49,81.782,2026-03-13T08:00,NO2,0.4,ug/m3,open-meteo-cams
2201beb9-182c-4772-8216-f09d4682cae9,CG005,21.49,81.782,2026-03-13T08:00,SO2,8.7,ug/m3,open-meteo-cams
2201beb9-182c-4772-8216-f09d4682cae9,CG005,21.49,81.782,2026-03-13T09:00,PM2.5,12.2,ug/m3,open-meteo-cams
2201beb9-182c-4772-8216-f09d4682cae9,CG005,21.49,81.782,2026-03-13T09:00,NO2,0.7,ug/m3,open-meteo-cams
2201beb9-182c-4772-8216-f09d4682cae9,CG005,21.49,81.782,2026-03-13T09:00,SO2,6.3,ug/m3,open-meteo-cams
2201beb9-182c-4772-8216-f09d4682cae9,CG005,21.49,81.782,2026-03-13T10:00,PM2.5,11.3,ug/m3,open-meteo-cams
2201beb9-182c-4772-8216-f09d4682cae9,CG005,21.49,81.782,2026-03-13T10:00,NO2,1.4,ug/m3,open-meteo-cams
2201beb9-182c-4772-8216-f09d4682cae9,CG005,21.49,81.782,2026-03-13T10:00,SO2,5.3,ug/m3,open-meteo-cams
2201beb9-182c-4772-8216-f09d4682cae9,CG005,21.49,81.782,2026-03-13T11:00,PM2.5,11.1,ug/m3,open-meteo-cams
2201beb9-182c-4772-8216-f09d4682cae9,CG005,21.49,81.782,2026-03-13T11:00,NO2,2.6,ug/m3,open-meteo-cams
2201beb9-182c-4772-8216-f09d4682cae9,CG005,21.49,81.782,2026-03-13T11:00,SO2,4.9,ug/m3,open-meteo-cams
2201beb9-182c-4772-8216-f09d4682cae9,CG005,21.49,81.782,2026-03-13T12:00,PM2.5,16.6,ug/m3,open-meteo-cams
2201beb9-182c-4772-8216-f09d4682cae9,CG005,21.49,81.782,2026-03-13T12:00,NO2,5.1,ug/m3,open-meteo-cams
2201beb9-182c-4772-8216-f09d4682cae9,CG005,21.49,81.782,2026-03-13T12:00,SO2,5.4,ug/m3,open-meteo-cams
2201beb9-182c-4772-8216-f09d4682cae9,CG005,21.49,81.782,2026-03-13T13:00,PM2.5,25.4,ug/m3,open-meteo-cams
2201beb9-182c-4772-8216-f09d4682cae9,CG005,21.49,81.782,2026-03-13T13:00,NO2,9.8,ug/m3,open-meteo-cams
2201beb9-182c-4772-8216-f09d4682cae9,CG005,21.49,81.782,2026-03-13T13:00,SO2,7.2,ug/m3,open-meteo-cams
2201beb9-182c-4772-8216-f09d4682cae9,CG005,21.49,81.782,2026-03-13T14:00,PM2.5,31.0,ug/m3,open-meteo-cams
2201beb9-182c-4772-8216-f09d4682cae9,CG005,21.49,81.782,2026-03-13T14:00,NO2,15.7,ug/m3,open-meteo-cams
2201beb9-182c-4772-8216-f09d4682cae9,CG005,21.49,81.782,2026-03-13T14:00,SO2,9.7,ug/m3,open-meteo-cams
2201beb9-182c-4772-8216-f09d4682cae9,CG005,21.49,81.782,2026-03-13T15:00,PM2.5,32.5,ug/m3,open-meteo-cams
2201beb9-182c-4772-8216-f09d4682cae9,CG005,21.49,81.782,2026-03-13T15:00,NO2,20.5,ug/m3,open-meteo-cams
2201beb9-182c-4772-8216-f09d4682cae9,CG005,21.49,81.782,2026-03-13T15:00,SO2,11.7,ug/m3,open-meteo-cams
2201beb9-182c-4772-8216-f09d4682cae9,CG005,21.49,81.782,2026-03-13T16:00,PM2.5,34.9,ug/m3,open-meteo-cams
2201beb9-182c-4772-8216-f09d4682cae9,CG005,21.49,81.782,2026-03-13T16:00,NO2,23.1,ug/m3,open-meteo-cams
2201beb9-182c-4772-8216-f09d4682cae9,CG005,21.49,81.782,2026-03-13T16:00,SO2,12.5,ug/m3,open-meteo-cams
2201beb9-182c-4772-8216-f09d4682cae9,CG005,21.49,81.782,2026-03-13T17:00,PM2.5,39.5,ug/m3,open-meteo-cams
2201beb9-182c-4772-8216-f09d4682cae9,CG005,21.49,81.782,2026-03-13T17:00,NO2,24.5,ug/m3,open-meteo-cams
2201beb9-182c-4772-8216-f09d4682cae9,CG005,21.49,81.782,2026-03-13T17:00,SO2,12.7,ug/m3,open-meteo-cams
2201beb9-182c-4772-8216-f09d4682cae9,CG005,21.49,81.782,2026-03-13T18:00,PM2.5,46.4,ug/m3,open-meteo-cams
2201beb9-182c-4772-8216-f09d4682cae9,CG005,21.49,81.782,2026-03-13T18:00,NO2,25.5,ug/m3,open-meteo-cams
2201beb9-182c-4772-8216-f09d4682cae9,CG005,21.49,81.782,2026-03-13T18:00,SO2,12.5,ug/m3,open-meteo-cams
2201beb9-182c-4772-8216-f09d4682cae9,CG005,21.49,81.782,2026-03-13T19:00,PM2.5,55.8,ug/m3,open-meteo-cams
2201beb9-182c-4772-8216-f09d4682cae9,CG005,21.49,81.782,2026-03-13T19:00,NO2,25.9,ug/m3,open-meteo-cams
2201beb9-182c-4772-8216-f09d4682cae9,CG005,21.49,81.782,2026-03-13T19:00,SO2,11.6,ug/m3,open-meteo-cams
2201beb9-182c-4772-8216-f09d4682cae9,CG005,21.49,81.782,2026-03-13T20:00,PM2.5,60.1,ug/m3,open-meteo-cams
2201beb9-182c-4772-8216-f09d4682cae9,CG005,21.49,81.782,2026-03-13T20:00,NO2,25.9,ug/m3,open-meteo-cams
2201beb9-182c-4772-8216-f09d4682cae9,CG005,21.49,81.782,2026-03-13T20:00,SO2,10.4,ug/m3,open-meteo-cams
2201beb9-182c-4772-8216-f09d4682cae9,CG005,21.49,81.782,2026-03-13T21:00,PM2.5,63.6,ug/m3,open-meteo-cams
2201beb9-182c-4772-8216-f09d4682cae9,CG005,21.49,81.782,2026-03-13T21:00,NO2,26.4,ug/m3,open-meteo-cams
2201beb9-182c-4772-8216-f09d4682cae9,CG005,21.49,81.782,2026-03-13T21:00,SO2,9.5,ug/m3,open-meteo-cams
2201beb9-182c-4772-8216-f09d4682cae9,CG005,21.49,81.782,2026-03-13T22:00,PM2.5,67.8,ug/m3,open-meteo-cams
2201beb9-182c-4772-8216-f09d4682cae9,CG005,21.49,81.782,2026-03-13T22:00,NO2,28.0,ug/m3,open-meteo-cams
2201beb9-182c-4772-8216-f09d4682cae9,CG005,21.49,81.782,2026-03-13T22:00,SO2,9.4,ug/m3,open-meteo-cams
2201beb9-182c-4772-8216-f09d4682cae9,CG005,21.49,81.782,2026-03-13T23:00,PM2.5,71.9,ug/m3,open-meteo-cams
2201beb9-182c-4772-8216-f09d4682cae9,CG005,21.49,81.782,2026-03-13T23:00,NO2,30.2,ug/m3,open-meteo-cams
2201beb9-182c-4772-8216-f09d4682cae9,CG005,21.49,81.782,2026-03-13T23:00,SO2,9.8,ug/m3,open-meteo-cams
2201beb9-182c-4772-8216-f09d4682cae9,CG005,21.49,81.782,2026-03-14T00:00,PM2.5,78.2,ug/m3,open-meteo-cams
2201beb9-182c-4772-8216-f09d4682cae9,CG005,21.49,81.782,2026-03-14T00:00,NO2,31.7,ug/m3,open-meteo-cams
2201beb9-182c-4772-8216-f09d4682cae9,CG005,21.49,81.782,2026-03-14T00:00,SO2,10.3,ug/m3,open-meteo-cams
2201beb9-182c-4772-8216-f09d4682cae9,CG005,21.49,81.782,2026-03-14T01:00,PM2.5,82.9,ug/m3,open-meteo-cams
2201beb9-182c-4772-8216-f09d4682cae9,CG005,21.49,81.782,2026-03-14T01:00,NO2,32.9,ug/m3,open-meteo-cams
2201beb9-182c-4772-8216-f09d4682cae9,CG005,21.49,81.782,2026-03-14T01:00,SO2,11.2,ug/m3,open-meteo-cams
2201beb9-182c-4772-8216-f09d4682cae9,CG005,21.49,81.782,2026-03-14T02:00,PM2.5,76.1,ug/m3,open-meteo-cams
2201beb9-182c-4772-8216-f09d4682cae9,CG005,21.49,81.782,2026-03-14T02:00,NO2,33.5,ug/m3,open-meteo-cams
2201beb9-182c-4772-8216-f09d4682cae9,CG005,21.49,81.782,2026-03-14T02:00,SO2,12.3,ug/m3,open-meteo-cams
2201beb9-182c-4772-8216-f09d4682cae9,CG005,21.49,81.782,2026-03-14T03:00,PM2.5,61.5,ug/m3,open-meteo-cams
2201beb9-182c-4772-8216-f09d4682cae9,CG005,21.49,81.782,2026-03-14T03:00,NO2,31.5,ug/m3,open-meteo-cams
2201beb9-182c-4772-8216-f09d4682cae9,CG005,21.49,81.782,2026-03-14T03:00,SO2,12.9,ug/m3,open-meteo-cams
2201beb9-182c-4772-8216-f09d4682cae9,CG005,21.49,81.782,2026-03-14T04:00,PM2.5,51.2,ug/m3,open-meteo-cams
2201beb9-182c-4772-8216-f09d4682cae9,CG005,21.49,81.782,2026-03-14T04:00,NO2,24.8,ug/m3,open-meteo-cams
2201beb9-182c-4772-8216-f09d4682cae9,CG005,21.49,81.782,2026-03-14T04:00,SO2,12.8,ug/m3,open-meteo-cams
2201beb9-182c-4772-8216-f09d4682cae9,CG005,21.49,81.782,2026-03-14T05:00,PM2.5,44.9,ug/m3,open-meteo-cams
2201beb9-182c-4772-8216-f09d4682cae9,CG005,21.49,81.782,2026-03-14T05:00,NO2,15.5,ug/m3,open-meteo-cams
2201beb9-182c-4772-8216-f09d4682cae9,CG005,21.49,81.782,2026-03-14T05:00,SO2,12.3,ug/m3,open-meteo-cams
2201beb9-182c-4772-8216-f09d4682cae9,CG005,21.49,81.782,2026-03-14T06:00,PM2.5,36.8,ug/m3,open-meteo-cams
2201beb9-182c-4772-8216-f09d4682cae9,CG005,21.49,81.782,2026-03-14T06:00,NO2,8.2,ug/m3,open-meteo-cams
2201beb9-182c-4772-8216-f09d4682cae9,CG005,21.49,81.782,2026-03-14T06:00,SO2,11.3,ug/m3,open-meteo-cams
2201beb9-182c-4772-8216-f09d4682cae9,CG005,21.49,81.782,2026-03-14T07:00,PM2.5,31.4,ug/m3,open-meteo-cams
2201beb9-182c-4772-8216-f09d4682cae9,CG005,21.49,81.782,2026-03-14T07:00,NO2,4.5,ug/m3,open-meteo-cams
2201beb9-182c-4772-8216-f09d4682cae9,CG005,21.49,81.782,2026-03-14T07:00,SO2,9.6,ug/m3,open-meteo-cams
2201beb9-182c-4772-8216-f09d4682cae9,CG005,21.49,81.782,2026-03-14T08:00,PM2.5,23.3,ug/m3,open-meteo-cams
2201beb9-182c-4772-8216-f09d4682cae9,CG005,21.49,81.782,2026-03-14T08:00,NO2,2.6,ug/m3,open-meteo-cams
2201beb9-182c-4772-8216-f09d4682cae9,CG005,21.49,81.782,2026-03-14T08:00,SO2,7.4,ug/m3,open-meteo-cams
2201beb9-182c-4772-8216-f09d4682cae9,CG005,21.49,81.782,2026-03-14T09:00,PM2.5,19.0,ug/m3,open-meteo-cams
2201beb9-182c-4772-8216-f09d4682cae9,CG005,21.49,81.782,2026-03-14T09:00,NO2,2.1,ug/m3,open-meteo-cams
2201beb9-182c-4772-8216-f09d4682cae9,CG005,21.49,81.782,2026-03-14T09:00,SO2,5.9,ug/m3,open-meteo-cams
2201beb9-182c-4772-8216-f09d4682cae9,CG005,21.49,81.782,2026-03-14T10:00,PM2.5,18.1,ug/m3,open-meteo-cams
2201beb9-182c-4772-8216-f09d4682cae9,CG005,21.49,81.782,2026-03-14T10:00,NO2,2.7,ug/m3,open-meteo-cams
2201beb9-182c-4772-8216-f09d4682cae9,CG005,21.49,81.782,2026-03-14T10:00,SO2,5.4,ug/m3,open-meteo-cams
2201beb9-182c-4772-8216-f09d4682cae9,CG005,21.49,81.782,2026-03-14T11:00,PM2.5,18.2,ug/m3,open-meteo-cams
2201beb9-182c-4772-8216-f09d4682cae9,CG005,21.49,81.782,2026-03-14T11:00,NO2,4.6,ug/m3,open-meteo-cams
2201beb9-182c-4772-8216-f09d4682cae9,CG005,21.49,81.782,2026-03-14T11:00,SO2,5.6,ug/m3,open-meteo-cams
2201beb9-182c-4772-8216-f09d4682cae9,CG005,21.49,81.782,2026-03-14T12:00,PM2.5,24.2,ug/m3,open-meteo-cams
2201beb9-182c-4772-8216-f09d4682cae9,CG005,21.49,81.782,2026-03-14T12:00,NO2,7.7,ug/m3,open-meteo-cams
2201beb9-182c-4772-8216-f09d4682cae9,CG005,21.49,81.782,2026-03-14T12:00,SO2,6.4,ug/m3,open-meteo-cams
2201beb9-182c-4772-8216-f09d4682cae9,CG005,21.49,81.782,2026-03-14T13:00,PM2.5,33.5,ug/m3,open-meteo-cams
2201beb9-182c-4772-8216-f09d4682cae9,CG005,21.49,81.782,2026-03-14T13:00,NO2,12.5,ug/m3,open-meteo-cams
2201beb9-182c-4772-8216-f09d4682cae9,CG005,21.49,81.782,2026-03-14T13:00,SO2,8.1,ug/m3,open-meteo-cams
2201beb9-182c-4772-8216-f09d4682cae9,CG005,21.49,81.782,2026-03-14T14:00,PM2.5,37.5,ug/m3,open-meteo-cams
2201beb9-182c-4772-8216-f09d4682cae9,CG005,21.49,81.782,2026-03-14T14:00,NO2,18.4,ug/m3,open-meteo-cams
2201beb9-182c-4772-8216-f09d4682cae9,CG005,21.49,81.782,2026-03-14T14:00,SO2,10.4,ug/m3,open-meteo-cams
2201beb9-182c-4772-8216-f09d4682cae9,CG005,21.49,81.782,2026-03-14T15:00,PM2.5,38.9,ug/m3,open-meteo-cams
2201beb9-182c-4772-8216-f09d4682cae9,CG005,21.49,81.782,2026-03-14T15:00,NO2,23.5,ug/m3,open-meteo-cams
2201beb9-182c-4772-8216-f09d4682cae9,CG005,21.49,81.782,2026-03-14T15:00,SO2,12.1,ug/m3,open-meteo-cams
2201beb9-182c-4772-8216-f09d4682cae9,CG005,21.49,81.782,2026-03-14T16:00,PM2.5,41.4,ug/m3,open-meteo-cams
2201beb9-182c-4772-8216-f09d4682cae9,CG005,21.49,81.782,2026-03-14T16:00,NO2,26.9,ug/m3,open-meteo-cams
2201beb9-182c-4772-8216-f09d4682cae9,CG005,21.49,81.782,2026-03-14T16:00,SO2,12.6,ug/m3,open-meteo-cams
2201beb9-182c-4772-8216-f09d4682cae9,CG005,21.49,81.782,2026-03-14T17:00,PM2.5,44.8,ug/m3,open-meteo-cams
2201beb9-182c-4772-8216-f09d4682cae9,CG005,21.49,81.782,2026-03-14T17:00,NO2,29.4,ug/m3,open-meteo-cams
2201beb9-182c-4772-8216-f09d4682cae9,CG005,21.49,81.782,2026-03-14T17:00,SO2,12.5,ug/m3,open-meteo-cams
2201beb9-182c-4772-8216-f09d4682cae9,CG005,21.49,81.782,2026-03-14T18:00,PM2.5,48.0,ug/m3,open-meteo-cams
2201beb9-182c-4772-8216-f09d4682cae9,CG005,21.49,81.782,2026-03-14T18:00,NO2,31.3,ug/m3,open-meteo-cams
2201beb9-182c-4772-8216-f09d4682cae9,CG005,21.49,81.782,2026-03-14T18:00,SO2,12.2,ug/m3,open-meteo-cams
2201beb9-182c-4772-8216-f09d4682cae9,CG005,21.49,81.782,2026-03-14T19:00,PM2.5,50.4,ug/m3,open-meteo-cams
2201beb9-182c-4772-8216-f09d4682cae9,CG005,21.49,81.782,2026-03-14T19:00,NO2,32.9,ug/m3,open-meteo-cams
2201beb9-182c-4772-8216-f09d4682cae9,CG005,21.49,81.782,2026-03-14T19:00,SO2,11.9,ug/m3,open-meteo-cams
2201beb9-182c-4772-8216-f09d4682cae9,CG005,21.49,81.782,2026-03-14T20:00,PM2.5,53.2,ug/m3,open-meteo-cams
2201beb9-182c-4772-8216-f09d4682cae9,CG005,21.49,81.782,2026-03-14T20:00,NO2,34.0,ug/m3,open-meteo-cams
2201beb9-182c-4772-8216-f09d4682cae9,CG005,21.49,81.782,2026-03-14T20:00,SO2,11.5,ug/m3,open-meteo-cams
2201beb9-182c-4772-8216-f09d4682cae9,CG005,21.49,81.782,2026-03-14T21:00,PM2.5,56.5,ug/m3,open-meteo-cams
2201beb9-182c-4772-8216-f09d4682cae9,CG005,21.49,81.782,2026-03-14T21:00,NO2,34.0,ug/m3,open-meteo-cams
2201beb9-182c-4772-8216-f09d4682cae9,CG005,21.49,81.782,2026-03-14T21:00,SO2,11.1,ug/m3,open-meteo-cams
2201beb9-182c-4772-8216-f09d4682cae9,CG005,21.49,81.782,2026-03-14T22:00,PM2.5,60.1,ug/m3,open-meteo-cams
2201beb9-182c-4772-8216-f09d4682cae9,CG005,21.49,81.782,2026-03-14T22:00,NO2,32.5,ug/m3,open-meteo-cams
2201beb9-182c-4772-8216-f09d4682cae9,CG005,21.49,81.782,2026-03-14T22:00,SO2,10.5,ug/m3,open-meteo-cams
2201beb9-182c-4772-8216-f09d4682cae9,CG005,21.49,81.782,2026-03-14T23:00,PM2.5,60.8,ug/m3,open-meteo-cams
2201beb9-182c-4772-8216-f09d4682cae9,CG005,21.49,81.782,2026-03-14T23:00,NO2,30.0,ug/m3,open-meteo-cams
2201beb9-182c-4772-8216-f09d4682cae9,CG005,21.49,81.782,2026-03-14T23:00,SO2,9.9,ug/m3,open-meteo-cams
6b74c24b-57cd-449f-83b5-a4699b501013,CG006,21.5,81.78999999999999,2026-03-13T00:00,PM2.5,65.9,ug/m3,open-meteo-cams
6b74c24b-57cd-449f-83b5-a4699b501013,CG006,21.5,81.78999999999999,2026-03-13T00:00,NO2,23.5,ug/m3,open-meteo-cams
6b74c24b-57cd-449f-83b5-a4699b501013,CG006,21.5,81.78999999999999,2026-03-13T00:00,SO2,7.6,ug/m3,open-meteo-cams
6b74c24b-57cd-449f-83b5-a4699b501013,CG006,21.5,81.78999999999999,2026-03-13T01:00,PM2.5,68.9,ug/m3,open-meteo-cams
6b74c24b-57cd-449f-83b5-a4699b501013,CG006,21.5,81.78999999999999,2026-03-13T01:00,NO2,19.7,ug/m3,open-meteo-cams
6b74c24b-57cd-449f-83b5-a4699b501013,CG006,21.5,81.78999999999999,2026-03-13T01:00,SO2,7.9,ug/m3,open-meteo-cams
6b74c24b-57cd-449f-83b5-a4699b501013,CG006,21.5,81.78999999999999,2026-03-13T02:00,PM2.5,73.6,ug/m3,open-meteo-cams
6b74c24b-57cd-449f-83b5-a4699b501013,CG006,21.5,81.78999999999999,2026-03-13T02:00,NO2,14.3,ug/m3,open-meteo-cams
6b74c24b-57cd-449f-83b5-a4699b501013,CG006,21.5,81.78999999999999,2026-03-13T02:00,SO2,8.5,ug/m3,open-meteo-cams
6b74c24b-57cd-449f-83b5-a4699b501013,CG006,21.5,81.78999999999999,2026-03-13T03:00,PM2.5,55.9,ug/m3,open-meteo-cams
6b74c24b-57cd-449f-83b5-a4699b501013,CG006,21.5,81.78999999999999,2026-03-13T03:00,NO2,9.6,ug/m3,open-meteo-cams
6b74c24b-57cd-449f-83b5-a4699b501013,CG006,21.5,81.78999999999999,2026-03-13T03:00,SO2,9.3,ug/m3,open-meteo-cams
6b74c24b-57cd-449f-83b5-a4699b501013,CG006,21.5,81.78999999999999,2026-03-13T04:00,PM2.5,38.1,ug/m3,open-meteo-cams
6b74c24b-57cd-449f-83b5-a4699b501013,CG006,21.5,81.78999999999999,2026-03-13T04:00,NO2,6.3,ug/m3,open-meteo-cams
6b74c24b-57cd-449f-83b5-a4699b501013,CG006,21.5,81.78999999999999,2026-03-13T04:00,SO2,11.0,ug/m3,open-meteo-cams
6b74c24b-57cd-449f-83b5-a4699b501013,CG006,21.5,81.78999999999999,2026-03-13T05:00,PM2.5,24.7,ug/m3,open-meteo-cams
6b74c24b-57cd-449f-83b5-a4699b501013,CG006,21.5,81.78999999999999,2026-03-13T05:00,NO2,3.7,ug/m3,open-meteo-cams
6b74c24b-57cd-449f-83b5-a4699b501013,CG006,21.5,81.78999999999999,2026-03-13T05:00,SO2,12.9,ug/m3,open-meteo-cams
6b74c24b-57cd-449f-83b5-a4699b501013,CG006,21.5,81.78999999999999,2026-03-13T06:00,PM2.5,17.9,ug/m3,open-meteo-cams
6b74c24b-57cd-449f-83b5-a4699b501013,CG006,21.5,81.78999999999999,2026-03-13T06:00,NO2,1.8,ug/m3,open-meteo-cams
6b74c24b-57cd-449f-83b5-a4699b501013,CG006,21.5,81.78999999999999,2026-03-13T06:00,SO2,13.6,ug/m3,open-meteo-cams
6b74c24b-57cd-449f-83b5-a4699b501013,CG006,21.5,81.78999999999999,2026-03-13T07:00,PM2.5,14.9,ug/m3,open-meteo-cams
6b74c24b-57cd-449f-83b5-a4699b501013,CG006,21.5,81.78999999999999,2026-03-13T07:00,NO2,0.7,ug/m3,open-meteo-cams
6b74c24b-57cd-449f-83b5-a4699b501013,CG006,21.5,81.78999999999999,2026-03-13T07:00,SO2,11.8,ug/m3,open-meteo-cams
6b74c24b-57cd-449f-83b5-a4699b501013,CG006,21.5,81.78999999999999,2026-03-13T08:00,PM2.5,13.4,ug/m3,open-meteo-cams
6b74c24b-57cd-449f-83b5-a4699b501013,CG006,21.5,81.78999999999999,2026-03-13T08:00,NO2,0.4,ug/m3,open-meteo-cams
6b74c24b-57cd-449f-83b5-a4699b501013,CG006,21.5,81.78999999999999,2026-03-13T08:00,SO2,8.7,ug/m3,open-meteo-cams
6b74c24b-57cd-449f-83b5-a4699b501013,CG006,21.5,81.78999999999999,2026-03-13T09:00,PM2.5,12.2,ug/m3,open-meteo-cams
6b74c24b-57cd-449f-83b5-a4699b501013,CG006,21.5,81.78999999999999,2026-03-13T09:00,NO2,0.7,ug/m3,open-meteo-cams
6b74c24b-57cd-449f-83b5-a4699b501013,CG006,21.5,81.78999999999999,2026-03-13T09:00,SO2,6.3,ug/m3,open-meteo-cams
6b74c24b-57cd-449f-83b5-a4699b501013,CG006,21.5,81.78999999999999,2026-03-13T10:00,PM2.5,11.3,ug/m3,open-meteo-cams
6b74c24b-57cd-449f-83b5-a4699b501013,CG006,21.5,81.78999999999999,2026-03-13T10:00,NO2,1.4,ug/m3,open-meteo-cams
6b74c24b-57cd-449f-83b5-a4699b501013,CG006,21.5,81.78999999999999,2026-03-13T10:00,SO2,5.3,ug/m3,open-meteo-cams
6b74c24b-57cd-449f-83b5-a4699b501013,CG006,21.5,81.78999999999999,2026-03-13T11:00,PM2.5,11.1,ug/m3,open-meteo-cams
6b74c24b-57cd-449f-83b5-a4699b501013,CG006,21.5,81.78999999999999,2026-03-13T11:00,NO2,2.6,ug/m3,open-meteo-cams
6b74c24b-57cd-449f-83b5-a4699b501013,CG006,21.5,81.78999999999999,2026-03-13T11:00,SO2,4.9,ug/m3,open-meteo-cams
6b74c24b-57cd-449f-83b5-a4699b501013,CG006,21.5,81.78999999999999,2026-03-13T12:00,PM2.5,16.6,ug/m3,open-meteo-cams
6b74c24b-57cd-449f-83b5-a4699b501013,CG006,21.5,81.78999999999999,2026-03-13T12:00,NO2,5.1,ug/m3,open-meteo-cams
6b74c24b-57cd-449f-83b5-a4699b501013,CG006,21.5,81.78999999999999,2026-03-13T12:00,SO2,5.4,ug/m3,open-meteo-cams
6b74c24b-57cd-449f-83b5-a4699b501013,CG006,21.5,81.78999999999999,2026-03-13T13:00,PM2.5,25.4,ug/m3,open-meteo-cams
6b74c24b-57cd-449f-83b5-a4699b501013,CG006,21.5,81.78999999999999,2026-03-13T13:00,NO2,9.8,ug/m3,open-meteo-cams
6b74c24b-57cd-449f-83b5-a4699b501013,CG006,21.5,81.78999999999999,2026-03-13T13:00,SO2,7.2,ug/m3,open-meteo-cams
6b74c24b-57cd-449f-83b5-a4699b501013,CG006,21.5,81.78999999999999,2026-03-13T14:00,PM2.5,31.0,ug/m3,open-meteo-cams
6b74c24b-57cd-449f-83b5-a4699b501013,CG006,21.5,81.78999999999999,2026-03-13T14:00,NO2,15.7,ug/m3,open-meteo-cams
6b74c24b-57cd-449f-83b5-a4699b501013,CG006,21.5,81.78999999999999,2026-03-13T14:00,SO2,9.7,ug/m3,open-meteo-cams
6b74c24b-57cd-449f-83b5-a4699b501013,CG006,21.5,81.78999999999999,2026-03-13T15:00,PM2.5,32.5,ug/m3,open-meteo-cams
6b74c24b-57cd-449f-83b5-a4699b501013,CG006,21.5,81.78999999999999,2026-03-13T15:00,NO2,20.5,ug/m3,open-meteo-cams
6b74c24b-57cd-449f-83b5-a4699b501013,CG006,21.5,81.78999999999999,2026-03-13T15:00,SO2,11.7,ug/m3,open-meteo-cams
6b74c24b-57cd-449f-83b5-a4699b501013,CG006,21.5,81.78999999999999,2026-03-13T16:00,PM2.5,34.9,ug/m3,open-meteo-cams
6b74c24b-57cd-449f-83b5-a4699b501013,CG006,21.5,81.78999999999999,2026-03-13T16:00,NO2,23.1,ug/m3,open-meteo-cams
6b74c24b-57cd-449f-83b5-a4699b501013,CG006,21.5,81.78999999999999,2026-03-13T16:00,SO2,12.5,ug/m3,open-meteo-cams
6b74c24b-57cd-449f-83b5-a4699b501013,CG006,21.5,81.78999999999999,2026-03-13T17:00,PM2.5,39.5,ug/m3,open-meteo-cams
6b74c24b-57cd-449f-83b5-a4699b501013,CG006,21.5,81.78999999999999,2026-03-13T17:00,NO2,24.5,ug/m3,open-meteo-cams
6b74c24b-57cd-449f-83b5-a4699b501013,CG006,21.5,81.78999999999999,2026-03-13T17:00,SO2,12.7,ug/m3,open-meteo-cams
6b74c24b-57cd-449f-83b5-a4699b501013,CG006,21.5,81.78999999999999,2026-03-13T18:00,PM2.5,46.4,ug/m3,open-meteo-cams
6b74c24b-57cd-449f-83b5-a4699b501013,CG006,21.5,81.78999999999999,2026-03-13T18:00,NO2,25.5,ug/m3,open-meteo-cams
6b74c24b-57cd-449f-83b5-a4699b501013,CG006,21.5,81.78999999999999,2026-03-13T18:00,SO2,12.5,ug/m3,open-meteo-cams
6b74c24b-57cd-449f-83b5-a4699b501013,CG006,21.5,81.78999999999999,2026-03-13T19:00,PM2.5,55.8,ug/m3,open-meteo-cams
6b74c24b-57cd-449f-83b5-a4699b501013,CG006,21.5,81.78999999999999,2026-03-13T19:00,NO2,25.9,ug/m3,open-meteo-cams
6b74c24b-57cd-449f-83b5-a4699b501013,CG006,21.5,81.78999999999999,2026-03-13T19:00,SO2,11.6,ug/m3,open-meteo-cams
6b74c24b-57cd-449f-83b5-a4699b501013,CG006,21.5,81.78999999999999,2026-03-13T20:00,PM2.5,60.1,ug/m3,open-meteo-cams
6b74c24b-57cd-449f-83b5-a4699b501013,CG006,21.5,81.78999999999999,2026-03-13T20:00,NO2,25.9,ug/m3,open-meteo-cams
6b74c24b-57cd-449f-83b5-a4699b501013,CG006,21.5,81.78999999999999,2026-03-13T20:00,SO2,10.4,ug/m3,open-meteo-cams
6b74c24b-57cd-449f-83b5-a4699b501013,CG006,21.5,81.78999999999999,2026-03-13T21:00,PM2.5,63.6,ug/m3,open-meteo-cams
6b74c24b-57cd-449f-83b5-a4699b501013,CG006,21.5,81.78999999999999,2026-03-13T21:00,NO2,26.4,ug/m3,open-meteo-cams
6b74c24b-57cd-449f-83b5-a4699b501013,CG006,21.5,81.78999999999999,2026-03-13T21:00,SO2,9.5,ug/m3,open-meteo-cams
6b74c24b-57cd-449f-83b5-a4699b501013,CG006,21.5,81.78999999999999,2026-03-13T22:00,PM2.5,67.8,ug/m3,open-meteo-cams
6b74c24b-57cd-449f-83b5-a4699b501013,CG006,21.5,81.78999999999999,2026-03-13T22:00,NO2,28.0,ug/m3,open-meteo-cams
6b74c24b-57cd-449f-83b5-a4699b501013,CG006,21.5,81.78999999999999,2026-03-13T22:00,SO2,9.4,ug/m3,open-meteo-cams
6b74c24b-57cd-449f-83b5-a4699b501013,CG006,21.5,81.78999999999999,2026-03-13T23:00,PM2.5,71.9,ug/m3,open-meteo-cams
6b74c24b-57cd-449f-83b5-a4699b501013,CG006,21.5,81.78999999999999,2026-03-13T23:00,NO2,30.2,ug/m3,open-meteo-cams
6b74c24b-57cd-449f-83b5-a4699b501013,CG006,21.5,81.78999999999999,2026-03-13T23:00,SO2,9.8,ug/m3,open-meteo-cams
6b74c24b-57cd-449f-83b5-a4699b501013,CG006,21.5,81.78999999999999,2026-03-14T00:00,PM2.5,78.2,ug/m3,open-meteo-cams
6b74c24b-57cd-449f-83b5-a4699b501013,CG006,21.5,81.78999999999999,2026-03-14T00:00,NO2,31.7,ug/m3,open-meteo-cams
6b74c24b-57cd-449f-83b5-a4699b501013,CG006,21.5,81.78999999999999,2026-03-14T00:00,SO2,10.3,ug/m3,open-meteo-cams
6b74c24b-57cd-449f-83b5-a4699b501013,CG006,21.5,81.78999999999999,2026-03-14T01:00,PM2.5,82.9,ug/m3,open-meteo-cams
6b74c24b-57cd-449f-83b5-a4699b501013,CG006,21.5,81.78999999999999,2026-03-14T01:00,NO2,32.9,ug/m3,open-meteo-cams
6b74c24b-57cd-449f-83b5-a4699b501013,CG006,21.5,81.78999999999999,2026-03-14T01:00,SO2,11.2,ug/m3,open-meteo-cams
6b74c24b-57cd-449f-83b5-a4699b501013,CG006,21.5,81.78999999999999,2026-03-14T02:00,PM2.5,76.1,ug/m3,open-meteo-cams
6b74c24b-57cd-449f-83b5-a4699b501013,CG006,21.5,81.78999999999999,2026-03-14T02:00,NO2,33.5,ug/m3,open-meteo-cams
6b74c24b-57cd-449f-83b5-a4699b501013,CG006,21.5,81.78999999999999,2026-03-14T02:00,SO2,12.3,ug/m3,open-meteo-cams
6b74c24b-57cd-449f-83b5-a4699b501013,CG006,21.5,81.78999999999999,2026-03-14T03:00,PM2.5,61.5,ug/m3,open-meteo-cams
6b74c24b-57cd-449f-83b5-a4699b501013,CG006,21.5,81.78999999999999,2026-03-14T03:00,NO2,31.5,ug/m3,open-meteo-cams
6b74c24b-57cd-449f-83b5-a4699b501013,CG006,21.5,81.78999999999999,2026-03-14T03:00,SO2,12.9,ug/m3,open-meteo-cams
6b74c24b-57cd-449f-83b5-a4699b501013,CG006,21.5,81.78999999999999,2026-03-14T04:00,PM2.5,51.2,ug/m3,open-meteo-cams
6b74c24b-57cd-449f-83b5-a4699b501013,CG006,21.5,81.78999999999999,2026-03-14T04:00,NO2,24.8,ug/m3,open-meteo-cams
6b74c24b-57cd-449f-83b5-a4699b501013,CG006,21.5,81.78999999999999,2026-03-14T04:00,SO2,12.8,ug/m3,open-meteo-cams
6b74c24b-57cd-449f-83b5-a4699b501013,CG006,21.5,81.78999999999999,2026-03-14T05:00,PM2.5,44.9,ug/m3,open-meteo-cams
6b74c24b-57cd-449f-83b5-a4699b501013,CG006,21.5,81.78999999999999,2026-03-14T05:00,NO2,15.5,ug/m3,open-meteo-cams
6b74c24b-57cd-449f-83b5-a4699b501013,CG006,21.5,81.78999999999999,2026-03-14T05:00,SO2,12.3,ug/m3,open-meteo-cams
6b74c24b-57cd-449f-83b5-a4699b501013,CG006,21.5,81.78999999999999,2026-03-14T06:00,PM2.5,36.8,ug/m3,open-meteo-cams
6b74c24b-57cd-449f-83b5-a4699b501013,CG006,21.5,81.78999999999999,2026-03-14T06:00,NO2,8.2,ug/m3,open-meteo-cams
6b74c24b-57cd-449f-83b5-a4699b501013,CG006,21.5,81.78999999999999,2026-03-14T06:00,SO2,11.3,ug/m3,open-meteo-cams
6b74c24b-57cd-449f-83b5-a4699b501013,CG006,21.5,81.78999999999999,2026-03-14T07:00,PM2.5,31.4,ug/m3,open-meteo-cams
6b74c24b-57cd-449f-83b5-a4699b501013,CG006,21.5,81.78999999999999,2026-03-14T07:00,NO2,4.5,ug/m3,open-meteo-cams
6b74c24b-57cd-449f-83b5-a4699b501013,CG006,21.5,81.78999999999999,2026-03-14T07:00,SO2,9.6,ug/m3,open-meteo-cams
6b74c24b-57cd-449f-83b5-a4699b501013,CG006,21.5,81.78999999999999,2026-03-14T08:00,PM2.5,23.3,ug/m3,open-meteo-cams
6b74c24b-57cd-449f-83b5-a4699b501013,CG006,21.5,81.78999999999999,2026-03-14T08:00,NO2,2.6,ug/m3,open-meteo-cams
6b74c24b-57cd-449f-83b5-a4699b501013,CG006,21.5,81.78999999999999,2026-03-14T08:00,SO2,7.4,ug/m3,open-meteo-cams
6b74c24b-57cd-449f-83b5-a4699b501013,CG006,21.5,81.78999999999999,2026-03-14T09:00,PM2.5,19.0,ug/m3,open-meteo-cams
6b74c24b-57cd-449f-83b5-a4699b501013,CG006,21.5,81.78999999999999,2026-03-14T09:00,NO2,2.1,ug/m3,open-meteo-cams
6b74c24b-57cd-449f-83b5-a4699b501013,CG006,21.5,81.78999999999999,2026-03-14T09:00,SO2,5.9,ug/m3,open-meteo-cams
6b74c24b-57cd-449f-83b5-a4699b501013,CG006,21.5,81.78999999999999,2026-03-14T10:00,PM2.5,18.1,ug/m3,open-meteo-cams
6b74c24b-57cd-449f-83b5-a4699b501013,CG006,21.5,81.78999999999999,2026-03-14T10:00,NO2,2.7,ug/m3,open-meteo-cams
6b74c24b-57cd-449f-83b5-a4699b501013,CG006,21.5,81.78999999999999,2026-03-14T10:00,SO2,5.4,ug/m3,open-meteo-cams
6b74c24b-57cd-449f-83b5-a4699b501013,CG006,21.5,81.78999999999999,2026-03-14T11:00,PM2.5,18.2,ug/m3,open-meteo-cams
6b74c24b-57cd-449f-83b5-a4699b501013,CG006,21.5,81.78999999999999,2026-03-14T11:00,NO2,4.6,ug/m3,open-meteo-cams
6b74c24b-57cd-449f-83b5-a4699b501013,CG006,21.5,81.78999999999999,2026-03-14T11:00,SO2,5.6,ug/m3,open-meteo-cams
6b74c24b-57cd-449f-83b5-a4699b501013,CG006,21.5,81.78999999999999,2026-03-14T12:00,PM2.5,24.2,ug/m3,open-meteo-cams
6b74c24b-57cd-449f-83b5-a4699b501013,CG006,21.5,81.78999999999999,2026-03-14T12:00,NO2,7.7,ug/m3,open-meteo-cams
6b74c24b-57cd-449f-83b5-a4699b501013,CG006,21.5,81.78999999999999,2026-03-14T12:00,SO2,6.4,ug/m3,open-meteo-cams
6b74c24b-57cd-449f-83b5-a4699b501013,CG006,21.5,81.78999999999999,2026-03-14T13:00,PM2.5,33.5,ug/m3,open-meteo-cams
6b74c24b-57cd-449f-83b5-a4699b501013,CG006,21.5,81.78999999999999,2026-03-14T13:00,NO2,12.5,ug/m3,open-meteo-cams
6b74c24b-57cd-449f-83b5-a4699b501013,CG006,21.5,81.78999999999999,2026-03-14T13:00,SO2,8.1,ug/m3,open-meteo-cams
6b74c24b-57cd-449f-83b5-a4699b501013,CG006,21.5,81.78999999999999,2026-03-14T14:00,PM2.5,37.5,ug/m3,open-meteo-cams
6b74c24b-57cd-449f-83b5-a4699b501013,CG006,21.5,81.78999999999999,2026-03-14T14:00,NO2,18.4,ug/m3,open-meteo-cams
6b74c24b-57cd-449f-83b5-a4699b501013,CG006,21.5,81.78999999999999,2026-03-14T14:00,SO2,10.4,ug/m3,open-meteo-cams
6b74c24b-57cd-449f-83b5-a4699b501013,CG006,21.5,81.78999999999999,2026-03-14T15:00,PM2.5,38.9,ug/m3,open-meteo-cams
6b74c24b-57cd-449f-83b5-a4699b501013,CG006,21.5,81.78999999999999,2026-03-14T15:00,NO2,23.5,ug/m3,open-meteo-cams
6b74c24b-57cd-449f-83b5-a4699b501013,CG006,21.5,81.78999999999999,2026-03-14T15:00,SO2,12.1,ug/m3,open-meteo-cams
6b74c24b-57cd-449f-83b5-a4699b501013,CG006,21.5,81.78999999999999,2026-03-14T16:00,PM2.5,41.4,ug/m3,open-meteo-cams
6b74c24b-57cd-449f-83b5-a4699b501013,CG006,21.5,81.78999999999999,2026-03-14T16:00,NO2,26.9,ug/m3,open-meteo-cams
6b74c24b-57cd-449f-83b5-a4699b501013,CG006,21.5,81.78999999999999,2026-03-14T16:00,SO2,12.6,ug/m3,open-meteo-cams
6b74c24b-57cd-449f-83b5-a4699b501013,CG006,21.5,81.78999999999999,2026-03-14T17:00,PM2.5,44.8,ug/m3,open-meteo-cams
6b74c24b-57cd-449f-83b5-a4699b501013,CG006,21.5,81.78999999999999,2026-03-14T17:00,NO2,29.4,ug/m3,open-meteo-cams
6b74c24b-57cd-449f-83b5-a4699b501013,CG006,21.5,81.78999999999999,2026-03-14T17:00,SO2,12.5,ug/m3,open-meteo-cams
6b74c24b-57cd-449f-83b5-a4699b501013,CG006,21.5,81.78999999999999,2026-03-14T18:00,PM2.5,48.0,ug/m3,open-meteo-cams
6b74c24b-57cd-449f-83b5-a4699b501013,CG006,21.5,81.78999999999999,2026-03-14T18:00,NO2,31.3,ug/m3,open-meteo-cams
6b74c24b-57cd-449f-83b5-a4699b501013,CG006,21.5,81.78999999999999,2026-03-14T18:00,SO2,12.2,ug/m3,open-meteo-cams
6b74c24b-57cd-449f-83b5-a4699b501013,CG006,21.5,81.78999999999999,2026-03-14T19:00,PM2.5,50.4,ug/m3,open-meteo-cams
6b74c24b-57cd-449f-83b5-a4699b501013,CG006,21.5,81.78999999999999,2026-03-14T19:00,NO2,32.9,ug/m3,open-meteo-cams
6b74c24b-57cd-449f-83b5-a4699b501013,CG006,21.5,81.78999999999999,2026-03-14T19:00,SO2,11.9,ug/m3,open-meteo-cams
6b74c24b-57cd-449f-83b5-a4699b501013,CG006,21.5,81.78999999999999,2026-03-14T20:00,PM2.5,53.2,ug/m3,open-meteo-cams
6b74c24b-57cd-449f-83b5-a4699b501013,CG006,21.5,81.78999999999999,2026-03-14T20:00,NO2,34.0,ug/m3,open-meteo-cams
6b74c24b-57cd-449f-83b5-a4699b501013,CG006,21.5,81.78999999999999,2026-03-14T20:00,SO2,11.5,ug/m3,open-meteo-cams
6b74c24b-57cd-449f-83b5-a4699b501013,CG006,21.5,81.78999999999999,2026-03-14T21:00,PM2.5,56.5,ug/m3,open-meteo-cams
6b74c24b-57cd-449f-83b5-a4699b501013,CG006,21.5,81.78999999999999,2026-03-14T21:00,NO2,34.0,ug/m3,open-meteo-cams
6b74c24b-57cd-449f-83b5-a4699b501013,CG006,21.5,81.78999999999999,2026-03-14T21:00,SO2,11.1,ug/m3,open-meteo-cams
6b74c24b-57cd-449f-83b5-a4699b501013,CG006,21.5,81.78999999999999,2026-03-14T22:00,PM2.5,60.1,ug/m3,open-meteo-cams
6b74c24b-57cd-449f-83b5-a4699b501013,CG006,21.5,81.78999999999999,2026-03-14T22:00,NO2,32.5,ug/m3,open-meteo-cams
6b74c24b-57cd-449f-83b5-a4699b501013,CG006,21.5,81.78999999999999,2026-03-14T22:00,SO2,10.5,ug/m3,open-meteo-cams
6b74c24b-57cd-449f-83b5-a4699b501013,CG006,21.5,81.78999999999999,2026-03-14T23:00,PM2.5,60.8,ug/m3,open-meteo-cams
6b74c24b-57cd-449f-83b5-a4699b501013,CG006,21.5,81.78999999999999,2026-03-14T23:00,NO2,30.0,ug/m3,open-meteo-cams
6b74c24b-57cd-449f-83b5-a4699b501013,CG006,21.5,81.78999999999999,2026-03-14T23:00,SO2,9.9,ug/m3,open-meteo-cams
75c40b60-ab4d-454c-ab6f-8081579f6b00,CG007,21.509999999999998,81.798,2026-03-13T00:00,PM2.5,65.9,ug/m3,open-meteo-cams
75c40b60-ab4d-454c-ab6f-8081579f6b00,CG007,21.509999999999998,81.798,2026-03-13T00:00,NO2,23.5,ug/m3,open-meteo-cams
75c40b60-ab4d-454c-ab6f-8081579f6b00,CG007,21.509999999999998,81.798,2026-03-13T00:00,SO2,7.6,ug/m3,open-meteo-cams
75c40b60-ab4d-454c-ab6f-8081579f6b00,CG007,21.509999999999998,81.798,2026-03-13T01:00,PM2.5,68.9,ug/m3,open-meteo-cams
75c40b60-ab4d-454c-ab6f-8081579f6b00,CG007,21.509999999999998,81.798,2026-03-13T01:00,NO2,19.7,ug/m3,open-meteo-cams
75c40b60-ab4d-454c-ab6f-8081579f6b00,CG007,21.509999999999998,81.798,2026-03-13T01:00,SO2,7.9,ug/m3,open-meteo-cams
75c40b60-ab4d-454c-ab6f-8081579f6b00,CG007,21.509999999999998,81.798,2026-03-13T02:00,PM2.5,73.6,ug/m3,open-meteo-cams
75c40b60-ab4d-454c-ab6f-8081579f6b00,CG007,21.509999999999998,81.798,2026-03-13T02:00,NO2,14.3,ug/m3,open-meteo-cams
75c40b60-ab4d-454c-ab6f-8081579f6b00,CG007,21.509999999999998,81.798,2026-03-13T02:00,SO2,8.5,ug/m3,open-meteo-cams
75c40b60-ab4d-454c-ab6f-8081579f6b00,CG007,21.509999999999998,81.798,2026-03-13T03:00,PM2.5,55.9,ug/m3,open-meteo-cams
75c40b60-ab4d-454c-ab6f-8081579f6b00,CG007,21.509999999999998,81.798,2026-03-13T03:00,NO2,9.6,ug/m3,open-meteo-cams
75c40b60-ab4d-454c-ab6f-8081579f6b00,CG007,21.509999999999998,81.798,2026-03-13T03:00,SO2,9.3,ug/m3,open-meteo-cams
75c40b60-ab4d-454c-ab6f-8081579f6b00,CG007,21.509999999999998,81.798,2026-03-13T04:00,PM2.5,38.1,ug/m3,open-meteo-cams
75c40b60-ab4d-454c-ab6f-8081579f6b00,CG007,21.509999999999998,81.798,2026-03-13T04:00,NO2,6.3,ug/m3,open-meteo-cams
75c40b60-ab4d-454c-ab6f-8081579f6b00,CG007,21.509999999999998,81.798,2026-03-13T04:00,SO2,11.0,ug/m3,open-meteo-cams
75c40b60-ab4d-454c-ab6f-8081579f6b00,CG007,21.509999999999998,81.798,2026-03-13T05:00,PM2.5,24.7,ug/m3,open-meteo-cams
75c40b60-ab4d-454c-ab6f-8081579f6b00,CG007,21.509999999999998,81.798,2026-03-13T05:00,NO2,3.7,ug/m3,open-meteo-cams
75c40b60-ab4d-454c-ab6f-8081579f6b00,CG007,21.509999999999998,81.798,2026-03-13T05:00,SO2,12.9,ug/m3,open-meteo-cams
75c40b60-ab4d-454c-ab6f-8081579f6b00,CG007,21.509999999999998,81.798,2026-03-13T06:00,PM2.5,17.9,ug/m3,open-meteo-cams
75c40b60-ab4d-454c-ab6f-8081579f6b00,CG007,21.509999999999998,81.798,2026-03-13T06:00,NO2,1.8,ug/m3,open-meteo-cams
75c40b60-ab4d-454c-ab6f-8081579f6b00,CG007,21.509999999999998,81.798,2026-03-13T06:00,SO2,13.6,ug/m3,open-meteo-cams
75c40b60-ab4d-454c-ab6f-8081579f6b00,CG007,21.509999999999998,81.798,2026-03-13T07:00,PM2.5,14.9,ug/m3,open-meteo-cams
75c40b60-ab4d-454c-ab6f-8081579f6b00,CG007,21.509999999999998,81.798,2026-03-13T07:00,NO2,0.7,ug/m3,open-meteo-cams
75c40b60-ab4d-454c-ab6f-8081579f6b00,CG007,21.509999999999998,81.798,2026-03-13T07:00,SO2,11.8,ug/m3,open-meteo-cams
75c40b60-ab4d-454c-ab6f-8081579f6b00,CG007,21.509999999999998,81.798,2026-03-13T08:00,PM2.5,13.4,ug/m3,open-meteo-cams
75c40b60-ab4d-454c-ab6f-8081579f6b00,CG007,21.509999999999998,81.798,2026-03-13T08:00,NO2,0.4,ug/m3,open-meteo-cams
75c40b60-ab4d-454c-ab6f-8081579f6b00,CG007,21.509999999999998,81.798,2026-03-13T08:00,SO2,8.7,ug/m3,open-meteo-cams
75c40b60-ab4d-454c-ab6f-8081579f6b00,CG007,21.509999999999998,81.798,2026-03-13T09:00,PM2.5,12.2,ug/m3,open-meteo-cams
75c40b60-ab4d-454c-ab6f-8081579f6b00,CG007,21.509999999999998,81.798,2026-03-13T09:00,NO2,0.7,ug/m3,open-meteo-cams
75c40b60-ab4d-454c-ab6f-8081579f6b00,CG007,21.509999999999998,81.798,2026-03-13T09:00,SO2,6.3,ug/m3,open-meteo-cams
75c40b60-ab4d-454c-ab6f-8081579f6b00,CG007,21.509999999999998,81.798,2026-03-13T10:00,PM2.5,11.3,ug/m3,open-meteo-cams
75c40b60-ab4d-454c-ab6f-8081579f6b00,CG007,21.509999999999998,81.798,2026-03-13T10:00,NO2,1.4,ug/m3,open-meteo-cams
75c40b60-ab4d-454c-ab6f-8081579f6b00,CG007,21.509999999999998,81.798,2026-03-13T10:00,SO2,5.3,ug/m3,open-meteo-cams
75c40b60-ab4d-454c-ab6f-8081579f6b00,CG007,21.509999999999998,81.798,2026-03-13T11:00,PM2.5,11.1,ug/m3,open-meteo-cams
75c40b60-ab4d-454c-ab6f-8081579f6b00,CG007,21.509999999999998,81.798,2026-03-13T11:00,NO2,2.6,ug/m3,open-meteo-cams
75c40b60-ab4d-454c-ab6f-8081579f6b00,CG007,21.509999999999998,81.798,2026-03-13T11:00,SO2,4.9,ug/m3,open-meteo-cams
75c40b60-ab4d-454c-ab6f-8081579f6b00,CG007,21.509999999999998,81.798,2026-03-13T12:00,PM2.5,16.6,ug/m3,open-meteo-cams
75c40b60-ab4d-454c-ab6f-8081579f6b00,CG007,21.509999999999998,81.798,2026-03-13T12:00,NO2,5.1,ug/m3,open-meteo-cams
75c40b60-ab4d-454c-ab6f-8081579f6b00,CG007,21.509999999999998,81.798,2026-03-13T12:00,SO2,5.4,ug/m3,open-meteo-cams
75c40b60-ab4d-454c-ab6f-8081579f6b00,CG007,21.509999999999998,81.798,2026-03-13T13:00,PM2.5,25.4,ug/m3,open-meteo-cams
75c40b60-ab4d-454c-ab6f-8081579f6b00,CG007,21.509999999999998,81.798,2026-03-13T13:00,NO2,9.8,ug/m3,open-meteo-cams
75c40b60-ab4d-454c-ab6f-8081579f6b00,CG007,21.509999999999998,81.798,2026-03-13T13:00,SO2,7.2,ug/m3,open-meteo-cams
75c40b60-ab4d-454c-ab6f-8081579f6b00,CG007,21.509999999999998,81.798,2026-03-13T14:00,PM2.5,31.0,ug/m3,open-meteo-cams
75c40b60-ab4d-454c-ab6f-8081579f6b00,CG007,21.509999999999998,81.798,2026-03-13T14:00,NO2,15.7,ug/m3,open-meteo-cams
75c40b60-ab4d-454c-ab6f-8081579f6b00,CG007,21.509999999999998,81.798,2026-03-13T14:00,SO2,9.7,ug/m3,open-meteo-cams
75c40b60-ab4d-454c-ab6f-8081579f6b00,CG007,21.509999999999998,81.798,2026-03-13T15:00,PM2.5,32.5,ug/m3,open-meteo-cams
75c40b60-ab4d-454c-ab6f-8081579f6b00,CG007,21.509999999999998,81.798,2026-03-13T15:00,NO2,20.5,ug/m3,open-meteo-cams
75c40b60-ab4d-454c-ab6f-8081579f6b00,CG007,21.509999999999998,81.798,2026-03-13T15:00,SO2,11.7,ug/m3,open-meteo-cams
75c40b60-ab4d-454c-ab6f-8081579f6b00,CG007,21.509999999999998,81.798,2026-03-13T16:00,PM2.5,34.9,ug/m3,open-meteo-cams
75c40b60-ab4d-454c-ab6f-8081579f6b00,CG007,21.509999999999998,81.798,2026-03-13T16:00,NO2,23.1,ug/m3,open-meteo-cams
75c40b60-ab4d-454c-ab6f-8081579f6b00,CG007,21.509999999999998,81.798,2026-03-13T16:00,SO2,12.5,ug/m3,open-meteo-cams
75c40b60-ab4d-454c-ab6f-8081579f6b00,CG007,21.509999999999998,81.798,2026-03-13T17:00,PM2.5,39.5,ug/m3,open-meteo-cams
75c40b60-ab4d-454c-ab6f-8081579f6b00,CG007,21.509999999999998,81.798,2026-03-13T17:00,NO2,24.5,ug/m3,open-meteo-cams
75c40b60-ab4d-454c-ab6f-8081579f6b00,CG007,21.509999999999998,81.798,2026-03-13T17:00,SO2,12.7,ug/m3,open-meteo-cams
75c40b60-ab4d-454c-ab6f-8081579f6b00,CG007,21.509999999999998,81.798,2026-03-13T18:00,PM2.5,46.4,ug/m3,open-meteo-cams
75c40b60-ab4d-454c-ab6f-8081579f6b00,CG007,21.509999999999998,81.798,2026-03-13T18:00,NO2,25.5,ug/m3,open-meteo-cams
75c40b60-ab4d-454c-ab6f-8081579f6b00,CG007,21.509999999999998,81.798,2026-03-13T18:00,SO2,12.5,ug/m3,open-meteo-cams
75c40b60-ab4d-454c-ab6f-8081579f6b00,CG007,21.509999999999998,81.798,2026-03-13T19:00,PM2.5,55.8,ug/m3,open-meteo-cams
75c40b60-ab4d-454c-ab6f-8081579f6b00,CG007,21.509999999999998,81.798,2026-03-13T19:00,NO2,25.9,ug/m3,open-meteo-cams
75c40b60-ab4d-454c-ab6f-8081579f6b00,CG007,21.509999999999998,81.798,2026-03-13T19:00,SO2,11.6,ug/m3,open-meteo-cams
75c40b60-ab4d-454c-ab6f-8081579f6b00,CG007,21.509999999999998,81.798,2026-03-13T20:00,PM2.5,60.1,ug/m3,open-meteo-cams
75c40b60-ab4d-454c-ab6f-8081579f6b00,CG007,21.509999999999998,81.798,2026-03-13T20:00,NO2,25.9,ug/m3,open-meteo-cams
75c40b60-ab4d-454c-ab6f-8081579f6b00,CG007,21.509999999999998,81.798,2026-03-13T20:00,SO2,10.4,ug/m3,open-meteo-cams
75c40b60-ab4d-454c-ab6f-8081579f6b00,CG007,21.509999999999998,81.798,2026-03-13T21:00,PM2.5,63.6,ug/m3,open-meteo-cams
75c40b60-ab4d-454c-ab6f-8081579f6b00,CG007,21.509999999999998,81.798,2026-03-13T21:00,NO2,26.4,ug/m3,open-meteo-cams
75c40b60-ab4d-454c-ab6f-8081579f6b00,CG007,21.509999999999998,81.798,2026-03-13T21:00,SO2,9.5,ug/m3,open-meteo-cams
75c40b60-ab4d-454c-ab6f-8081579f6b00,CG007,21.509999999999998,81.798,2026-03-13T22:00,PM2.5,67.8,ug/m3,open-meteo-cams
75c40b60-ab4d-454c-ab6f-8081579f6b00,CG007,21.509999999999998,81.798,2026-03-13T22:00,NO2,28.0,ug/m3,open-meteo-cams
75c40b60-ab4d-454c-ab6f-8081579f6b00,CG007,21.509999999999998,81.798,2026-03-13T22:00,SO2,9.4,ug/m3,open-meteo-cams
75c40b60-ab4d-454c-ab6f-8081579f6b00,CG007,21.509999999999998,81.798,2026-03-13T23:00,PM2.5,71.9,ug/m3,open-meteo-cams
75c40b60-ab4d-454c-ab6f-8081579f6b00,CG007,21.509999999999998,81.798,2026-03-13T23:00,NO2,30.2,ug/m3,open-meteo-cams
75c40b60-ab4d-454c-ab6f-8081579f6b00,CG007,21.509999999999998,81.798,2026-03-13T23:00,SO2,9.8,ug/m3,open-meteo-cams
75c40b60-ab4d-454c-ab6f-8081579f6b00,CG007,21.509999999999998,81.798,2026-03-14T00:00,PM2.5,78.2,ug/m3,open-meteo-cams
75c40b60-ab4d-454c-ab6f-8081579f6b00,CG007,21.509999999999998,81.798,2026-03-14T00:00,NO2,31.7,ug/m3,open-meteo-cams
75c40b60-ab4d-454c-ab6f-8081579f6b00,CG007,21.509999999999998,81.798,2026-03-14T00:00,SO2,10.3,ug/m3,open-meteo-cams
75c40b60-ab4d-454c-ab6f-8081579f6b00,CG007,21.509999999999998,81.798,2026-03-14T01:00,PM2.5,82.9,ug/m3,open-meteo-cams
75c40b60-ab4d-454c-ab6f-8081579f6b00,CG007,21.509999999999998,81.798,2026-03-14T01:00,NO2,32.9,ug/m3,open-meteo-cams
75c40b60-ab4d-454c-ab6f-8081579f6b00,CG007,21.509999999999998,81.798,2026-03-14T01:00,SO2,11.2,ug/m3,open-meteo-cams
75c40b60-ab4d-454c-ab6f-8081579f6b00,CG007,21.509999999999998,81.798,2026-03-14T02:00,PM2.5,76.1,ug/m3,open-meteo-cams
75c40b60-ab4d-454c-ab6f-8081579f6b00,CG007,21.509999999999998,81.798,2026-03-14T02:00,NO2,33.5,ug/m3,open-meteo-cams
75c40b60-ab4d-454c-ab6f-8081579f6b00,CG007,21.509999999999998,81.798,2026-03-14T02:00,SO2,12.3,ug/m3,open-meteo-cams
75c40b60-ab4d-454c-ab6f-8081579f6b00,CG007,21.509999999999998,81.798,2026-03-14T03:00,PM2.5,61.5,ug/m3,open-meteo-cams
75c40b60-ab4d-454c-ab6f-8081579f6b00,CG007,21.509999999999998,81.798,2026-03-14T03:00,NO2,31.5,ug/m3,open-meteo-cams
75c40b60-ab4d-454c-ab6f-8081579f6b00,CG007,21.509999999999998,81.798,2026-03-14T03:00,SO2,12.9,ug/m3,open-meteo-cams
75c40b60-ab4d-454c-ab6f-8081579f6b00,CG007,21.509999999999998,81.798,2026-03-14T04:00,PM2.5,51.2,ug/m3,open-meteo-cams
75c40b60-ab4d-454c-ab6f-8081579f6b00,CG007,21.509999999999998,81.798,2026-03-14T04:00,NO2,24.8,ug/m3,open-meteo-cams
75c40b60-ab4d-454c-ab6f-8081579f6b00,CG007,21.509999999999998,81.798,2026-03-14T04:00,SO2,12.8,ug/m3,open-meteo-cams
75c40b60-ab4d-454c-ab6f-8081579f6b00,CG007,21.509999999999998,81.798,2026-03-14T05:00,PM2.5,44.9,ug/m3,open-meteo-cams
75c40b60-ab4d-454c-ab6f-8081579f6b00,CG007,21.509999999999998,81.798,2026-03-14T05:00,NO2,15.5,ug/m3,open-meteo-cams
75c40b60-ab4d-454c-ab6f-8081579f6b00,CG007,21.509999999999998,81.798,2026-03-14T05:00,SO2,12.3,ug/m3,open-meteo-cams
75c40b60-ab4d-454c-ab6f-8081579f6b00,CG007,21.509999999999998,81.798,2026-03-14T06:00,PM2.5,36.8,ug/m3,open-meteo-cams
75c40b60-ab4d-454c-ab6f-8081579f6b00,CG007,21.509999999999998,81.798,2026-03-14T06:00,NO2,8.2,ug/m3,open-meteo-cams
75c40b60-ab4d-454c-ab6f-8081579f6b00,CG007,21.509999999999998,81.798,2026-03-14T06:00,SO2,11.3,ug/m3,open-meteo-cams
75c40b60-ab4d-454c-ab6f-8081579f6b00,CG007,21.509999999999998,81.798,2026-03-14T07:00,PM2.5,31.4,ug/m3,open-meteo-cams
75c40b60-ab4d-454c-ab6f-8081579f6b00,CG007,21.509999999999998,81.798,2026-03-14T07:00,NO2,4.5,ug/m3,open-meteo-cams
75c40b60-ab4d-454c-ab6f-8081579f6b00,CG007,21.509999999999998,81.798,2026-03-14T07:00,SO2,9.6,ug/m3,open-meteo-cams
75c40b60-ab4d-454c-ab6f-8081579f6b00,CG007,21.509999999999998,81.798,2026-03-14T08:00,PM2.5,23.3,ug/m3,open-meteo-cams
75c40b60-ab4d-454c-ab6f-8081579f6b00,CG007,21.509999999999998,81.798,2026-03-14T08:00,NO2,2.6,ug/m3,open-meteo-cams
75c40b60-ab4d-454c-ab6f-8081579f6b00,CG007,21.509999999999998,81.798,2026-03-14T08:00,SO2,7.4,ug/m3,open-meteo-cams
75c40b60-ab4d-454c-ab6f-8081579f6b00,CG007,21.509999999999998,81.798,2026-03-14T09:00,PM2.5,19.0,ug/m3,open-meteo-cams
75c40b60-ab4d-454c-ab6f-8081579f6b00,CG007,21.509999999999998,81.798,2026-03-14T09:00,NO2,2.1,ug/m3,open-meteo-cams
75c40b60-ab4d-454c-ab6f-8081579f6b00,CG007,21.509999999999998,81.798,2026-03-14T09:00,SO2,5.9,ug/m3,open-meteo-cams
75c40b60-ab4d-454c-ab6f-8081579f6b00,CG007,21.509999999999998,81.798,2026-03-14T10:00,PM2.5,18.1,ug/m3,open-meteo-cams
75c40b60-ab4d-454c-ab6f-8081579f6b00,CG007,21.509999999999998,81.798,2026-03-14T10:00,NO2,2.7,ug/m3,open-meteo-cams
75c40b60-ab4d-454c-ab6f-8081579f6b00,CG007,21.509999999999998,81.798,2026-03-14T10:00,SO2,5.4,ug/m3,open-meteo-cams
75c40b60-ab4d-454c-ab6f-8081579f6b00,CG007,21.509999999999998,81.798,2026-03-14T11:00,PM2.5,18.2,ug/m3,open-meteo-cams
75c40b60-ab4d-454c-ab6f-8081579f6b00,CG007,21.509999999999998,81.798,2026-03-14T11:00,NO2,4.6,ug/m3,open-meteo-cams
75c40b60-ab4d-454c-ab6f-8081579f6b00,CG007,21.509999999999998,81.798,2026-03-14T11:00,SO2,5.6,ug/m3,open-meteo-cams
75c40b60-ab4d-454c-ab6f-8081579f6b00,CG007,21.509999999999998,81.798,2026-03-14T12:00,PM2.5,24.2,ug/m3,open-meteo-cams
75c40b60-ab4d-454c-ab6f-8081579f6b00,CG007,21.509999999999998,81.798,2026-03-14T12:00,NO2,7.7,ug/m3,open-meteo-cams
75c40b60-ab4d-454c-ab6f-8081579f6b00,CG007,21.509999999999998,81.798,2026-03-14T12:00,SO2,6.4,ug/m3,open-meteo-cams
75c40b60-ab4d-454c-ab6f-8081579f6b00,CG007,21.509999999999998,81.798,2026-03-14T13:00,PM2.5,33.5,ug/m3,open-meteo-cams
75c40b60-ab4d-454c-ab6f-8081579f6b00,CG007,21.509999999999998,81.798,2026-03-14T13:00,NO2,12.5,ug/m3,open-meteo-cams
75c40b60-ab4d-454c-ab6f-8081579f6b00,CG007,21.509999999999998,81.798,2026-03-14T13:00,SO2,8.1,ug/m3,open-meteo-cams
75c40b60-ab4d-454c-ab6f-8081579f6b00,CG007,21.509999999999998,81.798,2026-03-14T14:00,PM2.5,37.5,ug/m3,open-meteo-cams
75c40b60-ab4d-454c-ab6f-8081579f6b00,CG007,21.509999999999998,81.798,2026-03-14T14:00,NO2,18.4,ug/m3,open-meteo-cams
75c40b60-ab4d-454c-ab6f-8081579f6b00,CG007,21.509999999999998,81.798,2026-03-14T14:00,SO2,10.4,ug/m3,open-meteo-cams
75c40b60-ab4d-454c-ab6f-8081579f6b00,CG007,21.509999999999998,81.798,2026-03-14T15:00,PM2.5,38.9,ug/m3,open-meteo-cams
75c40b60-ab4d-454c-ab6f-8081579f6b00,CG007,21.509999999999998,81.798,2026-03-14T15:00,NO2,23.5,ug/m3,open-meteo-cams
75c40b60-ab4d-454c-ab6f-8081579f6b00,CG007,21.509999999999998,81.798,2026-03-14T15:00,SO2,12.1,ug/m3,open-meteo-cams
75c40b60-ab4d-454c-ab6f-8081579f6b00,CG007,21.509999999999998,81.798,2026-03-14T16:00,PM2.5,41.4,ug/m3,open-meteo-cams
75c40b60-ab4d-454c-ab6f-8081579f6b00,CG007,21.509999999999998,81.798,2026-03-14T16:00,NO2,26.9,ug/m3,open-meteo-cams
75c40b60-ab4d-454c-ab6f-8081579f6b00,CG007,21.509999999999998,81.798,2026-03-14T16:00,SO2,12.6,ug/m3,open-meteo-cams
75c40b60-ab4d-454c-ab6f-8081579f6b00,CG007,21.509999999999998,81.798,2026-03-14T17:00,PM2.5,44.8,ug/m3,open-meteo-cams
75c40b60-ab4d-454c-ab6f-8081579f6b00,CG007,21.509999999999998,81.798,2026-03-14T17:00,NO2,29.4,ug/m3,open-meteo-cams
75c40b60-ab4d-454c-ab6f-8081579f6b00,CG007,21.509999999999998,81.798,2026-03-14T17:00,SO2,12.5,ug/m3,open-meteo-cams
75c40b60-ab4d-454c-ab6f-8081579f6b00,CG007,21.509999999999998,81.798,2026-03-14T18:00,PM2.5,48.0,ug/m3,open-meteo-cams
75c40b60-ab4d-454c-ab6f-8081579f6b00,CG007,21.509999999999998,81.798,2026-03-14T18:00,NO2,31.3,ug/m3,open-meteo-cams
75c40b60-ab4d-454c-ab6f-8081579f6b00,CG007,21.509999999999998,81.798,2026-03-14T18:00,SO2,12.2,ug/m3,open-meteo-cams
75c40b60-ab4d-454c-ab6f-8081579f6b00,CG007,21.509999999999998,81.798,2026-03-14T19:00,PM2.5,50.4,ug/m3,open-meteo-cams
75c40b60-ab4d-454c-ab6f-8081579f6b00,CG007,21.509999999999998,81.798,2026-03-14T19:00,NO2,32.9,ug/m3,open-meteo-cams
75c40b60-ab4d-454c-ab6f-8081579f6b00,CG007,21.509999999999998,81.798,2026-03-14T19:00,SO2,11.9,ug/m3,open-meteo-cams
75c40b60-ab4d-454c-ab6f-8081579f6b00,CG007,21.509999999999998,81.798,2026-03-14T20:00,PM2.5,53.2,ug/m3,open-meteo-cams
75c40b60-ab4d-454c-ab6f-8081579f6b00,CG007,21.509999999999998,81.798,2026-03-14T20:00,NO2,34.0,ug/m3,open-meteo-cams
75c40b60-ab4d-454c-ab6f-8081579f6b00,CG007,21.509999999999998,81.798,2026-03-14T20:00,SO2,11.5,ug/m3,open-meteo-cams
75c40b60-ab4d-454c-ab6f-8081579f6b00,CG007,21.509999999999998,81.798,2026-03-14T21:00,PM2.5,56.5,ug/m3,open-meteo-cams
75c40b60-ab4d-454c-ab6f-8081579f6b00,CG007,21.509999999999998,81.798,2026-03-14T21:00,NO2,34.0,ug/m3,open-meteo-cams
75c40b60-ab4d-454c-ab6f-8081579f6b00,CG007,21.509999999999998,81.798,2026-03-14T21:00,SO2,11.1,ug/m3,open-meteo-cams
75c40b60-ab4d-454c-ab6f-8081579f6b00,CG007,21.509999999999998,81.798,2026-03-14T22:00,PM2.5,60.1,ug/m3,open-meteo-cams
75c40b60-ab4d-454c-ab6f-8081579f6b00,CG007,21.509999999999998,81.798,2026-03-14T22:00,NO2,32.5,ug/m3,open-meteo-cams
75c40b60-ab4d-454c-ab6f-8081579f6b00,CG007,21.509999999999998,81.798,2026-03-14T22:00,SO2,10.5,ug/m3,open-meteo-cams
75c40b60-ab4d-454c-ab6f-8081579f6b00,CG007,21.509999999999998,81.798,2026-03-14T23:00,PM2.5,60.8,ug/m3,open-meteo-cams
75c40b60-ab4d-454c-ab6f-8081579f6b00,CG007,21.509999999999998,81.798,2026-03-14T23:00,NO2,30.0,ug/m3,open-meteo-cams
75c40b60-ab4d-454c-ab6f-8081579f6b00,CG007,21.509999999999998,81.798,2026-03-14T23:00,SO2,9.9,ug/m3,open-meteo-cams
2093f943-2b9e-4b96-b16f-371b41fb54ab,CG008,21.52,81.806,2026-03-13T00:00,PM2.5,63.6,ug/m3,open-meteo-cams
2093f943-2b9e-4b96-b16f-371b41fb54ab,CG008,21.52,81.806,2026-03-13T00:00,NO2,24.4,ug/m3,open-meteo-cams
2093f943-2b9e-4b96-b16f-371b41fb54ab,CG008,21.52,81.806,2026-03-13T00:00,SO2,11.6,ug/m3,open-meteo-cams
2093f943-2b9e-4b96-b16f-371b41fb54ab,CG008,21.52,81.806,2026-03-13T01:00,PM2.5,68.0,ug/m3,open-meteo-cams
2093f943-2b9e-4b96-b16f-371b41fb54ab,CG008,21.52,81.806,2026-03-13T01:00,NO2,21.4,ug/m3,open-meteo-cams
2093f943-2b9e-4b96-b16f-371b41fb54ab,CG008,21.52,81.806,2026-03-13T01:00,SO2,12.9,ug/m3,open-meteo-cams
2093f943-2b9e-4b96-b16f-371b41fb54ab,CG008,21.52,81.806,2026-03-13T02:00,PM2.5,69.2,ug/m3,open-meteo-cams
2093f943-2b9e-4b96-b16f-371b41fb54ab,CG008,21.52,81.806,2026-03-13T02:00,NO2,17.2,ug/m3,open-meteo-cams
2093f943-2b9e-4b96-b16f-371b41fb54ab,CG008,21.52,81.806,2026-03-13T02:00,SO2,14.8,ug/m3,open-meteo-cams
2093f943-2b9e-4b96-b16f-371b41fb54ab,CG008,21.52,81.806,2026-03-13T03:00,PM2.5,55.1,ug/m3,open-meteo-cams
2093f943-2b9e-4b96-b16f-371b41fb54ab,CG008,21.52,81.806,2026-03-13T03:00,NO2,13.2,ug/m3,open-meteo-cams
2093f943-2b9e-4b96-b16f-371b41fb54ab,CG008,21.52,81.806,2026-03-13T03:00,SO2,17.0,ug/m3,open-meteo-cams
2093f943-2b9e-4b96-b16f-371b41fb54ab,CG008,21.52,81.806,2026-03-13T04:00,PM2.5,42.1,ug/m3,open-meteo-cams
2093f943-2b9e-4b96-b16f-371b41fb54ab,CG008,21.52,81.806,2026-03-13T04:00,NO2,9.9,ug/m3,open-meteo-cams
2093f943-2b9e-4b96-b16f-371b41fb54ab,CG008,21.52,81.806,2026-03-13T04:00,SO2,20.1,ug/m3,open-meteo-cams
2093f943-2b9e-4b96-b16f-371b41fb54ab,CG008,21.52,81.806,2026-03-13T05:00,PM2.5,28.1,ug/m3,open-meteo-cams
2093f943-2b9e-4b96-b16f-371b41fb54ab,CG008,21.52,81.806,2026-03-13T05:00,NO2,6.8,ug/m3,open-meteo-cams
2093f943-2b9e-4b96-b16f-371b41fb54ab,CG008,21.52,81.806,2026-03-13T05:00,SO2,23.4,ug/m3,open-meteo-cams
2093f943-2b9e-4b96-b16f-371b41fb54ab,CG008,21.52,81.806,2026-03-13T06:00,PM2.5,20.5,ug/m3,open-meteo-cams
2093f943-2b9e-4b96-b16f-371b41fb54ab,CG008,21.52,81.806,2026-03-13T06:00,NO2,4.4,ug/m3,open-meteo-cams
2093f943-2b9e-4b96-b16f-371b41fb54ab,CG008,21.52,81.806,2026-03-13T06:00,SO2,24.6,ug/m3,open-meteo-cams
2093f943-2b9e-4b96-b16f-371b41fb54ab,CG008,21.52,81.806,2026-03-13T07:00,PM2.5,18.4,ug/m3,open-meteo-cams
2093f943-2b9e-4b96-b16f-371b41fb54ab,CG008,21.52,81.806,2026-03-13T07:00,NO2,2.8,ug/m3,open-meteo-cams
2093f943-2b9e-4b96-b16f-371b41fb54ab,CG008,21.52,81.806,2026-03-13T07:00,SO2,21.9,ug/m3,open-meteo-cams
2093f943-2b9e-4b96-b16f-371b41fb54ab,CG008,21.52,81.806,2026-03-13T08:00,PM2.5,17.9,ug/m3,open-meteo-cams
2093f943-2b9e-4b96-b16f-371b41fb54ab,CG008,21.52,81.806,2026-03-13T08:00,NO2,1.9,ug/m3,open-meteo-cams
2093f943-2b9e-4b96-b16f-371b41fb54ab,CG008,21.52,81.806,2026-03-13T08:00,SO2,17.1,ug/m3,open-meteo-cams
2093f943-2b9e-4b96-b16f-371b41fb54ab,CG008,21.52,81.806,2026-03-13T09:00,PM2.5,16.6,ug/m3,open-meteo-cams
2093f943-2b9e-4b96-b16f-371b41fb54ab,CG008,21.52,81.806,2026-03-13T09:00,NO2,1.5,ug/m3,open-meteo-cams
2093f943-2b9e-4b96-b16f-371b41fb54ab,CG008,21.52,81.806,2026-03-13T09:00,SO2,13.1,ug/m3,open-meteo-cams
2093f943-2b9e-4b96-b16f-371b41fb54ab,CG008,21.52,81.806,2026-03-13T10:00,PM2.5,15.0,ug/m3,open-meteo-cams
2093f943-2b9e-4b96-b16f-371b41fb54ab,CG008,21.52,81.806,2026-03-13T10:00,NO2,1.5,ug/m3,open-meteo-cams
2093f943-2b9e-4b96-b16f-371b41fb54ab,CG008,21.52,81.806,2026-03-13T10:00,SO2,10.8,ug/m3,open-meteo-cams
2093f943-2b9e-4b96-b16f-371b41fb54ab,CG008,21.52,81.806,2026-03-13T11:00,PM2.5,13.4,ug/m3,open-meteo-cams
2093f943-2b9e-4b96-b16f-371b41fb54ab,CG008,21.52,81.806,2026-03-13T11:00,NO2,1.9,ug/m3,open-meteo-cams
2093f943-2b9e-4b96-b16f-371b41fb54ab,CG008,21.52,81.806,2026-03-13T11:00,SO2,9.2,ug/m3,open-meteo-cams
2093f943-2b9e-4b96-b16f-371b41fb54ab,CG008,21.52,81.806,2026-03-13T12:00,PM2.5,14.1,ug/m3,open-meteo-cams
2093f943-2b9e-4b96-b16f-371b41fb54ab,CG008,21.52,81.806,2026-03-13T12:00,NO2,2.8,ug/m3,open-meteo-cams
2093f943-2b9e-4b96-b16f-371b41fb54ab,CG008,21.52,81.806,2026-03-13T12:00,SO2,8.5,ug/m3,open-meteo-cams
2093f943-2b9e-4b96-b16f-371b41fb54ab,CG008,21.52,81.806,2026-03-13T13:00,PM2.5,23.6,ug/m3,open-meteo-cams
2093f943-2b9e-4b96-b16f-371b41fb54ab,CG008,21.52,81.806,2026-03-13T13:00,NO2,4.5,ug/m3,open-meteo-cams
2093f943-2b9e-4b96-b16f-371b41fb54ab,CG008,21.52,81.806,2026-03-13T13:00,SO2,9.2,ug/m3,open-meteo-cams
2093f943-2b9e-4b96-b16f-371b41fb54ab,CG008,21.52,81.806,2026-03-13T14:00,PM2.5,30.3,ug/m3,open-meteo-cams
2093f943-2b9e-4b96-b16f-371b41fb54ab,CG008,21.52,81.806,2026-03-13T14:00,NO2,6.6,ug/m3,open-meteo-cams
2093f943-2b9e-4b96-b16f-371b41fb54ab,CG008,21.52,81.806,2026-03-13T14:00,SO2,10.9,ug/m3,open-meteo-cams
2093f943-2b9e-4b96-b16f-371b41fb54ab,CG008,21.52,81.806,2026-03-13T15:00,PM2.5,29.2,ug/m3,open-meteo-cams
2093f943-2b9e-4b96-b16f-371b41fb54ab,CG008,21.52,81.806,2026-03-13T15:00,NO2,8.0,ug/m3,open-meteo-cams
2093f943-2b9e-4b96-b16f-371b41fb54ab,CG008,21.52,81.806,2026-03-13T15:00,SO2,12.0,ug/m3,open-meteo-cams
2093f943-2b9e-4b96-b16f-371b41fb54ab,CG008,21.52,81.806,2026-03-13T16:00,PM2.5,28.8,ug/m3,open-meteo-cams
2093f943-2b9e-4b96-b16f-371b41fb54ab,CG008,21.52,81.806,2026-03-13T16:00,NO2,7.7,ug/m3,open-meteo-cams
2093f943-2b9e-4b96-b16f-371b41fb54ab,CG008,21.52,81.806,2026-03-13T16:00,SO2,11.8,ug/m3,open-meteo-cams
2093f943-2b9e-4b96-b16f-371b41fb54ab,CG008,21.52,81.806,2026-03-13T17:00,PM2.5,29.2,ug/m3,open-meteo-cams
2093f943-2b9e-4b96-b16f-371b41fb54ab,CG008,21.52,81.806,2026-03-13T17:00,NO2,6.7,ug/m3,open-meteo-cams
2093f943-2b9e-4b96-b16f-371b41fb54ab,CG008,21.52,81.806,2026-03-13T17:00,SO2,11.1,ug/m3,open-meteo-cams
2093f943-2b9e-4b96-b16f-371b41fb54ab,CG008,21.52,81.806,2026-03-13T18:00,PM2.5,31.9,ug/m3,open-meteo-cams
2093f943-2b9e-4b96-b16f-371b41fb54ab,CG008,21.52,81.806,2026-03-13T18:00,NO2,7.1,ug/m3,open-meteo-cams
2093f943-2b9e-4b96-b16f-371b41fb54ab,CG008,21.52,81.806,2026-03-13T18:00,SO2,10.6,ug/m3,open-meteo-cams
2093f943-2b9e-4b96-b16f-371b41fb54ab,CG008,21.52,81.806,2026-03-13T19:00,PM2.5,37.6,ug/m3,open-meteo-cams
2093f943-2b9e-4b96-b16f-371b41fb54ab,CG008,21.52,81.806,2026-03-13T19:00,NO2,10.1,ug/m3,open-meteo-cams
2093f943-2b9e-4b96-b16f-371b41fb54ab,CG008,21.52,81.806,2026-03-13T19:00,SO2,10.4,ug/m3,open-meteo-cams
2093f943-2b9e-4b96-b16f-371b41fb54ab,CG008,21.52,81.806,2026-03-13T20:00,PM2.5,44.9,ug/m3,open-meteo-cams
2093f943-2b9e-4b96-b16f-371b41fb54ab,CG008,21.52,81.806,2026-03-13T20:00,NO2,14.4,ug/m3,open-meteo-cams
2093f943-2b9e-4b96-b16f-371b41fb54ab,CG008,21.52,81.806,2026-03-13T20:00,SO2,10.4,ug/m3,open-meteo-cams
2093f943-2b9e-4b96-b16f-371b41fb54ab,CG008,21.52,81.806,2026-03-13T21:00,PM2.5,50.5,ug/m3,open-meteo-cams
2093f943-2b9e-4b96-b16f-371b41fb54ab,CG008,21.52,81.806,2026-03-13T21:00,NO2,18.3,ug/m3,open-meteo-cams
2093f943-2b9e-4b96-b16f-371b41fb54ab,CG008,21.52,81.806,2026-03-13T21:00,SO2,10.6,ug/m3,open-meteo-cams
2093f943-2b9e-4b96-b16f-371b41fb54ab,CG008,21.52,81.806,2026-03-13T22:00,PM2.5,56.2,ug/m3,open-meteo-cams
2093f943-2b9e-4b96-b16f-371b41fb54ab,CG008,21.52,81.806,2026-03-13T22:00,NO2,21.4,ug/m3,open-meteo-cams
2093f943-2b9e-4b96-b16f-371b41fb54ab,CG008,21.52,81.806,2026-03-13T22:00,SO2,10.9,ug/m3,open-meteo-cams
2093f943-2b9e-4b96-b16f-371b41fb54ab,CG008,21.52,81.806,2026-03-13T23:00,PM2.5,62.4,ug/m3,open-meteo-cams
2093f943-2b9e-4b96-b16f-371b41fb54ab,CG008,21.52,81.806,2026-03-13T23:00,NO2,24.0,ug/m3,open-meteo-cams
2093f943-2b9e-4b96-b16f-371b41fb54ab,CG008,21.52,81.806,2026-03-13T23:00,SO2,11.5,ug/m3,open-meteo-cams
2093f943-2b9e-4b96-b16f-371b41fb54ab,CG008,21.52,81.806,2026-03-14T00:00,PM2.5,70.1,ug/m3,open-meteo-cams
2093f943-2b9e-4b96-b16f-371b41fb54ab,CG008,21.52,81.806,2026-03-14T00:00,NO2,25.6,ug/m3,open-meteo-cams
2093f943-2b9e-4b96-b16f-371b41fb54ab,CG008,21.52,81.806,2026-03-14T00:00,SO2,12.3,ug/m3,open-meteo-cams
2093f943-2b9e-4b96-b16f-371b41fb54ab,CG008,21.52,81.806,2026-03-14T01:00,PM2.5,73.3,ug/m3,open-meteo-cams
2093f943-2b9e-4b96-b16f-371b41fb54ab,CG008,21.52,81.806,2026-03-14T01:00,NO2,26.0,ug/m3,open-meteo-cams
2093f943-2b9e-4b96-b16f-371b41fb54ab,CG008,21.52,81.806,2026-03-14T01:00,SO2,13.8,ug/m3,open-meteo-cams
2093f943-2b9e-4b96-b16f-371b41fb54ab,CG008,21.52,81.806,2026-03-14T02:00,PM2.5,63.1,ug/m3,open-meteo-cams
2093f943-2b9e-4b96-b16f-371b41fb54ab,CG008,21.52,81.806,2026-03-14T02:00,NO2,25.2,ug/m3,open-meteo-cams
2093f943-2b9e-4b96-b16f-371b41fb54ab,CG008,21.52,81.806,2026-03-14T02:00,SO2,15.7,ug/m3,open-meteo-cams
2093f943-2b9e-4b96-b16f-371b41fb54ab,CG008,21.52,81.806,2026-03-14T03:00,PM2.5,52.2,ug/m3,open-meteo-cams
2093f943-2b9e-4b96-b16f-371b41fb54ab,CG008,21.52,81.806,2026-03-14T03:00,NO2,23.2,ug/m3,open-meteo-cams
2093f943-2b9e-4b96-b16f-371b41fb54ab,CG008,21.52,81.806,2026-03-14T03:00,SO2,16.8,ug/m3,open-meteo-cams
2093f943-2b9e-4b96-b16f-371b41fb54ab,CG008,21.52,81.806,2026-03-14T04:00,PM2.5,46.8,ug/m3,open-meteo-cams
2093f943-2b9e-4b96-b16f-371b41fb54ab,CG008,21.52,81.806,2026-03-14T04:00,NO2,19.1,ug/m3,open-meteo-cams
2093f943-2b9e-4b96-b16f-371b41fb54ab,CG008,21.52,81.806,2026-03-14T04:00,SO2,16.7,ug/m3,open-meteo-cams
2093f943-2b9e-4b96-b16f-371b41fb54ab,CG008,21.52,81.806,2026-03-14T05:00,PM2.5,45.8,ug/m3,open-meteo-cams
2093f943-2b9e-4b96-b16f-371b41fb54ab,CG008,21.52,81.806,2026-03-14T05:00,NO2,13.6,ug/m3,open-meteo-cams
2093f943-2b9e-4b96-b16f-371b41fb54ab,CG008,21.52,81.806,2026-03-14T05:00,SO2,15.9,ug/m3,open-meteo-cams
2093f943-2b9e-4b96-b16f-371b41fb54ab,CG008,21.52,81.806,2026-03-14T06:00,PM2.5,41.8,ug/m3,open-meteo-cams
2093f943-2b9e-4b96-b16f-371b41fb54ab,CG008,21.52,81.806,2026-03-14T06:00,NO2,9.0,ug/m3,open-meteo-cams
2093f943-2b9e-4b96-b16f-371b41fb54ab,CG008,21.52,81.806,2026-03-14T06:00,SO2,14.5,ug/m3,open-meteo-cams
2093f943-2b9e-4b96-b16f-371b41fb54ab,CG008,21.52,81.806,2026-03-14T07:00,PM2.5,37.4,ug/m3,open-meteo-cams
2093f943-2b9e-4b96-b16f-371b41fb54ab,CG008,21.52,81.806,2026-03-14T07:00,NO2,5.8,ug/m3,open-meteo-cams
2093f943-2b9e-4b96-b16f-371b41fb54ab,CG008,21.52,81.806,2026-03-14T07:00,SO2,12.3,ug/m3,open-meteo-cams
2093f943-2b9e-4b96-b16f-371b41fb54ab,CG008,21.52,81.806,2026-03-14T08:00,PM2.5,29.2,ug/m3,open-meteo-cams
2093f943-2b9e-4b96-b16f-371b41fb54ab,CG008,21.52,81.806,2026-03-14T08:00,NO2,3.5,ug/m3,open-meteo-cams
2093f943-2b9e-4b96-b16f-371b41fb54ab,CG008,21.52,81.806,2026-03-14T08:00,SO2,9.5,ug/m3,open-meteo-cams
2093f943-2b9e-4b96-b16f-371b41fb54ab,CG008,21.52,81.806,2026-03-14T09:00,PM2.5,22.9,ug/m3,open-meteo-cams
2093f943-2b9e-4b96-b16f-371b41fb54ab,CG008,21.52,81.806,2026-03-14T09:00,NO2,2.2,ug/m3,open-meteo-cams
2093f943-2b9e-4b96-b16f-371b41fb54ab,CG008,21.52,81.806,2026-03-14T09:00,SO2,7.6,ug/m3,open-meteo-cams
2093f943-2b9e-4b96-b16f-371b41fb54ab,CG008,21.52,81.806,2026-03-14T10:00,PM2.5,21.2,ug/m3,open-meteo-cams
2093f943-2b9e-4b96-b16f-371b41fb54ab,CG008,21.52,81.806,2026-03-14T10:00,NO2,2.5,ug/m3,open-meteo-cams
2093f943-2b9e-4b96-b16f-371b41fb54ab,CG008,21.52,81.806,2026-03-14T10:00,SO2,7.0,ug/m3,open-meteo-cams
2093f943-2b9e-4b96-b16f-371b41fb54ab,CG008,21.52,81.806,2026-03-14T11:00,PM2.5,20.4,ug/m3,open-meteo-cams
2093f943-2b9e-4b96-b16f-371b41fb54ab,CG008,21.52,81.806,2026-03-14T11:00,NO2,3.9,ug/m3,open-meteo-cams
2093f943-2b9e-4b96-b16f-371b41fb54ab,CG008,21.52,81.806,2026-03-14T11:00,SO2,7.2,ug/m3,open-meteo-cams
2093f943-2b9e-4b96-b16f-371b41fb54ab,CG008,21.52,81.806,2026-03-14T12:00,PM2.5,22.9,ug/m3,open-meteo-cams
2093f943-2b9e-4b96-b16f-371b41fb54ab,CG008,21.52,81.806,2026-03-14T12:00,NO2,5.1,ug/m3,open-meteo-cams
2093f943-2b9e-4b96-b16f-371b41fb54ab,CG008,21.52,81.806,2026-03-14T12:00,SO2,7.8,ug/m3,open-meteo-cams
2093f943-2b9e-4b96-b16f-371b41fb54ab,CG008,21.52,81.806,2026-03-14T13:00,PM2.5,31.4,ug/m3,open-meteo-cams
2093f943-2b9e-4b96-b16f-371b41fb54ab,CG008,21.52,81.806,2026-03-14T13:00,NO2,5.7,ug/m3,open-meteo-cams
2093f943-2b9e-4b96-b16f-371b41fb54ab,CG008,21.52,81.806,2026-03-14T13:00,SO2,8.9,ug/m3,open-meteo-cams
2093f943-2b9e-4b96-b16f-371b41fb54ab,CG008,21.52,81.806,2026-03-14T14:00,PM2.5,33.2,ug/m3,open-meteo-cams
2093f943-2b9e-4b96-b16f-371b41fb54ab,CG008,21.52,81.806,2026-03-14T14:00,NO2,6.1,ug/m3,open-meteo-cams
2093f943-2b9e-4b96-b16f-371b41fb54ab,CG008,21.52,81.806,2026-03-14T14:00,SO2,10.4,ug/m3,open-meteo-cams
2093f943-2b9e-4b96-b16f-371b41fb54ab,CG008,21.52,81.806,2026-03-14T15:00,PM2.5,30.2,ug/m3,open-meteo-cams
2093f943-2b9e-4b96-b16f-371b41fb54ab,CG008,21.52,81.806,2026-03-14T15:00,NO2,6.3,ug/m3,open-meteo-cams
2093f943-2b9e-4b96-b16f-371b41fb54ab,CG008,21.52,81.806,2026-03-14T15:00,SO2,11.3,ug/m3,open-meteo-cams
2093f943-2b9e-4b96-b16f-371b41fb54ab,CG008,21.52,81.806,2026-03-14T16:00,PM2.5,27.9,ug/m3,open-meteo-cams
2093f943-2b9e-4b96-b16f-371b41fb54ab,CG008,21.52,81.806,2026-03-14T16:00,NO2,5.7,ug/m3,open-meteo-cams
2093f943-2b9e-4b96-b16f-371b41fb54ab,CG008,21.52,81.806,2026-03-14T16:00,SO2,11.1,ug/m3,open-meteo-cams
2093f943-2b9e-4b96-b16f-371b41fb54ab,CG008,21.52,81.806,2026-03-14T17:00,PM2.5,26.4,ug/m3,open-meteo-cams
2093f943-2b9e-4b96-b16f-371b41fb54ab,CG008,21.52,81.806,2026-03-14T17:00,NO2,4.9,ug/m3,open-meteo-cams
2093f943-2b9e-4b96-b16f-371b41fb54ab,CG008,21.52,81.806,2026-03-14T17:00,SO2,10.5,ug/m3,open-meteo-cams
2093f943-2b9e-4b96-b16f-371b41fb54ab,CG008,21.52,81.806,2026-03-14T18:00,PM2.5,27.1,ug/m3,open-meteo-cams
2093f943-2b9e-4b96-b16f-371b41fb54ab,CG008,21.52,81.806,2026-03-14T18:00,NO2,6.0,ug/m3,open-meteo-cams
2093f943-2b9e-4b96-b16f-371b41fb54ab,CG008,21.52,81.806,2026-03-14T18:00,SO2,10.1,ug/m3,open-meteo-cams
2093f943-2b9e-4b96-b16f-371b41fb54ab,CG008,21.52,81.806,2026-03-14T19:00,PM2.5,30.5,ug/m3,open-meteo-cams
2093f943-2b9e-4b96-b16f-371b41fb54ab,CG008,21.52,81.806,2026-03-14T19:00,NO2,10.6,ug/m3,open-meteo-cams
2093f943-2b9e-4b96-b16f-371b41fb54ab,CG008,21.52,81.806,2026-03-14T19:00,SO2,10.4,ug/m3,open-meteo-cams
2093f943-2b9e-4b96-b16f-371b41fb54ab,CG008,21.52,81.806,2026-03-14T20:00,PM2.5,36.1,ug/m3,open-meteo-cams
2093f943-2b9e-4b96-b16f-371b41fb54ab,CG008,21.52,81.806,2026-03-14T20:00,NO2,17.1,ug/m3,open-meteo-cams
2093f943-2b9e-4b96-b16f-371b41fb54ab,CG008,21.52,81.806,2026-03-14T20:00,SO2,11.1,ug/m3,open-meteo-cams
2093f943-2b9e-4b96-b16f-371b41fb54ab,CG008,21.52,81.806,2026-03-14T21:00,PM2.5,41.9,ug/m3,open-meteo-cams
2093f943-2b9e-4b96-b16f-371b41fb54ab,CG008,21.52,81.806,2026-03-14T21:00,NO2,22.0,ug/m3,open-meteo-cams
2093f943-2b9e-4b96-b16f-371b41fb54ab,CG008,21.52,81.806,2026-03-14T21:00,SO2,11.6,ug/m3,open-meteo-cams
2093f943-2b9e-4b96-b16f-371b41fb54ab,CG008,21.52,81.806,2026-03-14T22:00,PM2.5,47.8,ug/m3,open-meteo-cams
2093f943-2b9e-4b96-b16f-371b41fb54ab,CG008,21.52,81.806,2026-03-14T22:00,NO2,23.9,ug/m3,open-meteo-cams
2093f943-2b9e-4b96-b16f-371b41fb54ab,CG008,21.52,81.806,2026-03-14T22:00,SO2,11.7,ug/m3,open-meteo-cams
2093f943-2b9e-4b96-b16f-371b41fb54ab,CG008,21.52,81.806,2026-03-14T23:00,PM2.5,52.6,ug/m3,open-meteo-cams
2093f943-2b9e-4b96-b16f-371b41fb54ab,CG008,21.52,81.806,2026-03-14T23:00,NO2,24.3,ug/m3,open-meteo-cams
2093f943-2b9e-4b96-b16f-371b41fb54ab,CG008,21.52,81.806,2026-03-14T23:00,SO2,11.6,ug/m3,open-meteo-cams
96c9413c-d1b0-4739-9e94-76081b6bf993,CG009,21.529999999999998,81.814,2026-03-13T00:00,PM2.5,63.6,ug/m3,open-meteo-cams
96c9413c-d1b0-4739-9e94-76081b6bf993,CG009,21.529999999999998,81.814,2026-03-13T00:00,NO2,24.4,ug/m3,open-meteo-cams
96c9413c-d1b0-4739-9e94-76081b6bf993,CG009,21.529999999999998,81.814,2026-03-13T00:00,SO2,11.6,ug/m3,open-meteo-cams
96c9413c-d1b0-4739-9e94-76081b6bf993,CG009,21.529999999999998,81.814,2026-03-13T01:00,PM2.5,68.0,ug/m3,open-meteo-cams
96c9413c-d1b0-4739-9e94-76081b6bf993,CG009,21.529999999999998,81.814,2026-03-13T01:00,NO2,21.4,ug/m3,open-meteo-cams
96c9413c-d1b0-4739-9e94-76081b6bf993,CG009,21.529999999999998,81.814,2026-03-13T01:00,SO2,12.9,ug/m3,open-meteo-cams
96c9413c-d1b0-4739-9e94-76081b6bf993,CG009,21.529999999999998,81.814,2026-03-13T02:00,PM2.5,69.2,ug/m3,open-meteo-cams
96c9413c-d1b0-4739-9e94-76081b6bf993,CG009,21.529999999999998,81.814,2026-03-13T02:00,NO2,17.2,ug/m3,open-meteo-cams
96c9413c-d1b0-4739-9e94-76081b6bf993,CG009,21.529999999999998,81.814,2026-03-13T02:00,SO2,14.8,ug/m3,open-meteo-cams
96c9413c-d1b0-4739-9e94-76081b6bf993,CG009,21.529999999999998,81.814,2026-03-13T03:00,PM2.5,55.1,ug/m3,open-meteo-cams
96c9413c-d1b0-4739-9e94-76081b6bf993,CG009,21.529999999999998,81.814,2026-03-13T03:00,NO2,13.2,ug/m3,open-meteo-cams
96c9413c-d1b0-4739-9e94-76081b6bf993,CG009,21.529999999999998,81.814,2026-03-13T03:00,SO2,17.0,ug/m3,open-meteo-cams
96c9413c-d1b0-4739-9e94-76081b6bf993,CG009,21.529999999999998,81.814,2026-03-13T04:00,PM2.5,42.1,ug/m3,open-meteo-cams
96c9413c-d1b0-4739-9e94-76081b6bf993,CG009,21.529999999999998,81.814,2026-03-13T04:00,NO2,9.9,ug/m3,open-meteo-cams
96c9413c-d1b0-4739-9e94-76081b6bf993,CG009,21.529999999999998,81.814,2026-03-13T04:00,SO2,20.1,ug/m3,open-meteo-cams
96c9413c-d1b0-4739-9e94-76081b6bf993,CG009,21.529999999999998,81.814,2026-03-13T05:00,PM2.5,28.1,ug/m3,open-meteo-cams
96c9413c-d1b0-4739-9e94-76081b6bf993,CG009,21.529999999999998,81.814,2026-03-13T05:00,NO2,6.8,ug/m3,open-meteo-cams
96c9413c-d1b0-4739-9e94-76081b6bf993,CG009,21.529999999999998,81.814,2026-03-13T05:00,SO2,23.4,ug/m3,open-meteo-cams
96c9413c-d1b0-4739-9e94-76081b6bf993,CG009,21.529999999999998,81.814,2026-03-13T06:00,PM2.5,20.5,ug/m3,open-meteo-cams
96c9413c-d1b0-4739-9e94-76081b6bf993,CG009,21.529999999999998,81.814,2026-03-13T06:00,NO2,4.4,ug/m3,open-meteo-cams
96c9413c-d1b0-4739-9e94-76081b6bf993,CG009,21.529999999999998,81.814,2026-03-13T06:00,SO2,24.6,ug/m3,open-meteo-cams
96c9413c-d1b0-4739-9e94-76081b6bf993,CG009,21.529999999999998,81.814,2026-03-13T07:00,PM2.5,18.4,ug/m3,open-meteo-cams
96c9413c-d1b0-4739-9e94-76081b6bf993,CG009,21.529999999999998,81.814,2026-03-13T07:00,NO2,2.8,ug/m3,open-meteo-cams
96c9413c-d1b0-4739-9e94-76081b6bf993,CG009,21.529999999999998,81.814,2026-03-13T07:00,SO2,21.9,ug/m3,open-meteo-cams
96c9413c-d1b0-4739-9e94-76081b6bf993,CG009,21.529999999999998,81.814,2026-03-13T08:00,PM2.5,17.9,ug/m3,open-meteo-cams
96c9413c-d1b0-4739-9e94-76081b6bf993,CG009,21.529999999999998,81.814,2026-03-13T08:00,NO2,1.9,ug/m3,open-meteo-cams
96c9413c-d1b0-4739-9e94-76081b6bf993,CG009,21.529999999999998,81.814,2026-03-13T08:00,SO2,17.1,ug/m3,open-meteo-cams
96c9413c-d1b0-4739-9e94-76081b6bf993,CG009,21.529999999999998,81.814,2026-03-13T09:00,PM2.5,16.6,ug/m3,open-meteo-cams
96c9413c-d1b0-4739-9e94-76081b6bf993,CG009,21.529999999999998,81.814,2026-03-13T09:00,NO2,1.5,ug/m3,open-meteo-cams
96c9413c-d1b0-4739-9e94-76081b6bf993,CG009,21.529999999999998,81.814,2026-03-13T09:00,SO2,13.1,ug/m3,open-meteo-cams
96c9413c-d1b0-4739-9e94-76081b6bf993,CG009,21.529999999999998,81.814,2026-03-13T10:00,PM2.5,15.0,ug/m3,open-meteo-cams
96c9413c-d1b0-4739-9e94-76081b6bf993,CG009,21.529999999999998,81.814,2026-03-13T10:00,NO2,1.5,ug/m3,open-meteo-cams
96c9413c-d1b0-4739-9e94-76081b6bf993,CG009,21.529999999999998,81.814,2026-03-13T10:00,SO2,10.8,ug/m3,open-meteo-cams
96c9413c-d1b0-4739-9e94-76081b6bf993,CG009,21.529999999999998,81.814,2026-03-13T11:00,PM2.5,13.4,ug/m3,open-meteo-cams
96c9413c-d1b0-4739-9e94-76081b6bf993,CG009,21.529999999999998,81.814,2026-03-13T11:00,NO2,1.9,ug/m3,open-meteo-cams
96c9413c-d1b0-4739-9e94-76081b6bf993,CG009,21.529999999999998,81.814,2026-03-13T11:00,SO2,9.2,ug/m3,open-meteo-cams
96c9413c-d1b0-4739-9e94-76081b6bf993,CG009,21.529999999999998,81.814,2026-03-13T12:00,PM2.5,14.1,ug/m3,open-meteo-cams
96c9413c-d1b0-4739-9e94-76081b6bf993,CG009,21.529999999999998,81.814,2026-03-13T12:00,NO2,2.8,ug/m3,open-meteo-cams
96c9413c-d1b0-4739-9e94-76081b6bf993,CG009,21.529999999999998,81.814,2026-03-13T12:00,SO2,8.5,ug/m3,open-meteo-cams
96c9413c-d1b0-4739-9e94-76081b6bf993,CG009,21.529999999999998,81.814,2026-03-13T13:00,PM2.5,23.6,ug/m3,open-meteo-cams
96c9413c-d1b0-4739-9e94-76081b6bf993,CG009,21.529999999999998,81.814,2026-03-13T13:00,NO2,4.5,ug/m3,open-meteo-cams
96c9413c-d1b0-4739-9e94-76081b6bf993,CG009,21.529999999999998,81.814,2026-03-13T13:00,SO2,9.2,ug/m3,open-meteo-cams
96c9413c-d1b0-4739-9e94-76081b6bf993,CG009,21.529999999999998,81.814,2026-03-13T14:00,PM2.5,30.3,ug/m3,open-meteo-cams
96c9413c-d1b0-4739-9e94-76081b6bf993,CG009,21.529999999999998,81.814,2026-03-13T14:00,NO2,6.6,ug/m3,open-meteo-cams
96c9413c-d1b0-4739-9e94-76081b6bf993,CG009,21.529999999999998,81.814,2026-03-13T14:00,SO2,10.9,ug/m3,open-meteo-cams
96c9413c-d1b0-4739-9e94-76081b6bf993,CG009,21.529999999999998,81.814,2026-03-13T15:00,PM2.5,29.2,ug/m3,open-meteo-cams
96c9413c-d1b0-4739-9e94-76081b6bf993,CG009,21.529999999999998,81.814,2026-03-13T15:00,NO2,8.0,ug/m3,open-meteo-cams
96c9413c-d1b0-4739-9e94-76081b6bf993,CG009,21.529999999999998,81.814,2026-03-13T15:00,SO2,12.0,ug/m3,open-meteo-cams
96c9413c-d1b0-4739-9e94-76081b6bf993,CG009,21.529999999999998,81.814,2026-03-13T16:00,PM2.5,28.8,ug/m3,open-meteo-cams
96c9413c-d1b0-4739-9e94-76081b6bf993,CG009,21.529999999999998,81.814,2026-03-13T16:00,NO2,7.7,ug/m3,open-meteo-cams
96c9413c-d1b0-4739-9e94-76081b6bf993,CG009,21.529999999999998,81.814,2026-03-13T16:00,SO2,11.8,ug/m3,open-meteo-cams
96c9413c-d1b0-4739-9e94-76081b6bf993,CG009,21.529999999999998,81.814,2026-03-13T17:00,PM2.5,29.2,ug/m3,open-meteo-cams
96c9413c-d1b0-4739-9e94-76081b6bf993,CG009,21.529999999999998,81.814,2026-03-13T17:00,NO2,6.7,ug/m3,open-meteo-cams
96c9413c-d1b0-4739-9e94-76081b6bf993,CG009,21.529999999999998,81.814,2026-03-13T17:00,SO2,11.1,ug/m3,open-meteo-cams
96c9413c-d1b0-4739-9e94-76081b6bf993,CG009,21.529999999999998,81.814,2026-03-13T18:00,PM2.5,31.9,ug/m3,open-meteo-cams
96c9413c-d1b0-4739-9e94-76081b6bf993,CG009,21.529999999999998,81.814,2026-03-13T18:00,NO2,7.1,ug/m3,open-meteo-cams
96c9413c-d1b0-4739-9e94-76081b6bf993,CG009,21.529999999999998,81.814,2026-03-13T18:00,SO2,10.6,ug/m3,open-meteo-cams
96c9413c-d1b0-4739-9e94-76081b6bf993,CG009,21.529999999999998,81.814,2026-03-13T19:00,PM2.5,37.6,ug/m3,open-meteo-cams
96c9413c-d1b0-4739-9e94-76081b6bf993,CG009,21.529999999999998,81.814,2026-03-13T19:00,NO2,10.1,ug/m3,open-meteo-cams
96c9413c-d1b0-4739-9e94-76081b6bf993,CG009,21.529999999999998,81.814,2026-03-13T19:00,SO2,10.4,ug/m3,open-meteo-cams
96c9413c-d1b0-4739-9e94-76081b6bf993,CG009,21.529999999999998,81.814,2026-03-13T20:00,PM2.5,44.9,ug/m3,open-meteo-cams
96c9413c-d1b0-4739-9e94-76081b6bf993,CG009,21.529999999999998,81.814,2026-03-13T20:00,NO2,14.4,ug/m3,open-meteo-cams
96c9413c-d1b0-4739-9e94-76081b6bf993,CG009,21.529999999999998,81.814,2026-03-13T20:00,SO2,10.4,ug/m3,open-meteo-cams
96c9413c-d1b0-4739-9e94-76081b6bf993,CG009,21.529999999999998,81.814,2026-03-13T21:00,PM2.5,50.5,ug/m3,open-meteo-cams
96c9413c-d1b0-4739-9e94-76081b6bf993,CG009,21.529999999999998,81.814,2026-03-13T21:00,NO2,18.3,ug/m3,open-meteo-cams
96c9413c-d1b0-4739-9e94-76081b6bf993,CG009,21.529999999999998,81.814,2026-03-13T21:00,SO2,10.6,ug/m3,open-meteo-cams
96c9413c-d1b0-4739-9e94-76081b6bf993,CG009,21.529999999999998,81.814,2026-03-13T22:00,PM2.5,56.2,ug/m3,open-meteo-cams
96c9413c-d1b0-4739-9e94-76081b6bf993,CG009,21.529999999999998,81.814,2026-03-13T22:00,NO2,21.4,ug/m3,open-meteo-cams
96c9413c-d1b0-4739-9e94-76081b6bf993,CG009,21.529999999999998,81.814,2026-03-13T22:00,SO2,10.9,ug/m3,open-meteo-cams
96c9413c-d1b0-4739-9e94-76081b6bf993,CG009,21.529999999999998,81.814,2026-03-13T23:00,PM2.5,62.4,ug/m3,open-meteo-cams
96c9413c-d1b0-4739-9e94-76081b6bf993,CG009,21.529999999999998,81.814,2026-03-13T23:00,NO2,24.0,ug/m3,open-meteo-cams
96c9413c-d1b0-4739-9e94-76081b6bf993,CG009,21.529999999999998,81.814,2026-03-13T23:00,SO2,11.5,ug/m3,open-meteo-cams
96c9413c-d1b0-4739-9e94-76081b6bf993,CG009,21.529999999999998,81.814,2026-03-14T00:00,PM2.5,70.1,ug/m3,open-meteo-cams
96c9413c-d1b0-4739-9e94-76081b6bf993,CG009,21.529999999999998,81.814,2026-03-14T00:00,NO2,25.6,ug/m3,open-meteo-cams
96c9413c-d1b0-4739-9e94-76081b6bf993,CG009,21.529999999999998,81.814,2026-03-14T00:00,SO2,12.3,ug/m3,open-meteo-cams
96c9413c-d1b0-4739-9e94-76081b6bf993,CG009,21.529999999999998,81.814,2026-03-14T01:00,PM2.5,73.3,ug/m3,open-meteo-cams
96c9413c-d1b0-4739-9e94-76081b6bf993,CG009,21.529999999999998,81.814,2026-03-14T01:00,NO2,26.0,ug/m3,open-meteo-cams
96c9413c-d1b0-4739-9e94-76081b6bf993,CG009,21.529999999999998,81.814,2026-03-14T01:00,SO2,13.8,ug/m3,open-meteo-cams
96c9413c-d1b0-4739-9e94-76081b6bf993,CG009,21.529999999999998,81.814,2026-03-14T02:00,PM2.5,63.1,ug/m3,open-meteo-cams
96c9413c-d1b0-4739-9e94-76081b6bf993,CG009,21.529999999999998,81.814,2026-03-14T02:00,NO2,25.2,ug/m3,open-meteo-cams
96c9413c-d1b0-4739-9e94-76081b6bf993,CG009,21.529999999999998,81.814,2026-03-14T02:00,SO2,15.7,ug/m3,open-meteo-cams
96c9413c-d1b0-4739-9e94-76081b6bf993,CG009,21.529999999999998,81.814,2026-03-14T03:00,PM2.5,52.2,ug/m3,open-meteo-cams
96c9413c-d1b0-4739-9e94-76081b6bf993,CG009,21.529999999999998,81.814,2026-03-14T03:00,NO2,23.2,ug/m3,open-meteo-cams
96c9413c-d1b0-4739-9e94-76081b6bf993,CG009,21.529999999999998,81.814,2026-03-14T03:00,SO2,16.8,ug/m3,open-meteo-cams
96c9413c-d1b0-4739-9e94-76081b6bf993,CG009,21.529999999999998,81.814,2026-03-14T04:00,PM2.5,46.8,ug/m3,open-meteo-cams
96c9413c-d1b0-4739-9e94-76081b6bf993,CG009,21.529999999999998,81.814,2026-03-14T04:00,NO2,19.1,ug/m3,open-meteo-cams
96c9413c-d1b0-4739-9e94-76081b6bf993,CG009,21.529999999999998,81.814,2026-03-14T04:00,SO2,16.7,ug/m3,open-meteo-cams
96c9413c-d1b0-4739-9e94-76081b6bf993,CG009,21.529999999999998,81.814,2026-03-14T05:00,PM2.5,45.8,ug/m3,open-meteo-cams
96c9413c-d1b0-4739-9e94-76081b6bf993,CG009,21.529999999999998,81.814,2026-03-14T05:00,NO2,13.6,ug/m3,open-meteo-cams
96c9413c-d1b0-4739-9e94-76081b6bf993,CG009,21.529999999999998,81.814,2026-03-14T05:00,SO2,15.9,ug/m3,open-meteo-cams
96c9413c-d1b0-4739-9e94-76081b6bf993,CG009,21.529999999999998,81.814,2026-03-14T06:00,PM2.5,41.8,ug/m3,open-meteo-cams
96c9413c-d1b0-4739-9e94-76081b6bf993,CG009,21.529999999999998,81.814,2026-03-14T06:00,NO2,9.0,ug/m3,open-meteo-cams
96c9413c-d1b0-4739-9e94-76081b6bf993,CG009,21.529999999999998,81.814,2026-03-14T06:00,SO2,14.5,ug/m3,open-meteo-cams
96c9413c-d1b0-4739-9e94-76081b6bf993,CG009,21.529999999999998,81.814,2026-03-14T07:00,PM2.5,37.4,ug/m3,open-meteo-cams
96c9413c-d1b0-4739-9e94-76081b6bf993,CG009,21.529999999999998,81.814,2026-03-14T07:00,NO2,5.8,ug/m3,open-meteo-cams
96c9413c-d1b0-4739-9e94-76081b6bf993,CG009,21.529999999999998,81.814,2026-03-14T07:00,SO2,12.3,ug/m3,open-meteo-cams
96c9413c-d1b0-4739-9e94-76081b6bf993,CG009,21.529999999999998,81.814,2026-03-14T08:00,PM2.5,29.2,ug/m3,open-meteo-cams
96c9413c-d1b0-4739-9e94-76081b6bf993,CG009,21.529999999999998,81.814,2026-03-14T08:00,NO2,3.5,ug/m3,open-meteo-cams
96c9413c-d1b0-4739-9e94-76081b6bf993,CG009,21.529999999999998,81.814,2026-03-14T08:00,SO2,9.5,ug/m3,open-meteo-cams
96c9413c-d1b0-4739-9e94-76081b6bf993,CG009,21.529999999999998,81.814,2026-03-14T09:00,PM2.5,22.9,ug/m3,open-meteo-cams
96c9413c-d1b0-4739-9e94-76081b6bf993,CG009,21.529999999999998,81.814,2026-03-14T09:00,NO2,2.2,ug/m3,open-meteo-cams
96c9413c-d1b0-4739-9e94-76081b6bf993,CG009,21.529999999999998,81.814,2026-03-14T09:00,SO2,7.6,ug/m3,open-meteo-cams
96c9413c-d1b0-4739-9e94-76081b6bf993,CG009,21.529999999999998,81.814,2026-03-14T10:00,PM2.5,21.2,ug/m3,open-meteo-cams
96c9413c-d1b0-4739-9e94-76081b6bf993,CG009,21.529999999999998,81.814,2026-03-14T10:00,NO2,2.5,ug/m3,open-meteo-cams
96c9413c-d1b0-4739-9e94-76081b6bf993,CG009,21.529999999999998,81.814,2026-03-14T10:00,SO2,7.0,ug/m3,open-meteo-cams
96c9413c-d1b0-4739-9e94-76081b6bf993,CG009,21.529999999999998,81.814,2026-03-14T11:00,PM2.5,20.4,ug/m3,open-meteo-cams
96c9413c-d1b0-4739-9e94-76081b6bf993,CG009,21.529999999999998,81.814,2026-03-14T11:00,NO2,3.9,ug/m3,open-meteo-cams
96c9413c-d1b0-4739-9e94-76081b6bf993,CG009,21.529999999999998,81.814,2026-03-14T11:00,SO2,7.2,ug/m3,open-meteo-cams
96c9413c-d1b0-4739-9e94-76081b6bf993,CG009,21.529999999999998,81.814,2026-03-14T12:00,PM2.5,22.9,ug/m3,open-meteo-cams
96c9413c-d1b0-4739-9e94-76081b6bf993,CG009,21.529999999999998,81.814,2026-03-14T12:00,NO2,5.1,ug/m3,open-meteo-cams
96c9413c-d1b0-4739-9e94-76081b6bf993,CG009,21.529999999999998,81.814,2026-03-14T12:00,SO2,7.8,ug/m3,open-meteo-cams
96c9413c-d1b0-4739-9e94-76081b6bf993,CG009,21.529999999999998,81.814,2026-03-14T13:00,PM2.5,31.4,ug/m3,open-meteo-cams
96c9413c-d1b0-4739-9e94-76081b6bf993,CG009,21.529999999999998,81.814,2026-03-14T13:00,NO2,5.7,ug/m3,open-meteo-cams
96c9413c-d1b0-4739-9e94-76081b6bf993,CG009,21.529999999999998,81.814,2026-03-14T13:00,SO2,8.9,ug/m3,open-meteo-cams
96c9413c-d1b0-4739-9e94-76081b6bf993,CG009,21.529999999999998,81.814,2026-03-14T14:00,PM2.5,33.2,ug/m3,open-meteo-cams
96c9413c-d1b0-4739-9e94-76081b6bf993,CG009,21.529999999999998,81.814,2026-03-14T14:00,NO2,6.1,ug/m3,open-meteo-cams
96c9413c-d1b0-4739-9e94-76081b6bf993,CG009,21.529999999999998,81.814,2026-03-14T14:00,SO2,10.4,ug/m3,open-meteo-cams
96c9413c-d1b0-4739-9e94-76081b6bf993,CG009,21.529999999999998,81.814,2026-03-14T15:00,PM2.5,30.2,ug/m3,open-meteo-cams
96c9413c-d1b0-4739-9e94-76081b6bf993,CG009,21.529999999999998,81.814,2026-03-14T15:00,NO2,6.3,ug/m3,open-meteo-cams
96c9413c-d1b0-4739-9e94-76081b6bf993,CG009,21.529999999999998,81.814,2026-03-14T15:00,SO2,11.3,ug/m3,open-meteo-cams
96c9413c-d1b0-4739-9e94-76081b6bf993,CG009,21.529999999999998,81.814,2026-03-14T16:00,PM2.5,27.9,ug/m3,open-meteo-cams
96c9413c-d1b0-4739-9e94-76081b6bf993,CG009,21.529999999999998,81.814,2026-03-14T16:00,NO2,5.7,ug/m3,open-meteo-cams
96c9413c-d1b0-4739-9e94-76081b6bf993,CG009,21.529999999999998,81.814,2026-03-14T16:00,SO2,11.1,ug/m3,open-meteo-cams
96c9413c-d1b0-4739-9e94-76081b6bf993,CG009,21.529999999999998,81.814,2026-03-14T17:00,PM2.5,26.4,ug/m3,open-meteo-cams
96c9413c-d1b0-4739-9e94-76081b6bf993,CG009,21.529999999999998,81.814,2026-03-14T17:00,NO2,4.9,ug/m3,open-meteo-cams
96c9413c-d1b0-4739-9e94-76081b6bf993,CG009,21.529999999999998,81.814,2026-03-14T17:00,SO2,10.5,ug/m3,open-meteo-cams
96c9413c-d1b0-4739-9e94-76081b6bf993,CG009,21.529999999999998,81.814,2026-03-14T18:00,PM2.5,27.1,ug/m3,open-meteo-cams
96c9413c-d1b0-4739-9e94-76081b6bf993,CG009,21.529999999999998,81.814,2026-03-14T18:00,NO2,6.0,ug/m3,open-meteo-cams
96c9413c-d1b0-4739-9e94-76081b6bf993,CG009,21.529999999999998,81.814,2026-03-14T18:00,SO2,10.1,ug/m3,open-meteo-cams
96c9413c-d1b0-4739-9e94-76081b6bf993,CG009,21.529999999999998,81.814,2026-03-14T19:00,PM2.5,30.5,ug/m3,open-meteo-cams
96c9413c-d1b0-4739-9e94-76081b6bf993,CG009,21.529999999999998,81.814,2026-03-14T19:00,NO2,10.6,ug/m3,open-meteo-cams
96c9413c-d1b0-4739-9e94-76081b6bf993,CG009,21.529999999999998,81.814,2026-03-14T19:00,SO2,10.4,ug/m3,open-meteo-cams
96c9413c-d1b0-4739-9e94-76081b6bf993,CG009,21.529999999999998,81.814,2026-03-14T20:00,PM2.5,36.1,ug/m3,open-meteo-cams
96c9413c-d1b0-4739-9e94-76081b6bf993,CG009,21.529999999999998,81.814,2026-03-14T20:00,NO2,17.1,ug/m3,open-meteo-cams
96c9413c-d1b0-4739-9e94-76081b6bf993,CG009,21.529999999999998,81.814,2026-03-14T20:00,SO2,11.1,ug/m3,open-meteo-cams
96c9413c-d1b0-4739-9e94-76081b6bf993,CG009,21.529999999999998,81.814,2026-03-14T21:00,PM2.5,41.9,ug/m3,open-meteo-cams
96c9413c-d1b0-4739-9e94-76081b6bf993,CG009,21.529999999999998,81.814,2026-03-14T21:00,NO2,22.0,ug/m3,open-meteo-cams
96c9413c-d1b0-4739-9e94-76081b6bf993,CG009,21.529999999999998,81.814,2026-03-14T21:00,SO2,11.6,ug/m3,open-meteo-cams
96c9413c-d1b0-4739-9e94-76081b6bf993,CG009,21.529999999999998,81.814,2026-03-14T22:00,PM2.5,47.8,ug/m3,open-meteo-cams
96c9413c-d1b0-4739-9e94-76081b6bf993,CG009,21.529999999999998,81.814,2026-03-14T22:00,NO2,23.9,ug/m3,open-meteo-cams
96c9413c-d1b0-4739-9e94-76081b6bf993,CG009,21.529999999999998,81.814,2026-03-14T22:00,SO2,11.7,ug/m3,open-meteo-cams
96c9413c-d1b0-4739-9e94-76081b6bf993,CG009,21.529999999999998,81.814,2026-03-14T23:00,PM2.5,52.6,ug/m3,open-meteo-cams
96c9413c-d1b0-4739-9e94-76081b6bf993,CG009,21.529999999999998,81.814,2026-03-14T23:00,NO2,24.3,ug/m3,open-meteo-cams
96c9413c-d1b0-4739-9e94-76081b6bf993,CG009,21.529999999999998,81.814,2026-03-14T23:00,SO2,11.6,ug/m3,open-meteo-cams
b4d231c5-21ec-4f11-838e-a9e7bd0c2dd5,CG010,21.54,81.822,2026-03-13T00:00,PM2.5,63.6,ug/m3,open-meteo-cams
b4d231c5-21ec-4f11-838e-a9e7bd0c2dd5,CG010,21.54,81.822,2026-03-13T00:00,NO2,24.4,ug/m3,open-meteo-cams
b4d231c5-21ec-4f11-838e-a9e7bd0c2dd5,CG010,21.54,81.822,2026-03-13T00:00,SO2,11.6,ug/m3,open-meteo-cams
b4d231c5-21ec-4f11-838e-a9e7bd0c2dd5,CG010,21.54,81.822,2026-03-13T01:00,PM2.5,68.0,ug/m3,open-meteo-cams
b4d231c5-21ec-4f11-838e-a9e7bd0c2dd5,CG010,21.54,81.822,2026-03-13T01:00,NO2,21.4,ug/m3,open-meteo-cams
b4d231c5-21ec-4f11-838e-a9e7bd0c2dd5,CG010,21.54,81.822,2026-03-13T01:00,SO2,12.9,ug/m3,open-meteo-cams
b4d231c5-21ec-4f11-838e-a9e7bd0c2dd5,CG010,21.54,81.822,2026-03-13T02:00,PM2.5,69.2,ug/m3,open-meteo-cams
b4d231c5-21ec-4f11-838e-a9e7bd0c2dd5,CG010,21.54,81.822,2026-03-13T02:00,NO2,17.2,ug/m3,open-meteo-cams
b4d231c5-21ec-4f11-838e-a9e7bd0c2dd5,CG010,21.54,81.822,2026-03-13T02:00,SO2,14.8,ug/m3,open-meteo-cams
b4d231c5-21ec-4f11-838e-a9e7bd0c2dd5,CG010,21.54,81.822,2026-03-13T03:00,PM2.5,55.1,ug/m3,open-meteo-cams
b4d231c5-21ec-4f11-838e-a9e7bd0c2dd5,CG010,21.54,81.822,2026-03-13T03:00,NO2,13.2,ug/m3,open-meteo-cams
b4d231c5-21ec-4f11-838e-a9e7bd0c2dd5,CG010,21.54,81.822,2026-03-13T03:00,SO2,17.0,ug/m3,open-meteo-cams
b4d231c5-21ec-4f11-838e-a9e7bd0c2dd5,CG010,21.54,81.822,2026-03-13T04:00,PM2.5,42.1,ug/m3,open-meteo-cams
b4d231c5-21ec-4f11-838e-a9e7bd0c2dd5,CG010,21.54,81.822,2026-03-13T04:00,NO2,9.9,ug/m3,open-meteo-cams
b4d231c5-21ec-4f11-838e-a9e7bd0c2dd5,CG010,21.54,81.822,2026-03-13T04:00,SO2,20.1,ug/m3,open-meteo-cams
b4d231c5-21ec-4f11-838e-a9e7bd0c2dd5,CG010,21.54,81.822,2026-03-13T05:00,PM2.5,28.1,ug/m3,open-meteo-cams
b4d231c5-21ec-4f11-838e-a9e7bd0c2dd5,CG010,21.54,81.822,2026-03-13T05:00,NO2,6.8,ug/m3,open-meteo-cams
b4d231c5-21ec-4f11-838e-a9e7bd0c2dd5,CG010,21.54,81.822,2026-03-13T05:00,SO2,23.4,ug/m3,open-meteo-cams
b4d231c5-21ec-4f11-838e-a9e7bd0c2dd5,CG010,21.54,81.822,2026-03-13T06:00,PM2.5,20.5,ug/m3,open-meteo-cams
b4d231c5-21ec-4f11-838e-a9e7bd0c2dd5,CG010,21.54,81.822,2026-03-13T06:00,NO2,4.4,ug/m3,open-meteo-cams
b4d231c5-21ec-4f11-838e-a9e7bd0c2dd5,CG010,21.54,81.822,2026-03-13T06:00,SO2,24.6,ug/m3,open-meteo-cams
b4d231c5-21ec-4f11-838e-a9e7bd0c2dd5,CG010,21.54,81.822,2026-03-13T07:00,PM2.5,18.4,ug/m3,open-meteo-cams
b4d231c5-21ec-4f11-838e-a9e7bd0c2dd5,CG010,21.54,81.822,2026-03-13T07:00,NO2,2.8,ug/m3,open-meteo-cams
b4d231c5-21ec-4f11-838e-a9e7bd0c2dd5,CG010,21.54,81.822,2026-03-13T07:00,SO2,21.9,ug/m3,open-meteo-cams
b4d231c5-21ec-4f11-838e-a9e7bd0c2dd5,CG010,21.54,81.822,2026-03-13T08:00,PM2.5,17.9,ug/m3,open-meteo-cams
b4d231c5-21ec-4f11-838e-a9e7bd0c2dd5,CG010,21.54,81.822,2026-03-13T08:00,NO2,1.9,ug/m3,open-meteo-cams
b4d231c5-21ec-4f11-838e-a9e7bd0c2dd5,CG010,21.54,81.822,2026-03-13T08:00,SO2,17.1,ug/m3,open-meteo-cams
b4d231c5-21ec-4f11-838e-a9e7bd0c2dd5,CG010,21.54,81.822,2026-03-13T09:00,PM2.5,16.6,ug/m3,open-meteo-cams
b4d231c5-21ec-4f11-838e-a9e7bd0c2dd5,CG010,21.54,81.822,2026-03-13T09:00,NO2,1.5,ug/m3,open-meteo-cams
b4d231c5-21ec-4f11-838e-a9e7bd0c2dd5,CG010,21.54,81.822,2026-03-13T09:00,SO2,13.1,ug/m3,open-meteo-cams
b4d231c5-21ec-4f11-838e-a9e7bd0c2dd5,CG010,21.54,81.822,2026-03-13T10:00,PM2.5,15.0,ug/m3,open-meteo-cams
b4d231c5-21ec-4f11-838e-a9e7bd0c2dd5,CG010,21.54,81.822,2026-03-13T10:00,NO2,1.5,ug/m3,open-meteo-cams
b4d231c5-21ec-4f11-838e-a9e7bd0c2dd5,CG010,21.54,81.822,2026-03-13T10:00,SO2,10.8,ug/m3,open-meteo-cams
b4d231c5-21ec-4f11-838e-a9e7bd0c2dd5,CG010,21.54,81.822,2026-03-13T11:00,PM2.5,13.4,ug/m3,open-meteo-cams
b4d231c5-21ec-4f11-838e-a9e7bd0c2dd5,CG010,21.54,81.822,2026-03-13T11:00,NO2,1.9,ug/m3,open-meteo-cams
b4d231c5-21ec-4f11-838e-a9e7bd0c2dd5,CG010,21.54,81.822,2026-03-13T11:00,SO2,9.2,ug/m3,open-meteo-cams
b4d231c5-21ec-4f11-838e-a9e7bd0c2dd5,CG010,21.54,81.822,2026-03-13T12:00,PM2.5,14.1,ug/m3,open-meteo-cams
b4d231c5-21ec-4f11-838e-a9e7bd0c2dd5,CG010,21.54,81.822,2026-03-13T12:00,NO2,2.8,ug/m3,open-meteo-cams
b4d231c5-21ec-4f11-838e-a9e7bd0c2dd5,CG010,21.54,81.822,2026-03-13T12:00,SO2,8.5,ug/m3,open-meteo-cams
b4d231c5-21ec-4f11-838e-a9e7bd0c2dd5,CG010,21.54,81.822,2026-03-13T13:00,PM2.5,23.6,ug/m3,open-meteo-cams
b4d231c5-21ec-4f11-838e-a9e7bd0c2dd5,CG010,21.54,81.822,2026-03-13T13:00,NO2,4.5,ug/m3,open-meteo-cams
b4d231c5-21ec-4f11-838e-a9e7bd0c2dd5,CG010,21.54,81.822,2026-03-13T13:00,SO2,9.2,ug/m3,open-meteo-cams
b4d231c5-21ec-4f11-838e-a9e7bd0c2dd5,CG010,21.54,81.822,2026-03-13T14:00,PM2.5,30.3,ug/m3,open-meteo-cams
b4d231c5-21ec-4f11-838e-a9e7bd0c2dd5,CG010,21.54,81.822,2026-03-13T14:00,NO2,6.6,ug/m3,open-meteo-cams
b4d231c5-21ec-4f11-838e-a9e7bd0c2dd5,CG010,21.54,81.822,2026-03-13T14:00,SO2,10.9,ug/m3,open-meteo-cams
b4d231c5-21ec-4f11-838e-a9e7bd0c2dd5,CG010,21.54,81.822,2026-03-13T15:00,PM2.5,29.2,ug/m3,open-meteo-cams
b4d231c5-21ec-4f11-838e-a9e7bd0c2dd5,CG010,21.54,81.822,2026-03-13T15:00,NO2,8.0,ug/m3,open-meteo-cams
b4d231c5-21ec-4f11-838e-a9e7bd0c2dd5,CG010,21.54,81.822,2026-03-13T15:00,SO2,12.0,ug/m3,open-meteo-cams
b4d231c5-21ec-4f11-838e-a9e7bd0c2dd5,CG010,21.54,81.822,2026-03-13T16:00,PM2.5,28.8,ug/m3,open-meteo-cams
b4d231c5-21ec-4f11-838e-a9e7bd0c2dd5,CG010,21.54,81.822,2026-03-13T16:00,NO2,7.7,ug/m3,open-meteo-cams
b4d231c5-21ec-4f11-838e-a9e7bd0c2dd5,CG010,21.54,81.822,2026-03-13T16:00,SO2,11.8,ug/m3,open-meteo-cams
b4d231c5-21ec-4f11-838e-a9e7bd0c2dd5,CG010,21.54,81.822,2026-03-13T17:00,PM2.5,29.2,ug/m3,open-meteo-cams
b4d231c5-21ec-4f11-838e-a9e7bd0c2dd5,CG010,21.54,81.822,2026-03-13T17:00,NO2,6.7,ug/m3,open-meteo-cams
b4d231c5-21ec-4f11-838e-a9e7bd0c2dd5,CG010,21.54,81.822,2026-03-13T17:00,SO2,11.1,ug/m3,open-meteo-cams
b4d231c5-21ec-4f11-838e-a9e7bd0c2dd5,CG010,21.54,81.822,2026-03-13T18:00,PM2.5,31.9,ug/m3,open-meteo-cams
b4d231c5-21ec-4f11-838e-a9e7bd0c2dd5,CG010,21.54,81.822,2026-03-13T18:00,NO2,7.1,ug/m3,open-meteo-cams
b4d231c5-21ec-4f11-838e-a9e7bd0c2dd5,CG010,21.54,81.822,2026-03-13T18:00,SO2,10.6,ug/m3,open-meteo-cams
b4d231c5-21ec-4f11-838e-a9e7bd0c2dd5,CG010,21.54,81.822,2026-03-13T19:00,PM2.5,37.6,ug/m3,open-meteo-cams
b4d231c5-21ec-4f11-838e-a9e7bd0c2dd5,CG010,21.54,81.822,2026-03-13T19:00,NO2,10.1,ug/m3,open-meteo-cams
b4d231c5-21ec-4f11-838e-a9e7bd0c2dd5,CG010,21.54,81.822,2026-03-13T19:00,SO2,10.4,ug/m3,open-meteo-cams
b4d231c5-21ec-4f11-838e-a9e7bd0c2dd5,CG010,21.54,81.822,2026-03-13T20:00,PM2.5,44.9,ug/m3,open-meteo-cams
b4d231c5-21ec-4f11-838e-a9e7bd0c2dd5,CG010,21.54,81.822,2026-03-13T20:00,NO2,14.4,ug/m3,open-meteo-cams
b4d231c5-21ec-4f11-838e-a9e7bd0c2dd5,CG010,21.54,81.822,2026-03-13T20:00,SO2,10.4,ug/m3,open-meteo-cams
b4d231c5-21ec-4f11-838e-a9e7bd0c2dd5,CG010,21.54,81.822,2026-03-13T21:00,PM2.5,50.5,ug/m3,open-meteo-cams
b4d231c5-21ec-4f11-838e-a9e7bd0c2dd5,CG010,21.54,81.822,2026-03-13T21:00,NO2,18.3,ug/m3,open-meteo-cams
b4d231c5-21ec-4f11-838e-a9e7bd0c2dd5,CG010,21.54,81.822,2026-03-13T21:00,SO2,10.6,ug/m3,open-meteo-cams
b4d231c5-21ec-4f11-838e-a9e7bd0c2dd5,CG010,21.54,81.822,2026-03-13T22:00,PM2.5,56.2,ug/m3,open-meteo-cams
b4d231c5-21ec-4f11-838e-a9e7bd0c2dd5,CG010,21.54,81.822,2026-03-13T22:00,NO2,21.4,ug/m3,open-meteo-cams
b4d231c5-21ec-4f11-838e-a9e7bd0c2dd5,CG010,21.54,81.822,2026-03-13T22:00,SO2,10.9,ug/m3,open-meteo-cams
b4d231c5-21ec-4f11-838e-a9e7bd0c2dd5,CG010,21.54,81.822,2026-03-13T23:00,PM2.5,62.4,ug/m3,open-meteo-cams
b4d231c5-21ec-4f11-838e-a9e7bd0c2dd5,CG010,21.54,81.822,2026-03-13T23:00,NO2,24.0,ug/m3,open-meteo-cams
b4d231c5-21ec-4f11-838e-a9e7bd0c2dd5,CG010,21.54,81.822,2026-03-13T23:00,SO2,11.5,ug/m3,open-meteo-cams
b4d231c5-21ec-4f11-838e-a9e7bd0c2dd5,CG010,21.54,81.822,2026-03-14T00:00,PM2.5,70.1,ug/m3,open-meteo-cams
b4d231c5-21ec-4f11-838e-a9e7bd0c2dd5,CG010,21.54,81.822,2026-03-14T00:00,NO2,25.6,ug/m3,open-meteo-cams
b4d231c5-21ec-4f11-838e-a9e7bd0c2dd5,CG010,21.54,81.822,2026-03-14T00:00,SO2,12.3,ug/m3,open-meteo-cams
b4d231c5-21ec-4f11-838e-a9e7bd0c2dd5,CG010,21.54,81.822,2026-03-14T01:00,PM2.5,73.3,ug/m3,open-meteo-cams
b4d231c5-21ec-4f11-838e-a9e7bd0c2dd5,CG010,21.54,81.822,2026-03-14T01:00,NO2,26.0,ug/m3,open-meteo-cams
b4d231c5-21ec-4f11-838e-a9e7bd0c2dd5,CG010,21.54,81.822,2026-03-14T01:00,SO2,13.8,ug/m3,open-meteo-cams
b4d231c5-21ec-4f11-838e-a9e7bd0c2dd5,CG010,21.54,81.822,2026-03-14T02:00,PM2.5,63.1,ug/m3,open-meteo-cams
b4d231c5-21ec-4f11-838e-a9e7bd0c2dd5,CG010,21.54,81.822,2026-03-14T02:00,NO2,25.2,ug/m3,open-meteo-cams
b4d231c5-21ec-4f11-838e-a9e7bd0c2dd5,CG010,21.54,81.822,2026-03-14T02:00,SO2,15.7,ug/m3,open-meteo-cams
b4d231c5-21ec-4f11-838e-a9e7bd0c2dd5,CG010,21.54,81.822,2026-03-14T03:00,PM2.5,52.2,ug/m3,open-meteo-cams
b4d231c5-21ec-4f11-838e-a9e7bd0c2dd5,CG010,21.54,81.822,2026-03-14T03:00,NO2,23.2,ug/m3,open-meteo-cams
b4d231c5-21ec-4f11-838e-a9e7bd0c2dd5,CG010,21.54,81.822,2026-03-14T03:00,SO2,16.8,ug/m3,open-meteo-cams
b4d231c5-21ec-4f11-838e-a9e7bd0c2dd5,CG010,21.54,81.822,2026-03-14T04:00,PM2.5,46.8,ug/m3,open-meteo-cams
b4d231c5-21ec-4f11-838e-a9e7bd0c2dd5,CG010,21.54,81.822,2026-03-14T04:00,NO2,19.1,ug/m3,open-meteo-cams
b4d231c5-21ec-4f11-838e-a9e7bd0c2dd5,CG010,21.54,81.822,2026-03-14T04:00,SO2,16.7,ug/m3,open-meteo-cams
b4d231c5-21ec-4f11-838e-a9e7bd0c2dd5,CG010,21.54,81.822,2026-03-14T05:00,PM2.5,45.8,ug/m3,open-meteo-cams
b4d231c5-21ec-4f11-838e-a9e7bd0c2dd5,CG010,21.54,81.822,2026-03-14T05:00,NO2,13.6,ug/m3,open-meteo-cams
b4d231c5-21ec-4f11-838e-a9e7bd0c2dd5,CG010,21.54,81.822,2026-03-14T05:00,SO2,15.9,ug/m3,open-meteo-cams
b4d231c5-21ec-4f11-838e-a9e7bd0c2dd5,CG010,21.54,81.822,2026-03-14T06:00,PM2.5,41.8,ug/m3,open-meteo-cams
b4d231c5-21ec-4f11-838e-a9e7bd0c2dd5,CG010,21.54,81.822,2026-03-14T06:00,NO2,9.0,ug/m3,open-meteo-cams
b4d231c5-21ec-4f11-838e-a9e7bd0c2dd5,CG010,21.54,81.822,2026-03-14T06:00,SO2,14.5,ug/m3,open-meteo-cams
b4d231c5-21ec-4f11-838e-a9e7bd0c2dd5,CG010,21.54,81.822,2026-03-14T07:00,PM2.5,37.4,ug/m3,open-meteo-cams
b4d231c5-21ec-4f11-838e-a9e7bd0c2dd5,CG010,21.54,81.822,2026-03-14T07:00,NO2,5.8,ug/m3,open-meteo-cams
b4d231c5-21ec-4f11-838e-a9e7bd0c2dd5,CG010,21.54,81.822,2026-03-14T07:00,SO2,12.3,ug/m3,open-meteo-cams
b4d231c5-21ec-4f11-838e-a9e7bd0c2dd5,CG010,21.54,81.822,2026-03-14T08:00,PM2.5,29.2,ug/m3,open-meteo-cams
b4d231c5-21ec-4f11-838e-a9e7bd0c2dd5,CG010,21.54,81.822,2026-03-14T08:00,NO2,3.5,ug/m3,open-meteo-cams
b4d231c5-21ec-4f11-838e-a9e7bd0c2dd5,CG010,21.54,81.822,2026-03-14T08:00,SO2,9.5,ug/m3,open-meteo-cams
b4d231c5-21ec-4f11-838e-a9e7bd0c2dd5,CG010,21.54,81.822,2026-03-14T09:00,PM2.5,22.9,ug/m3,open-meteo-cams
b4d231c5-21ec-4f11-838e-a9e7bd0c2dd5,CG010,21.54,81.822,2026-03-14T09:00,NO2,2.2,ug/m3,open-meteo-cams
b4d231c5-21ec-4f11-838e-a9e7bd0c2dd5,CG010,21.54,81.822,2026-03-14T09:00,SO2,7.6,ug/m3,open-meteo-cams
b4d231c5-21ec-4f11-838e-a9e7bd0c2dd5,CG010,21.54,81.822,2026-03-14T10:00,PM2.5,21.2,ug/m3,open-meteo-cams
b4d231c5-21ec-4f11-838e-a9e7bd0c2dd5,CG010,21.54,81.822,2026-03-14T10:00,NO2,2.5,ug/m3,open-meteo-cams
b4d231c5-21ec-4f11-838e-a9e7bd0c2dd5,CG010,21.54,81.822,2026-03-14T10:00,SO2,7.0,ug/m3,open-meteo-cams
b4d231c5-21ec-4f11-838e-a9e7bd0c2dd5,CG010,21.54,81.822,2026-03-14T11:00,PM2.5,20.4,ug/m3,open-meteo-cams
b4d231c5-21ec-4f11-838e-a9e7bd0c2dd5,CG010,21.54,81.822,2026-03-14T11:00,NO2,3.9,ug/m3,open-meteo-cams
b4d231c5-21ec-4f11-838e-a9e7bd0c2dd5,CG010,21.54,81.822,2026-03-14T11:00,SO2,7.2,ug/m3,open-meteo-cams
b4d231c5-21ec-4f11-838e-a9e7bd0c2dd5,CG010,21.54,81.822,2026-03-14T12:00,PM2.5,22.9,ug/m3,open-meteo-cams
b4d231c5-21ec-4f11-838e-a9e7bd0c2dd5,CG010,21.54,81.822,2026-03-14T12:00,NO2,5.1,ug/m3,open-meteo-cams
b4d231c5-21ec-4f11-838e-a9e7bd0c2dd5,CG010,21.54,81.822,2026-03-14T12:00,SO2,7.8,ug/m3,open-meteo-cams
b4d231c5-21ec-4f11-838e-a9e7bd0c2dd5,CG010,21.54,81.822,2026-03-14T13:00,PM2.5,31.4,ug/m3,open-meteo-cams
b4d231c5-21ec-4f11-838e-a9e7bd0c2dd5,CG010,21.54,81.822,2026-03-14T13:00,NO2,5.7,ug/m3,open-meteo-cams
b4d231c5-21ec-4f11-838e-a9e7bd0c2dd5,CG010,21.54,81.822,2026-03-14T13:00,SO2,8.9,ug/m3,open-meteo-cams
b4d231c5-21ec-4f11-838e-a9e7bd0c2dd5,CG010,21.54,81.822,2026-03-14T14:00,PM2.5,33.2,ug/m3,open-meteo-cams
b4d231c5-21ec-4f11-838e-a9e7bd0c2dd5,CG010,21.54,81.822,2026-03-14T14:00,NO2,6.1,ug/m3,open-meteo-cams
b4d231c5-21ec-4f11-838e-a9e7bd0c2dd5,CG010,21.54,81.822,2026-03-14T14:00,SO2,10.4,ug/m3,open-meteo-cams
b4d231c5-21ec-4f11-838e-a9e7bd0c2dd5,CG010,21.54,81.822,2026-03-14T15:00,PM2.5,30.2,ug/m3,open-meteo-cams
b4d231c5-21ec-4f11-838e-a9e7bd0c2dd5,CG010,21.54,81.822,2026-03-14T15:00,NO2,6.3,ug/m3,open-meteo-cams
b4d231c5-21ec-4f11-838e-a9e7bd0c2dd5,CG010,21.54,81.822,2026-03-14T15:00,SO2,11.3,ug/m3,open-meteo-cams
b4d231c5-21ec-4f11-838e-a9e7bd0c2dd5,CG010,21.54,81.822,2026-03-14T16:00,PM2.5,27.9,ug/m3,open-meteo-cams
b4d231c5-21ec-4f11-838e-a9e7bd0c2dd5,CG010,21.54,81.822,2026-03-14T16:00,NO2,5.7,ug/m3,open-meteo-cams
b4d231c5-21ec-4f11-838e-a9e7bd0c2dd5,CG010,21.54,81.822,2026-03-14T16:00,SO2,11.1,ug/m3,open-meteo-cams
b4d231c5-21ec-4f11-838e-a9e7bd0c2dd5,CG010,21.54,81.822,2026-03-14T17:00,PM2.5,26.4,ug/m3,open-meteo-cams
b4d231c5-21ec-4f11-838e-a9e7bd0c2dd5,CG010,21.54,81.822,2026-03-14T17:00,NO2,4.9,ug/m3,open-meteo-cams
b4d231c5-21ec-4f11-838e-a9e7bd0c2dd5,CG010,21.54,81.822,2026-03-14T17:00,SO2,10.5,ug/m3,open-meteo-cams
b4d231c5-21ec-4f11-838e-a9e7bd0c2dd5,CG010,21.54,81.822,2026-03-14T18:00,PM2.5,27.1,ug/m3,open-meteo-cams
b4d231c5-21ec-4f11-838e-a9e7bd0c2dd5,CG010,21.54,81.822,2026-03-14T18:00,NO2,6.0,ug/m3,open-meteo-cams
b4d231c5-21ec-4f11-838e-a9e7bd0c2dd5,CG010,21.54,81.822,2026-03-14T18:00,SO2,10.1,ug/m3,open-meteo-cams
b4d231c5-21ec-4f11-838e-a9e7bd0c2dd5,CG010,21.54,81.822,2026-03-14T19:00,PM2.5,30.5,ug/m3,open-meteo-cams
b4d231c5-21ec-4f11-838e-a9e7bd0c2dd5,CG010,21.54,81.822,2026-03-14T19:00,NO2,10.6,ug/m3,open-meteo-cams
b4d231c5-21ec-4f11-838e-a9e7bd0c2dd5,CG010,21.54,81.822,2026-03-14T19:00,SO2,10.4,ug/m3,open-meteo-cams
b4d231c5-21ec-4f11-838e-a9e7bd0c2dd5,CG010,21.54,81.822,2026-03-14T20:00,PM2.5,36.1,ug/m3,open-meteo-cams
b4d231c5-21ec-4f11-838e-a9e7bd0c2dd5,CG010,21.54,81.822,2026-03-14T20:00,NO2,17.1,ug/m3,open-meteo-cams
b4d231c5-21ec-4f11-838e-a9e7bd0c2dd5,CG010,21.54,81.822,2026-03-14T20:00,SO2,11.1,ug/m3,open-meteo-cams
b4d231c5-21ec-4f11-838e-a9e7bd0c2dd5,CG010,21.54,81.822,2026-03-14T21:00,PM2.5,41.9,ug/m3,open-meteo-cams
b4d231c5-21ec-4f11-838e-a9e7bd0c2dd5,CG010,21.54,81.822,2026-03-14T21:00,NO2,22.0,ug/m3,open-meteo-cams
b4d231c5-21ec-4f11-838e-a9e7bd0c2dd5,CG010,21.54,81.822,2026-03-14T21:00,SO2,11.6,ug/m3,open-meteo-cams
b4d231c5-21ec-4f11-838e-a9e7bd0c2dd5,CG010,21.54,81.822,2026-03-14T22:00,PM2.5,47.8,ug/m3,open-meteo-cams
b4d231c5-21ec-4f11-838e-a9e7bd0c2dd5,CG010,21.54,81.822,2026-03-14T22:00,NO2,23.9,ug/m3,open-meteo-cams
b4d231c5-21ec-4f11-838e-a9e7bd0c2dd5,CG010,21.54,81.822,2026-03-14T22:00,SO2,11.7,ug/m3,open-meteo-cams
b4d231c5-21ec-4f11-838e-a9e7bd0c2dd5,CG010,21.54,81.822,2026-03-14T23:00,PM2.5,52.6,ug/m3,open-meteo-cams
b4d231c5-21ec-4f11-838e-a9e7bd0c2dd5,CG010,21.54,81.822,2026-03-14T23:00,NO2,24.3,ug/m3,open-meteo-cams
b4d231c5-21ec-4f11-838e-a9e7bd0c2dd5,CG010,21.54,81.822,2026-03-14T23:00,SO2,11.6,ug/m3,open-meteo-cams
